catalog_index,catalog_id,material_no,master_category,name,category,thickness_mm,weight_kg_m2,ra_dba,source_ref,r_63_hz,r_125_hz,r_250_hz,r_500_hz,r_1000_hz,r_2000_hz,spectrum_ok,supplier,phone,buildup,cavity_fill,laminate,glass_t1_mm,glass_cavity_mm,glass_t2_mm,rqa_dba,c_dm3_s,dna_dba,height_mm,depth_mm,length_mm,sh_mm,doorlaat_m2_m,source
0,D00118,118,Elementen,Triplex 4 mm,,4.0,4.0,11.7,IL-HR-13-01aai en w...,0.0,3.0,9.0,12.0,18.0,26.0,True,,,,,,,,,,,,,,,,,catalogusGG.pdf
1,D00119,119,Elementen,Multiplex 18 mm [1],,18.0,15.0,22.3,TPD iov VROM 1984...,15.0,18.0,21.0,23.0,23.0,24.0,True,,,,,,,,,,,,,,,,,catalogusGG.pdf
2,D00120,120,Elementen,Meubelplaat 15 mm [1],,15.0,12.0,22.1,IL-HR-13-01,10.0,15.0,20.0,24.0,27.0,25.0,True,,,,,,,,,,,,,,,,,catalogusGG.pdf
3,D00121,121,Elementen,Massief spaanplaat 4...,,40.0,32.0,27.3,IL-HR-13-01,16.0,21.0,26.0,29.0,29.0,32.0,True,,,,,,,,,,,,,,,,,catalogusGG.pdf
4,D00122,122,Elementen,Aluminium 4 mm [1],,4.0,11.0,20.0,TPD iov VROM 1984...,6.5,12.0,17.0,23.0,28.0,29.0,True,,,,,,,,,,,,,,,,,catalogusGG.pdf
5,D00123,123,Elementen,Staalplaat 1 mm [1],,1.0,8.0,18.7,TPD iov VROM 1984...,5.0,11.0,17.0,22.0,27.0,23.0,True,,,,,,,,,,,,,,,,,catalogusGG.pdf
6,D00124,124,Elementen,Staalplaat 3 mm [1],,3.0,24.0,27.1,TPD iov VROM 1984...,13.5,19.0,24.0,30.0,36.0,40.0,True,,,,,,,,,,,,,,,,,catalogusGG.pdf
7,D00125,125,Elementen,Staalplaat 0.7 mm g...,,1.0,7.0,17.1,TPD iov VROM 1984...,4.0,10.0,16.0,19.0,21.0,24.0,True,,,,,,,,,,,,,,,,,catalogusGG.pdf
8,D00126,126,Elementen,Staalplaat 1 mm gep...,,1.0,11.0,20.5,TPD iov VROM 1984...,11.0,14.0,16.0,20.0,25.0,29.0,True,,,,,,,,,,,,,,,,,catalogusGG.pdf
9,D00127,127,Elementen,Aluminium 1.5 mm g...,,2.0,4.0,7.6,TPD iov VROM 1984...,0.0,0.0,5.0,8.0,10.0,12.0,True,,,,,,,,,,,,,,,,,catalogusGG.pdf
10,D00128,128,Elementen,ME 1: Enkelvoudige s...,,0.0,100.0,37.6,Verkeerslawaai en w...,29.0,32.0,35.0,36.0,40.0,46.0,True,,,,,,,,,,,,,,,,,catalogusGG.pdf
11,D00129,129,Elementen,ME 2: Enkelvoudige s...,,0.0,200.0,40.4,Verkeerslawaai en w...,25.0,35.0,40.0,43.0,48.0,53.0,True,,,,,,,,,,,,,,,,,catalogusGG.pdf
12,D00130,130,Elementen,ME 3: Enkelvoudige s...,,0.0,400.0,46.2,Verkeerslawaai en w...,31.0,41.0,44.0,49.0,54.0,58.0,True,,,,,,,,,,,,,,,,,catalogusGG.pdf
13,D00131,131,Elementen,ME 4: Enkelvoudige s...,,0.0,600.0,48.7,Verkeerslawaai en w...,33.0,43.0,48.0,53.0,57.0,60.0,True,,,,,,,,,,,,,,,,,catalogusGG.pdf
14,D00132,132,Elementen,ME 5: Enkelvoudige s...,,0.0,115.0,41.1,Verkeerslawaai en w...,26.0,33.0,40.0,46.0,51.0,57.0,True,,,,,,,,,,,,,,,,,catalogusGG.pdf
15,D00133,133,Elementen,MS 1: Steenachtige s...,,0.0,100.0,40.6,Verkeerslawaai en w...,29.0,33.0,37.0,41.0,46.0,52.0,True,,,,,,,,,,,,,,,,,catalogusGG.pdf
16,D00134,134,Elementen,MS 2: Steenachtige s...,,0.0,200.0,42.6,Verkeerslawaai en w...,27.0,37.0,41.0,46.0,52.0,59.0,True,,,,,,,,,,,,,,,,,catalogusGG.pdf
17,D00135,135,Elementen,MS 3: Steenachtige s...,,0.0,400.0,47.0,Verkeerslawaai en w...,31.0,41.0,46.0,52.0,59.0,64.0,True,,,,,,,,,,,,,,,,,catalogusGG.pdf
18,D00136,136,Elementen,MS 4: Steenachtige s...,,0.0,600.0,49.3,Verkeerslawaai en w...,33.0,43.0,50.0,57.0,62.0,66.0,True,,,,,,,,,,,,,,,,,catalogusGG.pdf
19,D00137,137,Elementen,MS 5: Metselwerk - is...,,0.0,200.0,42.1,Verkeerslawaai en w...,26.0,36.0,42.0,47.0,53.0,60.0,True,,,,,,,,,,,,,,,,,catalogusGG.pdf
20,D00138,138,Elementen,Grindbeton 80 mm [2],,80.0,180.0,39.6,Meetrapporten,24.0,34.0,39.0,43.0,48.0,52.0,True,,,,,,,,,,,,,,,,,catalogusGG.pdf
21,D00139,139,Elementen,Grindbeton 100 mm [2],,100.0,230.0,41.3,Meetrapporten,26.0,36.0,40.0,44.0,49.0,54.0,True,,,,,,,,,,,,,,,,,catalogusGG.pdf
22,D00140,140,Elementen,Grindbeton 150 mm [2],,150.0,350.0,44.3,Meetrapporten,29.0,39.0,43.0,47.0,52.0,57.0,True,,,,,,,,,,,,,,,,,catalogusGG.pdf
23,D00141,141,Elementen,Grindbeton 200 mm [2],,200.0,460.0,45.5,Meetrapporten,30.0,40.0,44.0,49.0,54.0,58.0,True,,,,,,,,,,,,,,,,,catalogusGG.pdf
24,D00142,142,Elementen,Gasbeton. massief 9...,,90.0,75.0,30.5,Meetrapporten,20.0,25.0,30.0,30.0,32.0,37.0,True,,,,,,,,,,,,,,,,,catalogusGG.pdf
25,D00143,143,Elementen,Gasbeton. massief 1...,,150.0,120.0,34.3,Meetrapporten,29.0,30.0,30.0,32.0,37.0,45.0,True,,,,,,,,,,,,,,,,,catalogusGG.pdf
26,D00158,158,Elementen,3 resoplan/60 steenw...,,66.0,18.0,20.8,TPD iov VROM 1984...,20.8,20.9,21.0,14.8,30.3,40.9,True,,,,,,,,,,,,,,,,,catalogusGG.pdf
27,D00159,159,Elementen,4 multiplex/15 PVC s...,,23.0,5.0,19.6,TPD iov VROM 1984...,14.4,16.1,16.1,19.5,22.5,20.0,True,,,,,,,,,,,,,,,,,catalogusGG.pdf
28,D00160,160,Elementen,4 multipl./30 pvc-sch...,,38.0,7.0,19.9,TPD iov VROM 1984...,11.3,14.6,16.9,21.3,20.9,24.0,True,,,,,,,,,,,,,,,,,catalogusGG.pdf
29,D00161,161,Elementen,3 resopl./50 steenw./...,,56.0,17.0,21.5,TPD iov VROM 1984...,21.5,21.1,20.7,15.6,30.5,40.2,True,,,,,,,,,,,,,,,,,catalogusGG.pdf
30,D00162,162,Elementen,3 trespa/50 ps-schui...,,56.0,10.0,20.6,TPD iov VROM 1984...,17.6,19.1,20.2,22.2,18.5,31.2,True,,,,,,,,,,,,,,,,,catalogusGG.pdf
31,D00163,163,Elementen,4 montapl./40 ps-sch...,,48.0,7.0,21.1,TPD iov VROM 1984...,13.9,16.8,17.5,22.6,26.4,20.0,True,,,,,,,,,,,,,,,,,catalogusGG.pdf
32,D00164,164,Elementen,3 resop./60 stw. hout...,,66.0,21.0,22.7,TPD iov VROM 1984...,20.5,21.7,22.9,16.9,30.1,40.5,True,,,,,,,,,,,,,,,,,catalogusGG.pdf
33,D00165,165,Elementen,4 eflex/45 steenw./4 ...,,53.0,21.0,23.1,TPD iov VROM 1984...,22.9,22.6,22.3,17.1,37.0,44.1,True,,,,,,,,,,,,,,,,,catalogusGG.pdf
34,D00166,166,Elementen,4 montapl./50 pur-sch...,,58.0,8.0,22.2,TPD iov VROM 1984...,13.8,17.0,18.6,23.4,28.4,21.7,True,,,,,,,,,,,,,,,,,catalogusGG.pdf
35,D00167,167,Elementen,4 eflex/60 steenw./4 g...,,68.0,23.0,23.5,TPD iov VROM 1984...,26.5,23.7,19.8,18.1,35.5,46.7,True,,,,,,,,,,,,,,,,,catalogusGG.pdf
36,D00168,168,Elementen,3 trespa/80 steenw./3...,,86.0,18.0,22.7,TPD iov VROM 1984...,14.9,18.7,14.2,26.4,40.8,55.3,True,,,,,,,,,,,,,,,,,catalogusGG.pdf
37,D00169,169,Elementen,3 trespa/40 steenw./3...,,46.0,13.0,22.4,TPD iov VROM 1984...,12.4,17.7,14.2,28.3,41.6,53.8,True,,,,,,,,,,,,,,,,,catalogusGG.pdf
38,D00170,170,Elementen,3 trespa/ 40 ps-schui...,,46.0,9.0,22.3,TPD iov VROM 1984...,14.5,17.8,19.8,24.5,28.7,20.3,True,,,,,,,,,,,,,,,,,catalogusGG.pdf
39,D00171,171,Elementen,4 eflex/80 steenw./4 g...,,88.0,27.0,24.0,TPD iov VROM 1984...,24.2,24.5,24.8,17.9,32.4,43.8,True,,,,,,,,,,,,,,,,,catalogusGG.pdf
40,D00172,172,Elementen,4 montapl./40 pur-sch...,,48.0,8.0,22.6,TPD iov VROM 1984...,14.4,17.5,18.5,23.7,28.9,22.6,True,,,,,,,,,,,,,,,,,catalogusGG.pdf
41,D00173,173,Elementen,4 eflex/40 ps-schuim/...,,48.0,14.0,22.6,TPD iov VROM 1984...,17.2,20.4,23.1,26.8,20.1,43.0,True,,,,,,,,,,,,,,,,,catalogusGG.pdf
42,D00174,174,Elementen,3 trespa/60 steenw./3...,,66.0,16.0,22.5,TPD iov VROM 1984...,10.0,16.3,15.4,29.0,41.2,56.0,True,,,,,,,,,,,,,,,,,catalogusGG.pdf
43,D00175,175,Elementen,3 resopl./80 steenw./...,,86.0,20.0,24.4,TPD iov VROM 1984...,24.6,25.1,25.6,18.7,29.2,39.2,True,,,,,,,,,,,,,,,,,catalogusGG.pdf
44,D00176,176,Elementen,6 trespa/40 steenw./6...,,52.0,22.0,23.5,TPD iov VROM 1984...,15.4,21.8,14.4,34.7,42.3,53.6,True,,,,,,,,,,,,,,,,,catalogusGG.pdf
45,D00177,177,Elementen,4 eflex/50 ps-schuim/...,,58.0,15.0,23.4,TPD iov VROM 1984...,18.6,21.7,23.9,27.9,20.8,37.5,True,,,,,,,,,,,,,,,,,catalogusGG.pdf
46,D00178,178,Elementen,8 montapl./40 ps-sch...,,56.0,12.0,23.5,TPD iov VROM 1984...,17.1,20.1,21.5,26.1,25.8,22.2,True,,,,,,,,,,,,,,,,,catalogusGG.pdf
47,D00179,179,Elementen,6 trespa/40 ps-schui...,,52.0,18.0,23.9,TPD iov VROM 1984...,19.6,23.0,25.5,29.8,21.1,35.3,True,,,,,,,,,,,,,,,,,catalogusGG.pdf
48,D00180,180,Elementen,6 trespa/50 ps-schui...,,62.0,19.0,24.1,TPD iov VROM 1984...,20.2,23.1,25.1,29.0,21.3,38.7,True,,,,,,,,,,,,,,,,,catalogusGG.pdf
49,D00181,181,Elementen,3 trespa/30 pur-schui...,,36.0,10.0,24.3,TPD iov VROM 1984...,15.8,19.1,20.6,25.7,30.9,23.6,True,,,,,,,,,,,,,,,,,catalogusGG.pdf
50,D00182,182,Elementen,6 trespa/60 steenw./6...,,72.0,24.0,24.5,TPD iov VROM 1984...,13.6,20.4,16.2,34.0,44.4,54.7,True,,,,,,,,,,,,,,,,,catalogusGG.pdf
51,D00183,183,Elementen,3 trespa/50 pur-schui...,,56.0,11.0,24.8,TPD iov VROM 1984...,16.9,20.1,21.0,26.6,30.9,23.7,True,,,,,,,,,,,,,,,,,catalogusGG.pdf
52,D00184,184,Elementen,8 montapl./40 pur-sch...,,56.0,12.0,24.8,TPD iov VROM 1984...,16.6,20.1,22.0,27.1,31.6,22.9,True,,,,,,,,,,,,,,,,,catalogusGG.pdf
53,D00185,185,Elementen,3 trespa/40 pur-schui...,,46.0,10.0,24.9,TPD iov VROM 1984...,15.9,19.4,22.2,26.4,31.2,24.0,True,,,,,,,,,,,,,,,,,catalogusGG.pdf
54,D00186,186,Elementen,2 aluminium/40 steen...,,44.0,18.0,26.4,TPD iov VROM 1984...,30.8,27.5,23.1,20.9,35.8,47.7,True,,,,,,,,,,,,,,,,,catalogusGG.pdf
55,D00187,187,Elementen,8 montapl./50 pur-sch...,,66.0,13.0,25.3,TPD iov VROM 1984...,17.4,20.8,22.5,27.6,31.8,23.3,True,,,,,,,,,,,,,,,,,catalogusGG.pdf
56,D00188,188,Elementen,2*4 monta.(#)/50 pur-...,,67.0,14.0,25.7,TPD iov VROM 1984...,18.1,21.4,23.0,28.0,31.9,23.7,True,,,,,,,,,,,,,,,,,catalogusGG.pdf
57,D00189,189,Elementen,3.2 eflex/40 foamglas...,glas,46.0,19.0,26.1,TPD iov VROM 1984...,18.6,20.8,22.0,25.3,28.3,35.3,True,,,,,,,,,,,,,,,,,catalogusGG.pdf
58,D00190,190,Elementen,4 eflex/50 pur-schuim...,,58.0,16.0,25.8,TPD iov VROM 1984...,17.8,21.5,24.6,29.0,25.5,28.6,True,,,,,,,,,,,,,,,,,catalogusGG.pdf
59,D00191,191,Elementen,3.2 glasal/30 pur-sch...,glas,36.0,14.0,25.9,TPD iov VROM 1984...,16.8,20.8,24.0,28.9,33.4,23.7,True,,,,,,,,,,,,,,,,,catalogusGG.pdf
60,D00192,192,Elementen,3 trespa/50 kurk/3 tre...,,56.0,15.0,26.2,TPD iov VROM 1984...,18.6,21.7,23.7,27.9,25.6,35.5,True,,,,,,,,,,,,,,,,,catalogusGG.pdf
61,D00193,193,Elementen,4 montapl./45 kurk/4 ...,,53.0,13.0,26.1,TPD iov VROM 1984...,16.4,20.2,22.7,27.8,30.6,27.0,True,,,,,,,,,,,,,,,,,catalogusGG.pdf
62,D00194,194,Elementen,4 eflex/30 pur-schuim...,,38.0,14.0,25.9,TPD iov VROM 1984...,15.5,20.1,24.4,29.4,33.4,24.1,True,,,,,,,,,,,,,,,,,catalogusGG.pdf
63,D00195,195,Elementen,2 staal/50 steenw./2 s...,,54.0,39.0,26.9,TPD iov VROM 1984...,20.0,26.4,17.6,39.3,46.7,57.1,True,,,,,,,,,,,,,,,,,catalogusGG.pdf
64,D00196,196,Elementen,4 eflex/40 pur-schuim...,,48.0,15.0,26.4,TPD iov VROM 1984...,16.8,20.7,23.9,28.6,32.9,25.2,True,,,,,,,,,,,,,,,,,catalogusGG.pdf
65,D00197,197,Elementen,2 staal(#)/50 steenw./...,,54.0,39.0,26.8,TPD iov VROM 1984...,18.1,25.7,17.7,40.9,48.7,58.2,True,,,,,,,,,,,,,,,,,catalogusGG.pdf
66,D00198,198,Elementen,8 morgomat/40 steen...,,56.0,32.0,27.5,TPD iov VROM 1984...,24.1,25.3,19.1,27.8,42.2,51.0,True,,,,,,,,,,,,,,,,,catalogusGG.pdf
67,D00199,199,Elementen,6 trespa/40 pur-schui...,,52.0,18.0,26.7,TPD iov VROM 1984...,19.4,23.1,26.0,30.5,25.7,30.1,True,,,,,,,,,,,,,,,,,catalogusGG.pdf
68,D00200,200,Elementen,4 montapl./40 ps-sch...,,62.0,16.0,26.9,TPD iov VROM 1984...,18.9,22.2,24.5,28.8,29.3,26.8,True,,,,,,,,,,,,,,,,,catalogusGG.pdf
69,D00201,201,Elementen,16 etersp./50 steenw...,,82.0,38.0,27.4,TPD iov VROM 1984...,20.3,26.2,18.2,38.1,44.9,41.1,True,,,,,,,,,,,,,,,,,catalogusGG.pdf
70,D00202,202,Elementen,3.2 eflex/80 foamglas...,glas,86.0,23.0,26.7,TPD iov VROM 1984...,14.7,19.0,23.3,26.9,33.5,40.5,True,,,,,,,,,,,,,,,,,catalogusGG.pdf
71,D00203,203,Elementen,3.2 glasal/65 kurk/3.2...,glas,71.0,21.0,26.7,TPD iov VROM 1984...,18.6,22.5,26.2,30.3,25.1,37.1,True,,,,,,,,,,,,,,,,,catalogusGG.pdf
72,D00204,204,Elementen,3 trespa/60 geexp.kur...,,66.0,17.0,27.3,TPD iov VROM 1984...,18.9,22.2,24.9,28.8,27.7,31.6,True,,,,,,,,,,,,,,,,,catalogusGG.pdf
73,D00205,205,Elementen,4 eflex/60 kurk/4 efle...,,68.0,22.0,27.4,TPD iov VROM 1984...,20.9,23.5,25.6,28.7,26.6,35.1,True,,,,,,,,,,,,,,,,,catalogusGG.pdf
74,D00206,206,Elementen,.75 staal #/40 foamgl...,,42.0,17.0,27.6,TPD iov VROM 1984...,18.2,21.5,23.3,28.2,31.3,32.7,True,,,,,,,,,,,,,,,,,catalogusGG.pdf
75,D00207,207,Elementen,4 montapl./40 pur-sch...,,62.0,17.0,27.7,TPD iov VROM 1984...,19.4,22.8,24.5,29.6,31.4,27.5,True,,,,,,,,,,,,,,,,,catalogusGG.pdf
76,D00208,208,Elementen,2 alu. #/65 kurk/2 alu....,,69.0,20.0,27.6,TPD iov VROM 1984...,19.6,23.1,25.7,30.2,27.2,32.2,True,,,,,,,,,,,,,,,,,catalogusGG.pdf
77,D00209,209,Elementen,6 trespa/80 steenwol/...,,92.0,26.0,25.0,TPD iov VROM 1984...,9.5,17.4,22.6,33.2,48.1,58.9,True,,,,,,,,,,,,,,,,,catalogusGG.pdf
78,D00210,210,Elementen,2 alu. nat./80 foamgla...,,84.0,22.0,28.1,TPD iov VROM 1984...,19.3,21.9,24.4,27.1,31.1,36.2,True,,,,,,,,,,,,,,,,,catalogusGG.pdf
79,D00211,211,Elementen,8 montapl./50 steenw...,,66.0,15.0,21.9,TPD iov VROM 1984...,5.0,15.8,26.2,37.4,43.3,36.8,True,,,,,,,,,,,,,,,,,catalogusGG.pdf
80,D00212,212,Elementen,4 eflex/50 kurk/4 glas...,glas,58.0,21.0,27.7,TPD iov VROM 1984...,20.1,23.5,26.5,30.3,26.4,38.7,True,,,,,,,,,,,,,,,,,catalogusGG.pdf
81,D00213,213,Elementen,3 trespa/40 geexp.kur...,,46.0,15.0,28.0,TPD iov VROM 1984...,19.8,22.8,24.1,28.8,32.4,28.6,True,,,,,,,,,,,,,,,,,catalogusGG.pdf
82,D00214,214,Elementen,6 trespa/30 pur-schui...,,42.0,18.0,27.7,TPD iov VROM 1984...,19.0,23.0,26.5,31.0,35.0,25.1,True,,,,,,,,,,,,,,,,,catalogusGG.pdf
83,D00215,215,Elementen,9.5 gi.ka.p./40 foamgl...,,59.0,20.0,28.1,TPD iov VROM 1984...,20.7,23.4,24.9,28.9,28.5,35.4,True,,,,,,,,,,,,,,,,,catalogusGG.pdf
84,D00216,216,Elementen,2 alu. nat./40 foamgla...,,42.0,17.0,28.2,TPD iov VROM 1984...,19.4,22.5,23.9,28.7,31.5,32.4,True,,,,,,,,,,,,,,,,,catalogusGG.pdf
85,D00217,217,Elementen,2*4 montapl.#/50 ste...,,66.0,15.0,20.8,TPD iov VROM 1984...,3.6,15.6,27.2,39.6,46.3,44.8,True,,,,,,,,,,,,,,,,,catalogusGG.pdf
86,D00218,218,Elementen,4 eflex/40 kurk/4 glas...,glas,48.0,18.0,28.0,TPD iov VROM 1984...,18.4,22.3,24.6,30.1,33.2,28.0,True,,,,,,,,,,,,,,,,,catalogusGG.pdf
87,D00219,219,Elementen,0.75 staal#/80 foamgl...,,82.0,22.0,28.4,TPD iov VROM 1984...,19.1,22.0,23.8,27.9,32.6,38.6,True,,,,,,,,,,,,,,,,,catalogusGG.pdf
88,D00220,220,Elementen,4 montapl./50 pur-sch...,,72.0,18.0,28.2,TPD iov VROM 1984...,19.8,23.2,25.5,30.0,31.2,28.4,True,,,,,,,,,,,,,,,,,catalogusGG.pdf
89,D00221,221,Elementen,9.5 gi.ka.p./80 foamgl...,,99.0,25.0,28.7,TPD iov VROM 1984...,20.6,22.8,25.0,26.7,32.4,39.9,True,,,,,,,,,,,,,,,,,catalogusGG.pdf
90,D00222,222,Elementen,6 trespa/50 pur-schui...,,62.0,19.0,28.3,TPD iov VROM 1984...,20.8,24.1,26.7,30.8,31.9,26.6,True,,,,,,,,,,,,,,,,,catalogusGG.pdf
91,D00223,223,Elementen,6 trespa/50 geexp.kur...,,62.0,22.0,28.4,TPD iov VROM 1984...,22.3,25.1,27.7,30.7,26.5,45.1,True,,,,,,,,,,,,,,,,,catalogusGG.pdf
92,D00224,224,Elementen,8 montapl./45 kurk/8 ...,,61.0,18.0,28.3,TPD iov VROM 1984...,19.2,22.9,25.5,30.3,31.0,29.2,True,,,,,,,,,,,,,,,,,catalogusGG.pdf
93,D00225,225,Elementen,2*4 montapl.#/45 kur...,,61.0,19.0,28.3,TPD iov VROM 1984...,19.2,23.0,25.9,30.6,28.9,32.2,True,,,,,,,,,,,,,,,,,catalogusGG.pdf
94,D00226,226,Elementen,6 trespa/60 geexp.kur...,,72.0,26.0,29.1,TPD iov VROM 1984...,22.2,25.3,28.2,31.5,27.5,43.5,True,,,,,,,,,,,,,,,,,catalogusGG.pdf
95,D00227,227,Elementen,6 trespa/40 geexp.kur...,,52.0,22.0,29.4,TPD iov VROM 1984...,21.9,25.1,26.7,31.6,29.4,33.2,True,,,,,,,,,,,,,,,,,catalogusGG.pdf
96,D00228,228,Elementen,3.2 eflex#/80 foamgla...,,87.0,32.0,29.6,TPD iov VROM 1984...,19.7,22.9,26.1,28.3,34.3,40.2,True,,,,,,,,,,,,,,,,,catalogusGG.pdf
97,D00229,229,Elementen,2*4 monta.#/50 pur-s...,,72.0,21.0,29.4,TPD iov VROM 1984...,20.9,24.3,26.9,31.1,32.5,29.5,True,,,,,,,,,,,,,,,,,catalogusGG.pdf
98,D00230,230,Elementen,3.2 eflex#/40 foamgla...,,47.0,26.0,29.7,TPD iov VROM 1984...,19.7,23.2,25.9,30.3,32.7,36.8,True,,,,,,,,,,,,,,,,,catalogusGG.pdf
99,D00231,231,Elementen,4 montapl./45 kurk/18...,,67.0,22.0,29.8,TPD iov VROM 1984...,20.4,24.2,27.2,31.8,31.6,32.4,True,,,,,,,,,,,,,,,,,catalogusGG.pdf
100,D00232,232,Elementen,1 sendz.v.st./80 f.g./1...,,82.0,27.0,30.2,TPD iov VROM 1984...,20.5,23.9,26.4,30.7,32.6,38.3,True,,,,,,,,,,,,,,,,,catalogusGG.pdf
101,D00233,233,Elementen,1 sendz.v.st./40 f.g./1...,,42.0,23.0,30.9,TPD iov VROM 1984...,21.5,24.7,26.2,31.1,35.0,36.8,True,,,,,,,,,,,,,,,,,catalogusGG.pdf
102,D00234,234,Elementen,2 staalpl.#/65 kurk/2 ...,,69.0,39.0,31.1,TPD iov VROM 1984...,25.3,28.6,31.9,33.6,28.8,53.6,True,,,,,,,,,,,,,,,,,catalogusGG.pdf
103,D00235,235,Elementen,6 eflex/40 foamglas/6...,glas,52.0,30.0,31.3,TPD iov VROM 1984...,21.6,25.1,27.3,32.2,34.5,36.3,True,,,,,,,,,,,,,,,,,catalogusGG.pdf
104,D00236,236,Elementen,8 morgomat/40 pur-s...,,56.0,25.0,31.6,TPD iov VROM 1984...,29.3,30.9,31.4,34.1,29.1,46.7,True,,,,,,,,,,,,,,,,,catalogusGG.pdf
105,D00237,237,Elementen,6 eflex/80 foamglas/6...,glas,92.0,35.0,32.2,TPD iov VROM 1984...,26.9,27.9,28.8,29.9,34.2,40.0,True,,,,,,,,,,,,,,,,,catalogusGG.pdf
106,D00238,238,Elementen,10 monta.#/50 pur-sc...,,70.0,32.0,31.2,TPD iov VROM 1984...,21.2,26.3,31.4,36.1,31.1,33.1,True,,,,,,,,,,,,,,,,,catalogusGG.pdf
107,D00239,239,Elementen,2 staalp.#/30 pur-sch...,,34.0,33.0,32.3,TPD iov VROM 1984...,23.9,27.3,30.4,34.2,31.6,49.3,True,,,,,,,,,,,,,,,,,catalogusGG.pdf
108,D00240,240,Elementen,3 eternit#/12 lucht/5 e...,,29.0,27.0,31.1,TPD iov VROM 1984...,16.9,23.3,29.7,32.7,41.1,43.0,True,,,,,,,,,,,,,,,,,catalogusGG.pdf
109,D00241,241,Elementen,10 monta.#/50 pur-sc...,,70.0,34.0,32.5,TPD iov VROM 1984...,22.6,27.0,31.4,34.4,32.5,40.1,True,,,,,,,,,,,,,,,,,catalogusGG.pdf
110,D00242,242,Elementen,10 montapl.#/45 kurk/...,,65.0,37.0,32.8,TPD iov VROM 1984...,24.4,28.2,32.0,34.8,31.6,46.3,True,,,,,,,,,,,,,,,,,catalogusGG.pdf
111,D00243,243,Elementen,10 montapl.#/45 kurk...,,65.0,37.0,33.1,TPD iov VROM 1984...,25.0,28.5,32.0,35.1,31.9,46.5,True,,,,,,,,,,,,,,,,,catalogusGG.pdf
112,D00244,244,Elementen,8 morgomat/30 pur-s...,,46.0,23.0,33.8,TPD iov VROM 1984...,27.9,30.4,31.5,35.4,37.9,32.0,True,,,,,,,,,,,,,,,,,catalogusGG.pdf
113,D00245,245,Elementen,8 morgomat/40 kurk/8...,,56.0,26.0,34.1,TPD iov VROM 1984...,31.0,32.0,31.9,34.1,32.9,47.4,True,,,,,,,,,,,,,,,,,catalogusGG.pdf
114,D00246,246,Elementen,10 monta.#/50 steen...,,70.0,33.0,20.0,TPD iov VROM 1984...,2.2,21.0,39.8,44.8,51.1,42.2,True,,,,,,,,,,,,,,,,,catalogusGG.pdf
115,D00247,247,Elementen,2 sendz.v.st.#/40 f.g./...,,44.0,38.0,34.2,TPD iov VROM 1984...,24.5,27.8,29.2,34.5,39.1,41.7,True,,,,,,,,,,,,,,,,,catalogusGG.pdf
116,D00248,248,Elementen,3 eternit#/12 lucht/5 e...,,69.0,28.0,32.0,TPD iov VROM 1984...,17.0,23.9,30.8,37.1,44.3,44.5,True,,,,,,,,,,,,,,,,,catalogusGG.pdf
117,D00249,249,Elementen,2 sendz.v.st./40 f.g./2...,,44.0,37.0,34.9,TPD iov VROM 1984...,25.5,28.8,30.2,35.5,38.4,40.9,True,,,,,,,,,,,,,,,,,catalogusGG.pdf
118,D00250,250,Elementen,2 sendz.v.st#/80 f.g./...,,84.0,42.0,35.3,TPD iov VROM 1984...,26.3,29.0,30.6,34.5,40.0,45.3,True,,,,,,,,,,,,,,,,,catalogusGG.pdf
119,D00251,251,Elementen,10 montap.#/50 steen...,,70.0,33.0,25.7,TPD iov VROM 1984...,8.2,23.5,38.8,42.8,47.5,35.9,True,,,,,,,,,,,,,,,,,catalogusGG.pdf
120,D00252,252,Elementen,2 sendz.v.st./80 f.g./2...,,84.0,42.0,35.4,TPD iov VROM 1984...,25.3,28.8,31.7,35.9,38.2,43.1,True,,,,,,,,,,,,,,,,,catalogusGG.pdf
121,D00253,253,Elementen,5 eternit#/12 lucht/5 e...,,22.0,22.0,32.9,TPD iov VROM 1984...,16.5,25.8,35.1,44.5,48.4,47.7,True,,,,,,,,,,,,,,,,,catalogusGG.pdf
122,D00254,254,Elementen,5 eternit #/12 lucht/9 ...,,26.0,23.0,34.7,TPD iov VROM 1984...,18.6,27.3,34.6,44.7,49.6,48.3,True,,,,,,,,,,,,,,,,,catalogusGG.pdf
123,D00255,255,Elementen,Dak:50 wol/gesloten ...,,150.0,25.0,34.0,TPD iov DGMR 1983...,19.0,26.5,30.5,41.5,49.5,58.0,True,,,,,,,,,,,,,,,,,catalogusGG.pdf
124,D00256,256,Elementen,Dak:50 wol/geperf 10...,,150.0,25.0,29.9,TPD iov DGMR 1983...,19.8,23.5,24.5,31.0,34.0,54.0,True,,,,,,,,,,,,,,,,,catalogusGG.pdf
125,D00257,257,Elementen,Dak:50 PS/geperf 10...,,150.0,25.0,27.1,TPD iov DGMR 1983...,26.5,25.5,23.0,23.5,30.0,45.0,True,,,,,,,,,,,,,,,,,catalogusGG.pdf
126,D00258,258,Elementen,Dak:50 PS/geperf 12...,,150.0,25.0,25.5,TPD iov DGMR 1983...,28.3,26.0,22.0,21.5,28.0,41.0,True,,,,,,,,,,,,,,,,,catalogusGG.pdf
127,D00259,259,Elementen,Dak:50 PS/geperf 12...,,150.0,25.0,27.7,TPD iov DGMR 1983...,27.3,26.0,24.0,23.5,31.5,44.0,True,,,,,,,,,,,,,,,,,catalogusGG.pdf
128,D00260,260,Elementen,Dubbele st.gevel.RT9...,,0.0,21.0,23.3,Thyssen Bausystem...,6.5,17.0,25.0,38.0,43.0,43.0,True,,,,,,,,,,,,,,,,,catalogusGG.pdf
129,D00261,261,Elementen,Dubbele st.gevel.RT1...,,0.0,32.0,17.8,Thyssen Bausystem...,0.0,17.0,34.0,42.0,43.0,45.0,True,,,,,,,,,,,,,,,,,catalogusGG.pdf
130,D00262,262,Elementen,Dubbele st.gevel.RTL...,,0.0,18.0,21.0,Thyssen Bausystem...,7.0,13.0,17.0,25.0,37.0,39.0,True,,,,,,,,,,,,,,,,,catalogusGG.pdf
131,D00263,263,Elementen,Dubbele st.gevel.bi.pl...,,170.0,0.0,20.8,SAB profiel Ysselstei...,5.0,13.0,20.5,29.0,35.0,37.5,True,,,,,,,,,,,,,,,,,catalogusGG.pdf
132,D00264,264,Elementen,Dubbele st.gevel.BR...,,85.0,0.0,20.4,SAB profiel Ysselstei...,6.5,12.5,18.5,23.5,28.0,27.0,True,,,,,,,,,,,,,,,,,catalogusGG.pdf
133,D00290,290,Elementen,Uitz-tuimel type B2. g...,,0.0,0.0,23.2,TNO/TPD 5-4-1983 ...,17.5,19.0,20.0,22.0,24.0,32.0,True,,,,,,,,,,,,,,,,,catalogusGG.pdf
134,D00295,295,Elementen,Plat dak DP1: hout e...,,0.0,0.0,21.7,Verkeerslawaai en w...,7.0,16.0,25.0,26.0,24.0,30.0,True,,,,,,,,,,,,,,,,,catalogusGG.pdf
135,D00296,296,Elementen,Plat dak DP2: hout/is...,,0.0,0.0,27.0,Verkeerslawaai en w...,15.0,21.0,27.0,27.0,29.0,34.0,True,,,,,,,,,,,,,,,,,catalogusGG.pdf
136,D00297,297,Elementen,Plat dak DP3: hout/is...,,0.0,0.0,29.3,Verkeerslawaai en w...,18.5,22.0,24.0,29.0,39.0,47.0,True,,,,,,,,,,,,,,,,,catalogusGG.pdf
137,D00298,298,Elementen,Plat dak DP4: hout/is...,,0.0,0.0,32.3,Verkeerslawaai en w...,21.5,25.0,27.0,32.0,42.0,50.0,True,,,,,,,,,,,,,,,,,catalogusGG.pdf
138,D00299,299,Elementen,Plat dak DP5: beton(...,,0.0,225.0,41.2,Verkeerslawaai en w...,26.0,36.0,39.0,44.0,50.0,55.0,True,,,,,,,,,,,,,,,,,catalogusGG.pdf
139,D00300,300,Elementen,Plat dak DP6: lichtbet...,,0.0,100.0,38.2,Verkeerslawaai en w...,31.0,33.0,35.0,36.0,41.0,47.0,True,,,,,,,,,,,,,,,,,catalogusGG.pdf
140,D00301,301,Elementen,Plat dak DP7: lichtbet...,,0.0,200.0,40.1,Verkeerslawaai en w...,25.0,35.0,38.0,42.0,48.0,53.0,True,,,,,,,,,,,,,,,,,catalogusGG.pdf
141,D00302,302,Elementen,Pannendak DH1: kier...,,0.0,0.0,26.1,Verkeerslawaai en w...,17.0,20.0,20.0,26.0,33.0,40.0,True,,,,,,,,,,,,,,,,,catalogusGG.pdf
142,D00303,303,Elementen,Pannendak DH2:geis...,,0.0,0.0,26.4,Verkeerslawaai en w...,16.0,20.0,20.0,28.0,34.0,40.0,True,,,,,,,,,,,,,,,,,catalogusGG.pdf
143,D00304,304,Elementen,Pannendak DH3: gei...,,0.0,0.0,25.2,Verkeerslawaai en w...,11.0,17.0,22.0,29.0,38.0,42.0,True,,,,,,,,,,,,,,,,,catalogusGG.pdf
144,D00305,305,Elementen,Pannendak DH4: dak...,,0.0,0.0,28.4,Verkeerslawaai en w...,13.0,21.0,26.0,37.0,40.0,44.0,True,,,,,,,,,,,,,,,,,catalogusGG.pdf
145,D00306,306,Elementen,Pannendak DH5a: da...,,0.0,0.0,19.4,Verkeerslawaai en w...,2.0,15.0,28.0,38.0,43.0,46.0,True,,,,,,,,,,,,,,,,,catalogusGG.pdf
146,D00307,307,Elementen,Pannendak DH5b: da...,,0.0,0.0,25.7,Verkeerslawaai en w...,9.0,19.0,29.0,38.0,43.0,46.0,True,,,,,,,,,,,,,,,,,catalogusGG.pdf
147,D00308,308,Elementen,Pannendak DH5c: da...,,0.0,0.0,32.1,Verkeerslawaai en w...,17.0,24.0,31.0,38.0,43.0,46.0,True,,,,,,,,,,,,,,,,,catalogusGG.pdf
148,D00309,309,Elementen,Pannendak DH6a: ze...,,0.0,0.0,24.9,Verkeerslawaai en w...,9.5,17.0,23.0,32.0,41.0,47.0,True,,,,,,,,,,,,,,,,,catalogusGG.pdf
149,D00310,310,Elementen,Pannendak DH6b: ze...,,0.0,0.0,25.7,Verkeerslawaai en w...,9.0,19.0,29.0,38.0,43.0,47.0,True,,,,,,,,,,,,,,,,,catalogusGG.pdf
150,D00311,311,Elementen,Pannendak DH7a:gei...,,0.0,0.0,31.0,Verkeerslawaai en w...,18.5,24.0,25.0,35.0,41.0,44.0,True,,,,,,,,,,,,,,,,,catalogusGG.pdf
151,D00312,312,Elementen,Pannendak DH7b:gei...,,0.0,0.0,31.9,Verkeerslawaai en w...,16.0,25.0,30.0,43.0,49.0,52.0,True,,,,,,,,,,,,,,,,,catalogusGG.pdf
152,D00313,313,Elementen,Pannendak DH8-b: b...,,0.0,0.0,33.9,Verkeerslawaai en w...,18.0,27.0,32.0,45.0,51.0,54.0,True,,,,,,,,,,,,,,,,,catalogusGG.pdf
153,D00314,314,Elementen,Pannendak DH9a:ga...,,0.0,80.0,34.6,Verkeerslawaai en w...,23.5,27.0,30.0,34.0,44.0,50.0,True,,,,,,,,,,,,,,,,,catalogusGG.pdf
154,D00315,315,Elementen,Pannendak DH9b:ga...,,0.0,150.0,36.5,Verkeerslawaai en w...,21.0,31.0,34.0,40.0,50.0,58.0,True,,,,,,,,,,,,,,,,,catalogusGG.pdf
155,D00316,316,Elementen,Pannendak DH9c:ga...,,0.0,200.0,40.4,Verkeerslawaai en w...,25.0,35.0,38.0,43.0,51.0,58.0,True,,,,,,,,,,,,,,,,,catalogusGG.pdf
156,D00317,317,Elementen,Pannendak DH10:gri...,,0.0,225.0,40.8,Verkeerslawaai en w...,25.0,35.0,39.0,45.0,53.0,58.0,True,,,,,,,,,,,,,,,,,catalogusGG.pdf
157,D00370,370,Elementen,Faay type VP 54 sch...,,54.0,32.0,34.0,Lichtveld en Buis 38....,26.0,29.0,31.5,35.0,35.7,36.0,True,Faay Vianen BV,0347 376624,,,,,,,,,,,,,,,catalogusGG.pdf
158,D00371,371,Elementen,Faay type IW 100 sc...,,100.0,52.0,31.6,Lichtveld en Buis 38....,15.2,24.7,34.2,41.0,44.1,46.1,True,Faay Vianen BV,0347 376624,,,,,,,,,,,,,,,catalogusGG.pdf
159,D00372,372,Elementen,Faay type IW 148 sc...,,148.0,64.0,36.3,Lichtveld en Buis 38....,20.9,30.3,31.9,49.1,51.0,55.1,True,Faay Vianen BV,0347 376624,,,,,,,,,,,,,,,catalogusGG.pdf
160,D00380,380,Elementen,Metalstud MS 100 1...,,100.0,32.0,39.9,KUL Lab Akoest. 1-9...,23.4,33.4,43.4,51.0,57.5,47.2,True,,,,,,,,,,,,,,,,,catalogusGG.pdf
161,D00382,382,Elementen,BP1: enkelvoudig pa...,,0.0,10.0,22.9,Verkeerslawaai en w...,10.0,15.0,20.0,25.0,30.0,30.0,True,,,,,,,,,,,,,,,,,catalogusGG.pdf
162,D00383,383,Elementen,BP2a: Sandw wol150...,,50.0,20.0,22.9,Verkeerslawaai en w...,24.0,23.0,22.0,17.0,33.0,43.0,True,,,,,,,,,,,,,,,,,catalogusGG.pdf
163,D00384,384,Elementen,BP2b: Sandw wol100...,,50.0,20.0,22.9,Verkeerslawaai en w...,15.0,20.0,14.0,30.0,41.0,50.0,True,,,,,,,,,,,,,,,,,catalogusGG.pdf
164,D00385,385,Elementen,BP2c: Sandw PS-pl+...,,50.0,20.0,25.9,Verkeerslawaai en w...,18.0,22.0,26.0,30.0,24.0,37.0,True,,,,,,,,,,,,,,,,,catalogusGG.pdf
165,D00386,386,Elementen,BP2d: Sandw PUR-s...,,45.0,20.0,27.2,Verkeerslawaai en w...,18.0,22.0,26.0,30.0,31.0,26.0,True,,,,,,,,,,,,,,,,,catalogusGG.pdf
166,D00387,387,Elementen,BP2e: Sandw kurkpl+...,,65.0,20.0,27.3,Verkeerslawaai en w...,18.0,22.0,26.0,29.0,27.0,35.0,True,,,,,,,,,,,,,,,,,catalogusGG.pdf
167,D00388,388,Elementen,BP2f: Sandw schuim...,,45.0,20.0,27.1,Verkeerslawaai en w...,16.0,20.0,24.0,27.0,31.0,36.0,True,,,,,,,,,,,,,,,,,catalogusGG.pdf
168,D00389,389,Elementen,BP3a: Lichte spwkon...,,70.0,20.0,21.7,Verkeerslawaai en w...,5.0,15.0,25.0,35.0,41.0,44.0,True,,,,,,,,,,,,,,,,,catalogusGG.pdf
169,D00390,390,Elementen,BP3b: Spouwkonstr.+...,,0.0,30.0,25.3,Verkeerslawaai en w...,9.0,18.0,27.0,35.0,41.0,44.0,True,,,,,,,,,,,,,,,,,catalogusGG.pdf
170,D00391,391,Elementen,BP3c: Spouwkonstr.+...,,160.0,40.0,28.2,Verkeerslawaai en w...,12.0,21.0,30.0,37.0,41.0,44.0,True,,,,,,,,,,,,,,,,,catalogusGG.pdf
171,D00392,392,Elementen,BP4: Spwkonstr zwar...,,170.0,55.0,31.6,Verkeerslawaai en w...,15.0,25.0,35.0,40.0,45.0,50.0,True,,,,,,,,,,,,,,,,,catalogusGG.pdf
172,D00393,393,Elementen,BP5: Spouwkonstr.+w...,,170.0,55.0,33.0,Verkeerslawaai en w...,16.0,27.0,38.0,45.0,50.0,50.0,True,,,,,,,,,,,,,,,,,catalogusGG.pdf
173,D00394,394,Elementen,DP8: plafond verend ...,,0.0,0.0,36.2,Verkeerslawaai en w...,22.0,28.0,34.0,38.0,48.0,52.0,True,,,,,,,,,,,,,,,,,catalogusGG.pdf
174,D00427,427,Elementen,Poroton isol.steen.nie...,,132.0,156.0,33.8,TPD 906.430 juli 1979,18.9,28.9,31.5,36.0,40.7,47.5,True,,,,,,,,,,,,,,,,,catalogusGG.pdf
175,D00428,428,Elementen,Poroton isol.steen.af...,,152.0,185.0,37.3,TPD 906.430 juli 1979,24.1,34.1,34.1,35.9,44.4,50.4,True,,,,,,,,,,,,,,,,,catalogusGG.pdf
176,D00429,429,Elementen,Siporex-wand 125 m...,,125.0,77.0,33.4,dokumentatie Siporex,25.0,27.0,29.0,31.0,40.0,47.0,True,,,,,,,,,,,,,,,,,catalogusGG.pdf
177,D00430,430,Elementen,Siporex-wand 150 m...,,150.0,93.0,35.7,dokumentatie Siporex,28.0,30.0,30.0,34.0,42.0,50.0,True,,,,,,,,,,,,,,,,,catalogusGG.pdf
178,D00431,431,Elementen,Siporex-wand 200 m...,,200.0,108.0,37.7,dokumentatie Siporex,25.5,30.0,33.0,39.0,47.0,53.0,True,,,,,,,,,,,,,,,,,catalogusGG.pdf
179,D00439,439,Elementen,Bruynzeel 2001-46dB...,,95.0,26.0,29.0,TPD rapport 120.204...,11.4,26.8,42.2,52.3,43.2,49.1,True,Bruynzeel Intersyste...,0165 526526,,,,,,,,,,,,,,,catalogusGG.pdf
180,D00440,440,Elementen,Bruynzeel 2001-49dB...,,95.0,26.0,27.5,TPD rapport 120.204...,9.8,25.6,41.4,52.9,50.4,49.3,True,Bruynzeel Intersyste...,0165 526526,,,,,,,,,,,,,,,catalogusGG.pdf
181,D00441,441,Elementen,Bruynzeel type VA-30...,,97.0,30.0,23.8,TPD rapp. 320.360-...,7.1,17.0,26.6,36.9,47.4,44.7,True,Bruynzeel Intersyste...,0165 526526,,,,,,,,,,,,,,,catalogusGG.pdf
182,D00442,442,Elementen,Bruynzeel type VA 30...,,97.0,31.0,16.9,TPD rapp. 320.360-...,-0.9,17.5,35.9,46.5,50.6,50.8,True,Bruynzeel Intersyste...,0165 526526,,,,,,,,,,,,,,,catalogusGG.pdf
183,D00443,443,Elementen,Bruynzeel type VA 30...,,97.0,32.0,19.3,TPD rapp. 320.360-...,1.4,20.6,39.8,49.3,52.4,52.2,True,Bruynzeel Intersyste...,0165 526526,,,,,,,,,,,,,,,catalogusGG.pdf
184,D00444,444,Elementen,Bruynzeel type VA 30...,,97.0,35.0,23.8,TPD rapp. 320.360-...,6.0,24.3,42.6,49.8,52.2,54.4,True,Bruynzeel Intersyste...,0165 526526,,,,,,,,,,,,,,,catalogusGG.pdf
185,D00445,445,Elementen,Bruynzeel type VA 31...,,97.0,38.0,25.0,TPD 320.360-N. jan ...,7.1,26.0,44.9,51.1,53.5,55.4,True,Bruynzeel Intersyste...,0165 526526,,,,,,,,,,,,,,,catalogusGG.pdf
186,D00446,446,Elementen,Hauserman type P 61...,,59.0,24.0,24.1,Peutz rapp. A 134-1. ...,6.7,19.8,32.9,40.7,41.6,51.4,True,,,,,,,,,,,,,,,,,catalogusGG.pdf
187,D00447,447,Elementen,Hauserman type P 86...,,80.0,28.0,25.3,I.f.Bauph. rapp. 263/...,7.8,22.0,36.2,43.5,50.6,50.4,True,,,,,,,,,,,,,,,,,catalogusGG.pdf
188,D00448,448,Elementen,Hauserman type P 82...,,83.0,27.0,33.9,I.f.Bauph. rapp. 469/...,16.8,28.2,39.6,46.2,51.2,52.9,True,,,,,,,,,,,,,,,,,catalogusGG.pdf
189,D00449,449,Elementen,Hauserman type P 86...,,80.0,28.0,27.8,I.f.Bauph. rapp. 463/...,10.2,24.9,39.6,43.9,49.1,55.0,True,,,,,,,,,,,,,,,,,catalogusGG.pdf
190,D00466,466,Elementen,Pannendak DH8-c:ba...,,0.0,0.0,36.9,Verkeerslawaai en w...,21.0,30.0,35.0,48.0,54.0,57.0,True,,,,,,,,,,,,,,,,,catalogusGG.pdf
191,D00467,467,Elementen,Pannendak DH8-a:ba...,,0.0,0.0,30.9,Verkeerslawaai en w...,15.0,24.0,29.0,42.0,48.0,51.0,True,,,,,,,,,,,,,,,,,catalogusGG.pdf
192,D00470,470,Elementen,Pannendak DH1-b. ki...,,0.0,0.0,20.9,Verkeerslawaai woni...,16.0,17.0,15.0,19.0,26.0,30.0,True,,,,,,,,,,,,,,,,,catalogusGG.pdf
193,D00506,506,Elementen,18 multiplex-40 minw...,,76.0,0.0,26.6,TPD-rapport 712.00...,12.0,20.0,28.0,34.0,31.0,30.0,True,,,,,,,,,,,,,,,,,catalogusGG.pdf
194,D00525,525,Elementen,Massief houten deur [1],,40.0,0.0,28.0,rapportener Fraunho...,18.4,22.2,26.0,28.8,29.3,33.2,True,,,,,,,,,,,,,,,,,catalogusGG.pdf
195,D00527,527,Elementen,Kalkzandsteenblokke...,,74.0,140.0,33.6,TNO rapport B 483-2...,33.0,32.0,28.0,30.0,40.0,44.0,True,,,,,,,,,,,,,,,,,catalogusGG.pdf
196,D00528,528,Elementen,Kalkzandsteenblokke...,,86.0,155.0,35.2,TNO rapport B 398-2...,19.5,29.5,34.0,43.0,41.5,57.0,True,,,,,,,,,,,,,,,,,catalogusGG.pdf
197,D00529,529,Elementen,Kalkzandsteenblokke...,,52.0,95.0,35.6,Peutz rapport A 294-...,31.0,33.0,35.0,32.0,37.0,47.0,True,,,,,,,,,,,,,,,,,catalogusGG.pdf
198,D00548,548,Elementen,Brakel All-in-wall 60 ...,,60.0,21.0,19.1,TPD rapp 507.107 o...,1.3,18.2,35.1,44.6,46.8,52.0,True,Brakel Interieurgroep,035-6213944,,,,,,,,,,,,,,,catalogusGG.pdf
199,D00549,549,Elementen,Brakel All-in-wall 90 ...,,90.0,21.0,24.6,TPD rapp 507.107 o...,7.1,20.9,34.7,45.6,53.3,58.9,True,Brakel Interieurgroep,035-6213944,,,,,,,,,,,,,,,catalogusGG.pdf
200,D00591,591,Elementen,Binnendeur Std. ZO7...,,40.0,0.0,25.7,v.Dorsser '83 rap.2809,18.5,22.0,25.0,29.0,26.0,26.0,True,,,,,,,,,,,,,,,,,catalogusGG.pdf
201,D00592,592,Elementen,Binnendeur 35dB ZO...,,40.0,0.0,27.4,v.Dorsser '83 rap.2809,19.0,23.0,27.0,30.0,28.0,28.0,True,,,,,,,,,,,,,,,,,catalogusGG.pdf
202,D00593,593,Elementen,Binnendeur 42dB1 Z...,,40.0,0.0,30.8,v.Dorsser '83 rap.2809,17.5,23.0,27.0,34.0,39.0,40.0,True,,,,,,,,,,,,,,,,,catalogusGG.pdf
203,D00594,594,Elementen,Binnendeur 42dB2 Z...,,40.0,0.0,30.9,v.Dorsser '83 rap.2809,18.0,24.0,26.0,36.0,38.0,39.0,True,,,,,,,,,,,,,,,,,catalogusGG.pdf
204,D00595,595,Elementen,Multipanel 6-4-6 Bruy...,,16.0,8.0,28.3,v.Dorsser '87 rap.66...,17.9,21.5,23.9,28.8,32.9,36.0,True,,,,,,,,,,,,,,,,,catalogusGG.pdf
205,D00596,596,Elementen,Multipanel 7-7-7 Bruy...,,20.0,10.0,30.1,v.Dorsser '87 rap.61...,20.8,23.6,25.6,29.3,34.7,38.3,True,,,,,,,,,,,,,,,,,catalogusGG.pdf
206,D00597,597,Elementen,Multipanel 6-4-6 Bruy...,,17.0,5.0,29.5,v.Dorsser '87 rap.61...,21.0,23.7,24.6,29.1,33.5,36.4,True,,,,,,,,,,,,,,,,,catalogusGG.pdf
207,D00598,598,Elementen,Multipanel 7-8-7 Bruy...,,21.0,24.0,33.2,v.Dorsser '87 rap.61...,24.4,27.1,28.5,32.5,37.5,40.6,True,,,,,,,,,,,,,,,,,catalogusGG.pdf
208,D00599,599,Elementen,Norm+ sandwichpane...,,0.0,23.0,29.3,TNO/TPD '87 rap.72...,17.3,22.2,27.1,31.2,35.7,31.0,True,Fabriek van Plaatwe...,0180-441800,,,,,,,,,,,,,,,catalogusGG.pdf
209,D00600,600,Elementen,Norm+ sandwichp. ra...,,0.0,23.0,29.2,TNO/TPD '87 rap.72...,16.4,22.1,27.8,31.6,35.9,31.5,True,,,,,,,,,,,,,,,,,catalogusGG.pdf
210,D00601,601,Elementen,Dakelement Unilin/Is...,,0.0,13.0,24.1,BCA '90 rap.15324,6.7,19.9,33.1,40.1,42.2,44.2,True,,,,,,,,,,,,,,,,,catalogusGG.pdf
211,D00618,618,Elementen,Kz 100 mm wand [2],,100.0,195.0,35.4,PeutzAssocies '89 ra...,21.2,31.2,32.2,37.8,40.9,42.5,True,,,,,,,,,,,,,,,,,catalogusGG.pdf
212,D00619,619,Elementen,Kz 100 mm.1 zijde ge...,,100.0,195.0,37.8,PeutzAssocies '89 ra...,23.5,34.3,33.5,39.2,46.1,49.7,True,,,,,,,,,,,,,,,,,catalogusGG.pdf
213,D00620,620,Elementen,Kz 100 mm.2 zijden g...,,100.0,195.0,38.0,PeutzAssocies '89 ra...,23.6,34.5,33.6,39.7,46.9,50.3,True,,,,,,,,,,,,,,,,,catalogusGG.pdf
214,D00621,621,Elementen,Kz 100 mm.2xgevuld....,,100.0,195.0,37.1,PeutzAssocies '89 ra...,22.5,33.6,32.5,39.7,46.3,49.6,True,,,,,,,,,,,,,,,,,catalogusGG.pdf
215,D00622,622,Elementen,Kz 100 mm.2xgevuld....,,100.0,195.0,37.8,PeutzAssocies '89 ra...,23.3,34.4,33.3,40.1,46.6,49.6,True,,,,,,,,,,,,,,,,,catalogusGG.pdf
216,D00623,623,Elementen,Kz 100 mm.2xvul+fil...,,100.0,195.0,38.3,PeutzAssocies '89 ra...,23.8,34.4,33.8,40.3,47.5,53.4,True,,,,,,,,,,,,,,,,,catalogusGG.pdf
217,D00624,624,Elementen,Kz 230 mm.2x filmlaa...,,230.0,445.0,47.8,PeutzAssocies '89 ra...,31.9,41.9,46.7,53.0,58.6,65.6,True,,,,,,,,,,,,,,,,,catalogusGG.pdf
218,D00625,625,Elementen,Kz 240 mm.2x filmlaa...,,240.0,460.0,46.8,PeutzAssocies '89 ra...,30.6,40.6,47.0,52.6,58.7,65.9,True,,,,,,,,,,,,,,,,,catalogusGG.pdf
219,D00626,626,Elementen,Kz 265 mm.2x filmlaa...,,265.0,510.0,47.7,PeutzAssocies '89 ra...,31.6,41.6,47.6,53.3,58.6,65.8,True,,,,,,,,,,,,,,,,,catalogusGG.pdf
220,D00627,627,Elementen,Kz 300 mm.2x filmlaa...,,300.0,575.0,48.9,PeutzAssocies '89 ra...,32.8,42.8,48.6,54.9,60.5,67.2,True,,,,,,,,,,,,,,,,,catalogusGG.pdf
221,D00656,656,Elementen,Dakelement 50kg/m2 ...,,128.0,50.0,38.6,TNO/TPD '85 rap. 51...,21.5,33.0,44.0,56.0,63.0,70.0,True,,,,,,,,,,,,,,,,,catalogusGG.pdf
222,D00660,660,Elementen,Betonvloer 110 mm [2],,110.0,999.0,41.9,TPD feb'85 rap. 418....,25.8,35.8,43.2,46.2,51.5,57.3,True,,,,,,,,,,,,,,,,,catalogusGG.pdf
223,D00661,661,Elementen,Betonvloer +zwevend...,,170.0,999.0,50.9,TPD feb'85 rap. 418....,34.5,44.5,51.1,58.9,67.0,74.9,True,,,,,,,,,,,,,,,,,catalogusGG.pdf
224,D00664,664,Elementen,Litonit scheidingswan...,,0.0,17.0,25.5,PeutzAssocies '84 ra...,8.0,22.0,36.0,45.0,48.0,52.0,True,,,,,,,,,,,,,,,,,catalogusGG.pdf
225,D00665,665,Elementen,Litonit + Akoestifoam ...,,0.0,17.0,46.0,PeutzAssocies '84 ra...,29.0,40.0,50.0,62.0,68.0,70.0,True,,,,,,,,,,,,,,,,,catalogusGG.pdf
226,D00666,666,Elementen,Kalkzandsteenwand ...,,220.0,999.0,48.4,PeutzAssocies '85 ra...,33.0,43.0,45.0,53.0,60.0,67.0,True,,,,,,,,,,,,,,,,,catalogusGG.pdf
227,D00667,667,Elementen,Kzsteenwand + 1gips...,,363.0,999.0,55.9,PeutzAssocies '85 ra...,39.0,49.0,62.0,73.0,83.0,92.0,True,,,,,,,,,,,,,,,,,catalogusGG.pdf
228,D00668,668,Elementen,Kzsteenwand + 2gips...,,375.0,999.0,64.6,PeutzAssocies '85 ra...,48.0,58.0,66.0,74.0,84.0,91.0,True,,,,,,,,,,,,,,,,,catalogusGG.pdf
229,D00669,669,Elementen,Houten vloer [1],,170.0,23.0,23.6,TPD juli'86 rap.518.0...,11.5,16.0,20.0,25.0,29.0,32.0,True,,,,,,,,,,,,,,,,,catalogusGG.pdf
230,D00670,670,Elementen,Houten vloer+zweven...,,237.0,50.0,36.9,TPD juli'86 rap.518.0...,20.0,31.0,40.0,53.0,58.0,64.0,True,,,,,,,,,,,,,,,,,catalogusGG.pdf
231,D00671,671,Elementen,Houten vl+zw.vloer+p...,,0.0,100.0,44.0,TPD juli'86 rap.518.0...,27.5,37.0,45.0,56.0,65.0,72.0,True,,,,,,,,,,,,,,,,,catalogusGG.pdf
232,D00672,672,Elementen,Houten vl+zw.vloer fe...,,0.0,100.0,47.6,TPD juli'86 rap.518.0...,31.5,40.0,48.0,57.0,64.0,71.0,True,,,,,,,,,,,,,,,,,catalogusGG.pdf
233,D00694,694,Elementen,Betonwand 160 mm e...,,160.0,368.0,43.0,Geluidwering in woni...,27.0,37.0,41.0,50.0,59.0,66.0,True,,,,,,,,,,,,,,,,,catalogusGG.pdf
234,D00695,695,Elementen,Betonwand 180 mm e...,,180.0,414.0,43.4,Geluidwering in woni...,27.0,37.0,43.0,52.0,61.0,68.0,True,,,,,,,,,,,,,,,,,catalogusGG.pdf
235,D00696,696,Elementen,Betonwand 200 mm e...,,200.0,460.0,44.5,Geluidwering in woni...,28.0,38.0,45.0,54.0,62.0,69.0,True,,,,,,,,,,,,,,,,,catalogusGG.pdf
236,D00697,697,Elementen,Betonwand 220 mm e...,,220.0,506.0,45.7,Geluidwering in woni...,29.0,39.0,48.0,57.0,64.0,71.0,True,,,,,,,,,,,,,,,,,catalogusGG.pdf
237,D00698,698,Elementen,Betonwand 230 mm e...,,230.0,529.0,45.7,Geluidwering in woni...,29.0,39.0,48.0,57.0,64.0,71.0,True,,,,,,,,,,,,,,,,,catalogusGG.pdf
238,D00699,699,Elementen,Betonwand 240 mm e...,,240.0,552.0,46.6,Geluidwering in woni...,30.0,40.0,49.0,57.0,65.0,72.0,True,,,,,,,,,,,,,,,,,catalogusGG.pdf
239,D00700,700,Elementen,Betonwand 260 mm e...,,260.0,598.0,47.6,Geluidwering in woni...,31.0,41.0,50.0,58.0,66.0,73.0,True,,,,,,,,,,,,,,,,,catalogusGG.pdf
240,D00701,701,Elementen,Kz-steenwand 200 m...,,200.0,350.0,42.8,Geluidwering in woni...,27.0,37.0,40.0,50.0,58.0,65.0,True,,,,,,,,,,,,,,,,,catalogusGG.pdf
241,D00702,702,Elementen,Kz-steenwand 214 m...,,214.0,375.0,43.0,Geluidwering in woni...,27.0,37.0,41.0,51.0,59.0,66.0,True,,,,,,,,,,,,,,,,,catalogusGG.pdf
242,D00703,703,Elementen,Kz-steenwand 240 m...,,240.0,420.0,44.2,Geluidwering in woni...,28.0,38.0,43.0,53.0,61.0,68.0,True,,,,,,,,,,,,,,,,,catalogusGG.pdf
243,D00704,704,Elementen,Kz-steenwand 260 m...,,260.0,455.0,44.5,Geluidwering in woni...,28.0,38.0,45.0,54.0,62.0,69.0,True,,,,,,,,,,,,,,,,,catalogusGG.pdf
244,D00705,705,Elementen,Kz-steenwand 265 m...,,265.0,470.0,44.5,Geluidwering in woni...,28.0,38.0,45.0,54.0,62.0,69.0,True,,,,,,,,,,,,,,,,,catalogusGG.pdf
245,D00706,706,Elementen,Kz-steenwand 300 m...,,300.0,525.0,45.6,Geluidwering in woni...,29.0,39.0,48.0,56.0,64.0,71.0,True,,,,,,,,,,,,,,,,,catalogusGG.pdf
246,D00707,707,Elementen,Kz-steenwand 327 m...,,327.0,572.0,46.7,Geluidwering in woni...,30.0,40.0,49.0,58.0,65.0,72.0,True,,,,,,,,,,,,,,,,,catalogusGG.pdf
247,D00708,708,Elementen,Kz 100-30-100 ontk. ...,,230.0,351.0,53.0,Geluidwering in woni...,38.0,50.0,48.0,56.0,81.0,98.0,True,,,,,,,,,,,,,,,,,catalogusGG.pdf
248,D00709,709,Elementen,Kz 100-30-100 rand s...,,230.0,351.0,49.5,Geluidwering in woni...,35.0,46.0,45.0,51.0,61.0,70.0,True,,,,,,,,,,,,,,,,,catalogusGG.pdf
249,D00710,710,Elementen,Kz 120-50-120 ontk. ...,,290.0,420.0,57.9,Geluidwering in woni...,42.0,52.0,55.0,65.0,89.0,99.9,True,,,,,,,,,,,,,,,,,catalogusGG.pdf
250,D00711,711,Elementen,Kz 120-50-120 rand s...,,290.0,420.0,50.3,Geluidwering in woni...,35.0,45.0,47.0,54.0,63.0,71.0,True,,,,,,,,,,,,,,,,,catalogusGG.pdf
251,D00712,712,Elementen,Kz 100-50-100 iso/on...,,250.0,351.0,59.0,Geluidwering in woni...,44.0,56.0,54.0,62.0,87.0,99.0,True,,,,,,,,,,,,,,,,,catalogusGG.pdf
252,D00713,713,Elementen,Kz 100-50-100 iso/20...,,250.0,351.0,55.5,Geluidwering in woni...,40.0,50.0,52.0,60.0,79.0,93.0,True,,,,,,,,,,,,,,,,,catalogusGG.pdf
253,D00714,714,Elementen,Kz 100-50-100 iso/40...,,250.0,351.0,55.5,Geluidwering in woni...,40.0,50.0,52.0,60.0,79.0,93.0,True,,,,,,,,,,,,,,,,,catalogusGG.pdf
254,D00715,715,Elementen,Beton 80-30-80 ontk. ...,,190.0,368.0,50.9,Geluidwering in woni...,36.0,46.0,46.0,55.0,80.0,98.0,True,,,,,,,,,,,,,,,,,catalogusGG.pdf
255,D00716,716,Elementen,Beton 80-30-80 rand ...,,190.0,368.0,48.6,Geluidwering in woni...,34.0,44.0,44.0,51.0,61.0,69.0,True,,,,,,,,,,,,,,,,,catalogusGG.pdf
256,D00717,717,Elementen,Wand 2x2gips/wol 10...,,0.0,17.0,54.6,Geluidwering in woni...,38.0,48.0,58.0,66.0,66.0,68.0,True,,,,,,,,,,,,,,,,,catalogusGG.pdf
257,D00718,718,Elementen,Wand 2x1gips/wol 20...,,0.0,17.0,49.3,Geluidwering in woni...,32.5,43.0,52.0,64.0,80.0,84.0,True,,,,,,,,,,,,,,,,,catalogusGG.pdf
258,D00719,719,Elementen,Wand 2x1gips/wol 25...,,0.0,17.0,48.2,Geluidwering in woni...,31.0,43.0,53.0,67.0,79.0,85.0,True,,,,,,,,,,,,,,,,,catalogusGG.pdf
259,D00720,720,Elementen,Wand 2x1gips/wol 30...,,0.0,17.0,52.8,Geluidwering in woni...,35.5,48.0,60.0,73.0,82.0,86.0,True,,,,,,,,,,,,,,,,,catalogusGG.pdf
260,D00721,721,Elementen,Betonvloer 150 mm [2],,150.0,402.0,46.2,Geluidwering in woni...,31.0,41.0,42.0,52.0,60.0,67.0,True,,,,,,,,,,,,,,,,,catalogusGG.pdf
261,D00722,722,Elementen,Betonvloer 180 mm [2],,180.0,471.0,47.2,Geluidwering in woni...,31.0,41.0,46.0,55.0,63.0,70.0,True,,,,,,,,,,,,,,,,,catalogusGG.pdf
262,D00723,723,Elementen,Betonvloer 200 mm [2],,200.0,517.0,48.2,Geluidwering in woni...,32.0,42.0,47.0,56.0,64.0,71.0,True,,,,,,,,,,,,,,,,,catalogusGG.pdf
263,D00724,724,Elementen,Betonvloer 220 mm [2],,220.0,563.0,48.5,Geluidwering in woni...,32.0,42.0,49.0,58.0,65.0,72.0,True,,,,,,,,,,,,,,,,,catalogusGG.pdf
264,D00725,725,Elementen,Betonvloer 280 mm [2],,280.0,701.0,51.5,Geluidwering in woni...,35.0,45.0,53.0,61.0,68.0,75.0,True,,,,,,,,,,,,,,,,,catalogusGG.pdf
265,D00726,726,Elementen,Betonvloer 300 mm [2],,300.0,747.0,52.5,Geluidwering in woni...,36.0,46.0,54.0,62.0,69.0,76.0,True,,,,,,,,,,,,,,,,,catalogusGG.pdf
266,D00727,727,Elementen,Lichte wand beton 70...,,70.0,161.0,35.7,Geluidwering in woni...,22.0,35.0,32.0,34.0,44.0,53.0,True,,,,,,,,,,,,,,,,,catalogusGG.pdf
267,D00728,728,Elementen,Lichte wand beton 10...,,100.0,230.0,38.7,Geluidwering in woni...,24.0,35.0,34.0,41.0,51.0,59.0,True,,,,,,,,,,,,,,,,,catalogusGG.pdf
268,D00729,729,Elementen,Lichte wand beton 12...,,120.0,276.0,40.8,Geluidwering in woni...,26.0,36.0,36.0,45.0,54.0,62.0,True,,,,,,,,,,,,,,,,,catalogusGG.pdf
269,D00730,730,Elementen,Lichte wand beton 14...,,140.0,322.0,41.6,Geluidwering in woni...,26.0,36.0,38.0,48.0,56.0,64.0,True,,,,,,,,,,,,,,,,,catalogusGG.pdf
270,D00731,731,Elementen,Lichte wand kz 70 m...,,70.0,123.0,37.0,Geluidwering in woni...,36.0,35.0,34.0,33.0,40.0,50.0,True,,,,,,,,,,,,,,,,,catalogusGG.pdf
271,D00732,732,Elementen,Lichte wand kz 100 ...,,100.0,175.0,37.6,Geluidwering in woni...,24.0,35.0,34.0,36.0,47.0,55.0,True,,,,,,,,,,,,,,,,,catalogusGG.pdf
272,D00733,733,Elementen,Lichte wand kz 120 ...,,120.0,210.0,38.5,Geluidwering in woni...,24.0,35.0,34.0,40.0,50.0,58.0,True,,,,,,,,,,,,,,,,,catalogusGG.pdf
273,D00734,734,Elementen,Gasbetonwand 70 m...,,70.0,56.0,29.9,Geluidwering in woni...,25.0,29.0,33.0,31.0,28.0,35.0,True,,,,,,,,,,,,,,,,,catalogusGG.pdf
274,D00735,735,Elementen,Gasbetonwand 100 ...,,100.0,80.0,32.2,Geluidwering in woni...,30.0,32.0,34.0,29.0,32.0,41.0,True,,,,,,,,,,,,,,,,,catalogusGG.pdf
275,D00736,736,Elementen,Gasbetonwand 140 ...,,140.0,112.0,34.3,Geluidwering in woni...,34.0,33.0,32.0,30.0,37.0,46.0,True,,,,,,,,,,,,,,,,,catalogusGG.pdf
276,D00737,737,Elementen,Gasbetonwand 160 ...,,160.0,128.0,35.5,Geluidwering in woni...,35.0,34.0,31.0,32.0,39.0,47.0,True,,,,,,,,,,,,,,,,,catalogusGG.pdf
277,D00738,738,Elementen,Gasbetonwand 200 ...,,200.0,160.0,35.8,Geluidwering in woni...,22.0,34.0,32.0,35.0,43.0,51.0,True,,,,,,,,,,,,,,,,,catalogusGG.pdf
278,D00739,739,Elementen,Gipsblokwand 70 mm...,,70.0,67.0,30.1,Geluidwering in woni...,29.0,29.0,29.0,26.0,32.0,41.0,True,,,,,,,,,,,,,,,,,catalogusGG.pdf
279,D00740,740,Elementen,Gipsblokwand 100 m...,,100.0,96.0,32.7,Geluidwering in woni...,30.5,30.0,28.0,29.0,38.0,47.0,True,,,,,,,,,,,,,,,,,catalogusGG.pdf
280,D00741,741,Elementen,Gipsblokwand 140 m...,,140.0,134.0,35.6,Geluidwering in woni...,27.5,30.0,29.0,35.0,44.0,52.0,True,,,,,,,,,,,,,,,,,catalogusGG.pdf
281,D00742,742,Elementen,Wand 2x1/sp.50 mm/...,,0.0,17.0,23.2,Geluidwering in woni...,8.0,15.0,22.0,29.0,35.0,40.0,True,,,,,,,,,,,,,,,,,catalogusGG.pdf
282,D00743,743,Elementen,Wand 2x1/wol50 mm/...,,0.0,17.0,26.9,Geluidwering in woni...,10.5,20.0,27.0,39.0,47.0,51.0,True,,,,,,,,,,,,,,,,,catalogusGG.pdf
283,D00744,744,Elementen,Wand 2x1/sp.50 mm/...,,0.0,17.0,26.6,Geluidwering in woni...,14.0,19.0,22.0,29.0,35.0,40.0,True,,,,,,,,,,,,,,,,,catalogusGG.pdf
284,D00745,745,Elementen,Wand 2x1/wol50 mm/...,,0.0,17.0,28.5,Geluidwering in woni...,13.0,21.0,26.0,37.0,44.0,48.0,True,,,,,,,,,,,,,,,,,catalogusGG.pdf
285,D00746,746,Elementen,Wand 2x1/sp.50 mm/...,,0.0,17.0,23.2,Geluidwering in woni...,8.0,15.0,22.0,29.0,35.0,40.0,True,,,,,,,,,,,,,,,,,catalogusGG.pdf
286,D00747,747,Elementen,Wand 2x1/wol50 mm/...,,0.0,17.0,25.6,Geluidwering in woni...,9.0,19.0,27.0,39.0,47.0,54.0,True,,,,,,,,,,,,,,,,,catalogusGG.pdf
287,D00748,748,Elementen,Wand 2x2/wol50 mm/...,,0.0,17.0,31.2,Geluidwering in woni...,14.0,26.0,38.0,48.0,56.0,66.0,True,,,,,,,,,,,,,,,,,catalogusGG.pdf
288,D00749,749,Elementen,Wand 2x2/sp.100 mm...,,0.0,17.0,33.2,Geluidwering in woni...,16.0,28.0,39.0,52.0,64.0,77.0,True,,,,,,,,,,,,,,,,,catalogusGG.pdf
289,D00750,750,Elementen,Wand 2x2/wol100 m...,,0.0,17.0,33.4,Geluidwering in woni...,16.0,29.0,42.0,55.0,68.0,81.0,True,,,,,,,,,,,,,,,,,catalogusGG.pdf
290,D00751,751,Elementen,Wand 2x2/wol100 m...,,0.0,17.0,31.7,Geluidwering in woni...,14.0,30.0,46.0,57.0,69.0,80.0,True,,,,,,,,,,,,,,,,,catalogusGG.pdf
291,D00752,752,Elementen,Betonvloer 130 mm [2],,130.0,356.0,45.4,Geluidwering in woni...,30.0,40.0,42.0,50.0,58.0,66.0,True,,,,,,,,,,,,,,,,,catalogusGG.pdf
292,D00753,753,Elementen,Betonvloer 170 mm [2],,170.0,448.0,46.8,Geluidwering in woni...,31.0,41.0,44.0,54.0,61.0,68.0,True,,,,,,,,,,,,,,,,,catalogusGG.pdf
293,D00754,754,Elementen,Betonvloer 190 mm [2],,190.0,494.0,48.0,Geluidwering in woni...,32.0,42.0,46.0,55.0,63.0,70.0,True,,,,,,,,,,,,,,,,,catalogusGG.pdf
294,D00755,755,Elementen,Betonvloer 210 mm [2],,210.0,540.0,48.3,Geluidwering in woni...,32.0,42.0,48.0,56.0,64.0,71.0,True,,,,,,,,,,,,,,,,,catalogusGG.pdf
295,D00756,756,Elementen,Houten vloer balklaa...,,0.0,0.0,20.7,Geluidwering in woni...,17.0,18.0,15.0,20.0,23.0,28.0,True,,,,,,,,,,,,,,,,,catalogusGG.pdf
296,D00757,757,Elementen,Houten vl.balklaag+pl...,,0.0,0.0,26.0,Geluidwering in woni...,10.5,18.0,25.0,33.0,38.0,42.0,True,,,,,,,,,,,,,,,,,catalogusGG.pdf
297,D00758,758,Elementen,Vloer 340 mm b= 600...,,340.0,200.0,35.5,Geluidwering in woni...,24.0,34.0,34.0,34.0,39.0,39.0,True,,,,,,,,,,,,,,,,,catalogusGG.pdf
298,D00759,759,Elementen,Vloer 350 mm b= 600...,,350.0,285.0,39.3,Geluidwering in woni...,26.0,36.0,38.0,38.0,43.0,53.0,True,,,,,,,,,,,,,,,,,catalogusGG.pdf
299,D00760,760,Elementen,Vloer 380 mm b= 600...,,380.0,350.0,42.2,Geluidwering in woni...,26.0,36.0,42.0,52.0,51.0,59.0,True,,,,,,,,,,,,,,,,,catalogusGG.pdf
300,D00761,761,Elementen,Vloer 340 mm b=120...,,340.0,150.0,34.0,Geluidwering in woni...,21.0,32.0,31.0,33.0,38.0,48.0,True,,,,,,,,,,,,,,,,,catalogusGG.pdf
301,D00762,762,Elementen,Vloer 350 mm b=120...,,350.0,200.0,36.2,Geluidwering in woni...,23.0,33.0,33.0,35.0,42.0,52.0,True,,,,,,,,,,,,,,,,,catalogusGG.pdf
302,D00763,763,Elementen,Vloer 380 mm b=120...,,380.0,260.0,38.3,Geluidwering in woni...,23.0,33.0,36.0,40.0,50.0,58.0,True,,,,,,,,,,,,,,,,,catalogusGG.pdf
303,D00764,764,Elementen,Combinatievloer 200 ...,,200.0,180.0,35.9,Geluidwering in woni...,23.0,33.0,33.0,34.0,42.0,51.0,True,,,,,,,,,,,,,,,,,catalogusGG.pdf
304,D00765,765,Elementen,Gasbetonvloer 200 m...,,200.0,230.0,38.9,Geluidwering in woni...,24.0,34.0,35.0,43.0,47.0,55.0,True,,,,,,,,,,,,,,,,,catalogusGG.pdf
305,D00766,766,Elementen,Lichtbeton vloer 200 ...,,200.0,290.0,41.2,Geluidwering in woni...,26.0,36.0,37.0,47.0,52.0,60.0,True,,,,,,,,,,,,,,,,,catalogusGG.pdf
306,D00767,767,Elementen,Honingraat/2x hardbo...,,83.0,11.0,9.1,Geluidwering in woni...,0.0,1.0,8.0,9.0,11.0,19.0,True,,,,,,,,,,,,,,,,,catalogusGG.pdf
307,D00768,768,Elementen,Honingraat/2x triplex ...,,87.0,10.0,10.5,Geluidwering in woni...,2.5,5.0,6.0,10.0,13.0,22.0,True,,,,,,,,,,,,,,,,,catalogusGG.pdf
308,D00770,770,Elementen,Honingraat/2x gipska...,,85.0,29.0,22.8,Geluidwering in woni...,9.5,15.0,20.0,26.0,29.0,30.0,True,,,,,,,,,,,,,,,,,catalogusGG.pdf
309,D00771,771,Elementen,Honingraat/2xtriplex+...,,64.0,33.0,30.2,Geluidwering in woni...,16.0,22.0,27.0,34.0,41.0,47.0,True,,,,,,,,,,,,,,,,,catalogusGG.pdf
310,D00773,773,Elementen,PS schuim/2x staal s...,,62.0,22.0,10.7,Geluidwering in woni...,-7.0,10.0,27.0,25.0,30.0,35.0,True,,,,,,,,,,,,,,,,,catalogusGG.pdf
311,D00774,774,Elementen,PS schuim/2x gipskar...,,79.0,26.0,21.8,Geluidwering in woni...,12.0,17.0,22.0,20.0,25.0,24.0,True,,,,,,,,,,,,,,,,,catalogusGG.pdf
312,D00775,775,Elementen,PS schuim/2x hardbo...,,68.0,13.0,19.7,Geluidwering in woni...,10.0,15.0,20.0,24.0,26.0,17.0,True,,,,,,,,,,,,,,,,,catalogusGG.pdf
313,D00776,776,Elementen,PUR schuim/2x gipsk...,,49.0,21.0,24.2,Geluidwering in woni...,12.0,17.0,22.0,23.0,30.0,41.0,True,,,,,,,,,,,,,,,,,catalogusGG.pdf
314,D00777,777,Elementen,PUR schuim/2x alumi...,,32.0,6.0,16.8,Geluidwering in woni...,4.0,10.0,16.0,18.0,20.0,24.0,True,,,,,,,,,,,,,,,,,catalogusGG.pdf
315,D00779,779,Elementen,Steenwol/2x staal sa...,,64.0,16.0,26.4,Geluidwering in woni...,9.0,22.0,35.0,40.0,48.0,54.0,True,,,,,,,,,,,,,,,,,catalogusGG.pdf
316,D00780,780,Elementen,Buitendeur 38 mm [1],,38.0,27.0,29.6,Geluidwering in woni...,19.0,24.0,29.0,30.0,31.0,34.0,True,,,,,,,,,,,,,,,,,catalogusGG.pdf
317,D00781,781,Elementen,Buitendeur 38.4-6-4.k...,,38.0,27.0,30.4,Geluidwering in woni...,23.0,25.0,27.0,28.0,34.0,38.0,True,,,,,,,,,,,,,,,,,catalogusGG.pdf
318,D00782,782,Elementen,Buitendeur 38.4-6-4....,,38.0,25.0,28.3,Geluidwering in woni...,23.5,24.0,24.0,25.0,34.0,37.0,True,,,,,,,,,,,,,,,,,catalogusGG.pdf
319,D00783,783,Elementen,Buitendeur 38.4-12-8...,,38.0,30.0,29.9,Geluidwering in woni...,16.0,23.0,30.0,31.0,35.0,37.0,True,,,,,,,,,,,,,,,,,catalogusGG.pdf
320,D00784,784,Elementen,Buitendeur 38.4-12-8...,,38.0,31.0,31.9,Geluidwering in woni...,21.0,25.0,28.0,33.0,36.0,39.0,True,,,,,,,,,,,,,,,,,catalogusGG.pdf
321,D00785,785,Elementen,Buitendeur 54 mm [1],,54.0,40.0,32.4,Geluidwering in woni...,23.0,27.0,31.0,31.0,34.0,40.0,True,,,,,,,,,,,,,,,,,catalogusGG.pdf
322,D00786,786,Elementen,Buitendeur 54.4-6-4.k...,,54.0,35.0,29.8,Geluidwering in woni...,24.0,25.0,26.0,27.0,34.0,38.0,True,,,,,,,,,,,,,,,,,catalogusGG.pdf
323,D00787,787,Elementen,Buitendeur 54.4-6-4....,,54.0,31.0,28.5,Geluidwering in woni...,25.0,25.0,24.0,25.0,34.0,37.0,True,,,,,,,,,,,,,,,,,catalogusGG.pdf
324,D00788,788,Elementen,Buitendeur 54.4-12-8...,,54.0,43.0,33.8,Geluidwering in woni...,23.0,27.0,31.0,35.0,37.0,38.0,True,,,,,,,,,,,,,,,,,catalogusGG.pdf
325,D00789,789,Elementen,Buitendeur 54.4-12-8...,,54.0,42.0,33.8,Geluidwering in woni...,22.0,27.0,32.0,35.0,39.0,36.0,True,,,,,,,,,,,,,,,,,catalogusGG.pdf
326,D00790,790,Elementen,Betonsteenwand 190 ...,,413.0,190.0,42.6,MPA NRW feb'92 rap...,27.0,37.0,40.1,47.0,55.9,63.4,True,,,,,,,,,,,,,,,,,catalogusGG.pdf
327,D00791,791,Elementen,Betonsteenwand 100 ...,,220.0,100.0,41.2,PeutzAssocies '83 ra...,29.2,33.9,38.6,42.9,46.3,45.0,True,MBI,0413-349400,,,,,,,,,,,,,,,catalogusGG.pdf
328,D00792,792,Elementen,Fermacell 1S15 geen...,,0.0,17.0,31.4,PeutzAssocies '89 ra...,16.9,24.0,30.3,38.2,43.0,33.7,True,,,,,,,,,,,,,,,,,catalogusGG.pdf
329,D00793,793,Elementen,Fermacell 1S15 1x kit...,,0.0,17.0,32.6,PeutzAssocies '89 ra...,16.5,25.1,33.0,42.3,51.4,49.1,True,,,,,,,,,,,,,,,,,catalogusGG.pdf
330,D00794,794,Elementen,Fermacell 1S11 geen...,,0.0,17.0,37.4,PeutzAssocies '89 ra...,24.3,31.6,37.2,46.2,49.9,35.6,True,,,,,,,,,,,,,,,,,catalogusGG.pdf
331,D00795,795,Elementen,Fermacell 1S11 1x kit...,,0.0,17.0,40.1,PeutzAssocies '89 ra...,24.8,32.3,37.7,47.4,58.1,55.3,True,,,,,,,,,,,,,,,,,catalogusGG.pdf
332,D00796,796,Elementen,Fermacell 1S11 2x kit...,,0.0,17.0,41.3,PeutzAssocies '89 ra...,26.4,33.5,37.8,47.7,60.6,62.7,True,,,,,,,,,,,,,,,,,catalogusGG.pdf
333,D00797,797,Elementen,Fermacell 1S115 1x k...,,0.0,17.0,36.1,PeutzAssocies '89 ra...,19.7,29.7,35.7,49.8,58.0,56.1,True,,,,,,,,,,,,,,,,,catalogusGG.pdf
334,D00798,798,Elementen,Fermacell 1S11 100 ...,,0.0,17.0,35.2,PeutzAssocies '89 ra...,18.5,28.8,39.1,49.4,49.8,48.5,True,,,,,,,,,,,,,,,,,catalogusGG.pdf
335,D00799,799,Elementen,Fermacell 1S11 100 ...,,0.0,17.0,36.6,PeutzAssocies '89 ra...,20.0,29.7,38.1,49.1,59.0,59.6,True,,,,,,,,,,,,,,,,,catalogusGG.pdf
336,D00800,800,Elementen,Fermacell 1S/H32 2x...,,0.0,17.0,37.1,PeutzAssocies '89 ra...,19.6,33.7,47.8,57.9,64.0,64.8,True,,,,,,,,,,,,,,,,,catalogusGG.pdf
337,D00995,995,Elementen,Houten vloer planken...,,0.0,0.0,19.3,KUL '89 rap.89/14/2,15.8,16.6,13.8,18.2,22.0,24.6,True,,,,,,,,,,,,,,,,,catalogusGG.pdf
338,D00996,996,Elementen,Houten vloer multiple...,,0.0,0.0,27.5,KUL '89 rap.89/14/2,21.1,23.5,24.6,28.4,27.8,31.1,True,,,,,,,,,,,,,,,,,catalogusGG.pdf
339,D00997,997,Elementen,Houten vl. planken+t...,,0.0,0.0,20.6,KUL '89 rap.89/14/2,16.4,17.7,16.3,20.4,21.3,26.9,True,,,,,,,,,,,,,,,,,catalogusGG.pdf
340,D00998,998,Elementen,Houten vl. multipl+tap...,,0.0,0.0,26.0,KUL '89 rap.89/14/2,20.8,22.9,25.0,27.0,24.8,31.9,True,,,,,,,,,,,,,,,,,catalogusGG.pdf
341,D00999,999,Elementen,Houten vl+rockwool+...,,0.0,0.0,28.4,KUL '89 rap.89/14/2,12.4,20.9,28.2,38.0,44.9,55.8,True,,,,,,,,,,,,,,,,,catalogusGG.pdf
342,D01000,1000,Elementen,Vloer+rockw.+parket+...,,0.0,0.0,29.5,KUL '89 rap.89/14/2,13.7,21.6,29.0,37.4,43.5,53.8,True,,,,,,,,,,,,,,,,,catalogusGG.pdf
343,D01105,1105,Elementen,Deur D1: 38 mm [1],,38.0,18.0,24.8,Geluidwering Gevels...,16.0,20.0,24.0,26.0,26.0,26.0,True,,,,,,,,,,,,,,,,,catalogusGG.pdf
344,D01106,1106,Elementen,Deur D2: 38 mm mas...,,38.0,27.0,29.1,Geluidwering Gevels...,20.0,24.0,28.0,29.0,30.0,34.0,True,,,,,,,,,,,,,,,,,catalogusGG.pdf
345,D01107,1107,Elementen,Deur D4: 65 mm zwa...,,65.0,33.0,37.1,Geluidwering Gevels...,22.0,29.0,36.0,42.0,48.0,50.0,True,,,,,,,,,,,,,,,,,catalogusGG.pdf
346,D01132,1132,Elementen,Spaanplaat/rwol 80/P...,,122.0,0.0,38.8,PeutzAssocies '87 ra...,23.1,30.9,38.1,46.6,55.6,63.2,True,,,,,,,,,,,,,,,,,catalogusGG.pdf
347,D01133,1133,Elementen,Spaanplaat/rwol 80/I...,,122.0,0.0,37.9,PeutzAssocies '87 ra...,21.8,30.3,37.8,47.3,55.8,63.8,True,,,,,,,,,,,,,,,,,catalogusGG.pdf
348,D01134,1134,Elementen,Spaanplaat/rwol 50/I...,,92.0,0.0,31.3,PeutzAssocies '87 ra...,14.0,26.4,38.8,46.9,55.8,61.4,True,,,,,,,,,,,,,,,,,catalogusGG.pdf
349,D01135,1135,Elementen,Spaanplaat/foam 50/I...,,92.0,0.0,33.5,PeutzAssocies '87 ra...,16.5,27.4,38.3,46.3,55.5,62.8,True,,,,,,,,,,,,,,,,,catalogusGG.pdf
350,D01136,1136,Elementen,Spaanplaat/rwol 50/I...,,102.0,0.0,38.7,PeutzAssocies '87 ra...,23.0,30.8,37.7,46.5,56.2,63.5,True,,,,,,,,,,,,,,,,,catalogusGG.pdf
351,D01248,1248,Elementen,Tectomat dakelement...,,0.0,0.0,30.8,LBP'92 rapport 61.160,14.1,24.4,34.7,42.1,42.7,46.3,True,Tectomat BV,0314-381447,,,,,,,,,,,,,,,catalogusGG.pdf
352,D01249,1249,Elementen,Tectomat dakelement...,,0.0,0.0,30.4,LBP'92 rapport 61.160,13.8,23.7,33.6,40.2,43.9,46.0,True,Tectomat BV,0314-381447,,,,,,,,,,,,,,,catalogusGG.pdf
353,D01250,1250,Elementen,Tectomat dakelement...,,0.0,0.0,24.9,LBP'92 rapport 61.160,7.6,20.2,32.8,39.5,43.9,45.1,True,Tectomat BV,0314-381447,,,,,,,,,,,,,,,catalogusGG.pdf
354,D01414,1414,Elementen,Dak: staal 106 [1],,106.0,9.0,16.6,PeutzAssocies'91 ra...,11.7,13.2,9.3,16.2,24.7,23.4,True,,,,,,,,,,,,,,,,,catalogusGG.pdf
355,D01415,1415,Elementen,Dak: bitumen/iso60/st...,,170.0,24.0,28.7,PeutzAssocies'91 ra...,14.1,20.6,26.5,33.7,37.0,44.4,True,,,,,,,,,,,,,,,,,catalogusGG.pdf
356,D01416,1416,Elementen,Dak: pvc/iso60/staal1...,,170.0,21.0,20.9,PeutzAssocies'91 ra...,7.5,13.2,15.9,24.6,37.6,45.8,True,,,,,,,,,,,,,,,,,catalogusGG.pdf
357,D01417,1417,Elementen,Dak: staal 106P4 perf...,,106.0,9.0,4.9,PeutzAssocies'91 ra...,5.5,5.0,3.8,4.1,4.9,6.4,True,,,,,,,,,,,,,,,,,catalogusGG.pdf
358,D01418,1418,Elementen,Dak: pvc/iso60/staal1...,,170.0,21.0,21.7,PeutzAssocies'91 ra...,8.3,14.0,16.7,25.4,37.5,45.6,True,,,,,,,,,,,,,,,,,catalogusGG.pdf
359,D01419,1419,Elementen,Dak: bit/iso60/staal10...,,170.0,24.0,28.2,PeutzAssocies'91 ra...,18.2,22.0,25.8,29.6,29.1,37.9,True,,,,,,,,,,,,,,,,,catalogusGG.pdf
360,D01420,1420,Elementen,Dak Isobouw S-PLS ...,,105.0,0.0,22.5,KOMO attest'94 nu ...,15.5,18.0,16.0,23.0,26.0,48.0,True,Isobouw Systems BV,0493-498111,,,,,,,,,,,,,,,catalogusGG.pdf
361,D01421,1421,Elementen,Dak Isobouw S-PLS ...,,113.0,0.0,26.3,KOMO attest'94 nu ...,14.5,19.0,21.0,28.0,34.0,50.0,True,Isobouw Systems BV,0493-498111,,,,,,,,,,,,,,,catalogusGG.pdf
362,D01422,1422,Elementen,Dak Isobouw S-PLS ...,,117.0,0.0,28.1,KOMO attest'94 nu ...,16.0,20.0,24.0,28.0,39.0,50.0,True,Isobouw Systems BV,0493-498111,,,,,,,,,,,,,,,catalogusGG.pdf
363,D01526,1526,Elementen,Sasmox SS6 12 mm/...,,0.0,17.0,19.7,VTT'86 (Finland) rap...,2.3,15.4,28.2,41.7,53.4,48.6,True,CemPlaat B.V.,,,,,,,,,,,,,,,,catalogusGG.pdf
364,D01527,1527,Elementen,Sasmox SS7 10 mm/...,,0.0,17.0,20.9,VTT'86 (Finland) rap...,3.7,15.6,26.6,39.5,51.2,58.9,True,CemPlaat B.V.,,,,,,,,,,,,,,,,catalogusGG.pdf
365,D01528,1528,Elementen,Sasmox SS7 12 mm/...,,0.0,17.0,16.1,VTT'86 (Finland) rap...,-1.7,15.7,33.1,44.4,54.6,46.5,True,CemPlaat B.V.,,,,,,,,,,,,,,,,catalogusGG.pdf
366,D01529,1529,Elementen,Sasmox SS8 12 mm/...,,0.0,17.0,28.5,VTT'86 (Finland) rap...,11.8,22.1,30.0,42.8,54.5,60.9,True,CemPlaat B.V.,,,,,,,,,,,,,,,,catalogusGG.pdf
367,D01530,1530,Elementen,Sasmox SS11 2x10 m...,,0.0,17.0,32.3,VTT'86 (Finland) rap...,15.5,25.8,34.5,46.5,57.6,65.6,True,CemPlaat B.V.,,,,,,,,,,,,,,,,catalogusGG.pdf
368,D01531,1531,Elementen,Sasmox SS11 2x12 m...,,0.0,17.0,32.7,VTT'86 (Finland) rap...,15.2,28.7,42.2,52.3,64.0,56.6,True,CemPlaat B.V.,,,,,,,,,,,,,,,,catalogusGG.pdf
369,D01532,1532,Elementen,Sasmox SS14 10 mm...,,0.0,17.0,16.6,VTT'86 (Finland) rap...,-1.3,18.7,38.7,51.2,60.9,64.9,True,CemPlaat B.V.,,,,,,,,,,,,,,,,catalogusGG.pdf
370,D01533,1533,Elementen,Sasmox SS14 15 mm...,,0.0,17.0,26.9,VTT'87 (Finland) rap...,9.0,28.1,47.2,59.7,67.9,50.5,True,CemPlaat B.V.,,,,,,,,,,,,,,,,catalogusGG.pdf
371,D01534,1534,Elementen,Sasmox SS15 10 mm...,,0.0,17.0,24.8,VTT'86 (Finland) rap...,7.1,23.0,38.9,47.8,61.2,66.6,True,CemPlaat B.V.,,,,,,,,,,,,,,,,catalogusGG.pdf
372,D01535,1535,Elementen,Sasmox SS15 12 mm...,,0.0,17.0,30.8,VTT'86 (Finland) rap...,13.5,25.8,38.1,49.2,61.3,65.3,True,CemPlaat B.V.,,,,,,,,,,,,,,,,catalogusGG.pdf
373,D01536,1536,Elementen,Sasmox SS17 2x10 ...,,0.0,17.0,36.5,VTT'86 (Finland) rap...,18.7,35.4,52.1,62.0,67.5,70.6,True,CemPlaat B.V.,,,,,,,,,,,,,,,,catalogusGG.pdf
374,D01537,1537,Elementen,Sasmox SS17 12 mm...,,0.0,17.0,28.0,VTT'86 (Finland) rap...,10.2,27.9,45.6,56.7,64.6,59.1,True,CemPlaat B.V.,,,,,,,,,,,,,,,,catalogusGG.pdf
375,D01538,1538,Elementen,Sasmox SS19 2x10 ...,,0.0,17.0,32.6,VTT'86 (Finland) rap...,15.1,28.6,41.0,55.6,63.2,68.9,True,CemPlaat B.V.,,,,,,,,,,,,,,,,catalogusGG.pdf
376,D01539,1539,Elementen,Sasmox SS19 2x12 ...,,0.0,17.0,38.8,VTT'86 (Finland) rap...,21.3,34.8,48.3,59.6,68.4,60.1,True,CemPlaat B.V.,,,,,,,,,,,,,,,,catalogusGG.pdf
377,D01540,1540,Elementen,Sasmox SW7 10 mm/...,,0.0,17.0,22.9,VTT'86 (Finland) rap...,5.7,17.8,29.9,36.0,44.4,50.2,True,CemPlaat B.V.,,,,,,,,,,,,,,,,catalogusGG.pdf
378,D01541,1541,Elementen,Sasmox SW8 12 mm/...,,0.0,17.0,30.2,VTT'86 (Finland) rap...,14.0,22.8,31.6,37.6,44.2,49.3,True,CemPlaat B.V.,,,,,,,,,,,,,,,,catalogusGG.pdf
379,D01542,1542,Elementen,Sasmox SW13 10 m...,,0.0,17.0,20.9,VTT'86 (Finland) rap...,3.2,18.9,34.6,40.2,47.5,52.6,True,CemPlaat B.V.,,,,,,,,,,,,,,,,catalogusGG.pdf
380,D01543,1543,Elementen,Sasmox SW14 12 m...,,0.0,17.0,21.8,VTT'86 (Finland) rap...,4.1,20.8,37.5,41.0,46.4,47.6,True,CemPlaat B.V.,,,,,,,,,,,,,,,,catalogusGG.pdf
381,D01544,1544,Elementen,Sasmox SW15 12 m...,,0.0,17.0,29.5,VTT'86 (Finland) rap...,12.4,23.7,35.0,41.9,48.5,52.3,True,CemPlaat B.V.,,,,,,,,,,,,,,,,catalogusGG.pdf
382,D01545,1545,Elementen,Sasmox SW19 2x 10 ...,,0.0,17.0,35.8,VTT'86 (Finland) rap...,19.2,29.3,39.4,43.2,50.9,59.2,True,CemPlaat B.V.,,,,,,,,,,,,,,,,catalogusGG.pdf
383,D01546,1546,Elementen,Sasmox SW22 10 m...,,0.0,17.0,31.8,VTT'86 (Finland) rap...,14.0,31.1,48.2,58.2,63.2,68.2,True,CemPlaat B.V.,,,,,,,,,,,,,,,,catalogusGG.pdf
384,D01547,1547,Elementen,Sasmox SW22 12 m...,,0.0,17.0,36.1,VTT'86 (Finland) rap...,18.4,34.6,50.8,61.7,65.8,69.3,True,CemPlaat B.V.,,,,,,,,,,,,,,,,catalogusGG.pdf
385,D01548,1548,Elementen,Sasmox SW23 2x10 ...,,0.0,17.0,48.7,VTT'86 (Finland) rap...,31.4,43.9,56.4,63.5,66.9,69.9,True,CemPlaat B.V.,,,,,,,,,,,,,,,,catalogusGG.pdf
386,D01552,1552,Elementen,Luxalon panel 50 mm...,,50.0,11.0,22.0,EMPA No.48606 - D...,14.5,17.2,19.6,22.6,24.6,22.4,True,Luxalon Gevelsyste...,0594-515333,,,,,,,,,,,,,,,catalogusGG.pdf
387,D01553,1553,Elementen,Luxalon panel 50 mm...,,50.0,11.0,22.4,EMPA No 48606 - D...,15.1,17.9,20.7,22.9,24.9,22.4,True,Luxalon Gevelsyste...,0594-515333,,,,,,,,,,,,,,,catalogusGG.pdf
388,D01554,1554,Elementen,Wand 2x1/sp.90 mm/...,,0.0,17.0,24.0,v.Dorsser'80 HVI Wa...,7.0,18.0,29.0,36.0,43.0,42.0,True,,,,,,,,,,,,,,,,,catalogusGG.pdf
389,D01555,1555,Elementen,Wand 2x1/sp.90 mm/...,,0.0,17.0,33.1,v.Dorsser'80 HVI Wa...,19.0,25.0,30.0,37.0,45.0,43.0,True,,,,,,,,,,,,,,,,,catalogusGG.pdf
390,D01556,1556,Elementen,Wand 2x1/wol50 mm/...,,0.0,17.0,22.5,DoBR.Canada'80 HV...,5.0,19.0,33.0,36.0,43.0,44.0,True,,,,,,,,,,,,,,,,,catalogusGG.pdf
391,D01557,1557,Elementen,Wand 2xgh/wol65 m...,,0.0,17.0,28.4,SPA.Zweden'80 HVI ...,11.0,24.0,37.0,43.0,48.0,55.0,True,,,,,,,,,,,,,,,,,catalogusGG.pdf
392,D01558,1558,Elementen,Wand 2x2/wol30 mm/...,,0.0,17.0,41.4,Akustik'80 HVI Wand...,25.0,35.0,45.0,47.0,53.0,62.0,True,,,,,,,,,,,,,,,,,catalogusGG.pdf
393,D01559,1559,Elementen,Wand 2x2/wol2x50/h...,,0.0,17.0,50.8,Lydteknisk'80 HVI W...,39.0,44.0,49.0,51.0,54.0,58.0,True,,,,,,,,,,,,,,,,,catalogusGG.pdf
394,D01560,1560,Elementen,Wand 2x2/wol2x50/h...,,0.0,17.0,47.1,TPD/TNO'80 HVI W...,30.0,42.0,54.0,60.0,62.0,65.0,True,,,,,,,,,,,,,,,,,catalogusGG.pdf
395,D01573,1573,Elementen,Unilin dakelement wo...,,0.0,0.0,28.4,KOMO'94 attest nr. 2...,13.0,21.0,26.0,37.0,40.0,44.0,True,Unilin Systems/ Unili...,0180-317155,,,,,,,,,,,,,,,catalogusGG.pdf
396,D01574,1574,Elementen,Unilin dakelement wo...,,0.0,0.0,28.6,KOMO'94 attest nr. 2...,12.0,22.0,32.0,37.0,43.0,43.0,True,Unilin Systems/ Unili...,0180-317155,,,,,,,,,,,,,,,catalogusGG.pdf
397,D01740,1740,Elementen,Houten vloer standaa...,,190.0,20.0,21.3,KUL'95 rapport P.V. ...,14.3,16.9,17.2,19.9,23.7,28.1,True,Nevima BV,+31 (0) 33 ...,,,,,,,,,,,,,,,catalogusGG.pdf
398,D01741,1741,Elementen,Houten vloer+sp+ivi+...,,140.0,62.0,38.5,KUL'95 rapport P.V. ...,21.7,34.8,43.6,44.8,48.7,48.9,True,Nevima BV,+31 (0) 33 ...,,,,,,,,,,,,,,,catalogusGG.pdf
399,D01742,1742,Elementen,Houten vloer+sp+ulm...,,274.0,69.0,39.8,KUL'95 rapport P.V. ...,22.7,33.4,49.4,60.2,69.9,73.1,True,Nevima BV,+31 (0) 33 ...,,,,,,,,,,,,,,,catalogusGG.pdf
400,D01743,1743,Elementen,Houten vloer+rw+ivi+...,,265.0,50.0,43.5,KUL'95 rapport P.V. ...,27.1,36.1,44.0,57.3,66.8,72.6,True,Nevima BV,+31 (0) 33 ...,,,,,,,,,,,,,,,catalogusGG.pdf
401,D01744,1744,Elementen,Houten vloer+is+ivi+...,,265.0,47.0,47.1,KUL'95 rapport P.V. ...,31.7,37.8,47.9,56.8,66.9,74.4,True,Nevima BV,+31 (0) 33 ...,,,,,,,,,,,,,,,catalogusGG.pdf
402,D01745,1745,Elementen,Houten vloer+ic+ivi+...,,265.0,55.0,45.6,KUL'95 rapport P.V. ...,29.3,37.6,47.5,63.1,71.6,74.7,True,Nevima BV,+31 (0) 33 ...,,,,,,,,,,,,,,,catalogusGG.pdf
403,D01746,1746,Elementen,BP1: Enkelvoudig pa...,,0.0,10.0,22.9,Geluidwering Gevels...,10.0,15.0,20.0,25.0,30.0,30.0,True,,,,,,,,,,,,,,,,,catalogusGG.pdf
404,D01747,1747,Elementen,BP2a: Sandw.wol150...,,50.0,20.0,22.9,Geluidwering Gevels...,24.0,23.0,22.0,17.0,33.0,43.0,True,,,,,,,,,,,,,,,,,catalogusGG.pdf
405,D01748,1748,Elementen,BP2b: Sandw.wol100...,,50.0,20.0,22.9,Geluidwering Gevels...,15.0,20.0,14.0,30.0,41.0,50.0,True,,,,,,,,,,,,,,,,,catalogusGG.pdf
406,D01749,1749,Elementen,BP2c: Sandw.PS+pl....,,50.0,20.0,25.9,Geluidwering Gevels...,18.0,22.0,26.0,30.0,24.0,37.0,True,,,,,,,,,,,,,,,,,catalogusGG.pdf
407,D01750,1750,Elementen,BP2d: Sandw.PUR+p...,,45.0,20.0,27.2,Geluidwering Gevels...,18.0,22.0,26.0,30.0,31.0,26.0,True,,,,,,,,,,,,,,,,,catalogusGG.pdf
408,D01751,1751,Elementen,BP2e: Sandw.kurk+pl...,,65.0,20.0,27.3,Geluidwering Gevels...,18.0,22.0,26.0,29.0,27.0,35.0,True,,,,,,,,,,,,,,,,,catalogusGG.pdf
409,D01752,1752,Elementen,BP2f: Sandw.schuimg...,,45.0,20.0,27.1,Geluidwering Gevels...,16.0,20.0,24.0,27.0,31.0,36.0,True,,,,,,,,,,,,,,,,,catalogusGG.pdf
410,D01753,1753,Elementen,BP3a: Lichte spwcon...,,70.0,20.0,21.7,Geluidwering Gevels...,5.0,15.0,25.0,35.0,41.0,44.0,True,,,,,,,,,,,,,,,,,catalogusGG.pdf
411,D01754,1754,Elementen,BP3b: Spouwconstr.+...,,110.0,30.0,25.3,Geluidwering Gevels...,9.0,18.0,27.0,35.0,41.0,44.0,True,,,,,,,,,,,,,,,,,catalogusGG.pdf
412,D01755,1755,Elementen,BP3c: Spouwconstr.+...,,160.0,40.0,28.2,Geluidwering Gevels...,12.0,21.0,30.0,37.0,41.0,44.0,True,,,,,,,,,,,,,,,,,catalogusGG.pdf
413,D01756,1756,Elementen,BP4: Spwconstr.zwar...,,170.0,55.0,31.6,Geluidwering Gevels...,15.0,25.0,35.0,40.0,45.0,50.0,True,,,,,,,,,,,,,,,,,catalogusGG.pdf
414,D01757,1757,Elementen,BP5: Spwconstr.wol v...,,170.0,55.0,33.0,Geluidwering Gevels...,16.0,27.0,38.0,45.0,50.0,50.0,True,,,,,,,,,,,,,,,,,catalogusGG.pdf
415,D01758,1758,Elementen,Merford deur MN 41 ...,,75.0,25.0,31.0,TNO'96 rapport HAG...,15.4,21.8,36.4,44.1,40.6,41.8,True,Merford Bouw- en Ve...,0183-643804,,,,,,,,,,,,,,,catalogusGG.pdf
416,D01759,1759,Elementen,Merford deur MN 47 ...,,75.0,35.0,32.9,TNO'96 rapport HAG...,16.7,24.6,38.2,44.2,47.7,50.9,True,Merford Bouw- en Ve...,0183-643804,,,,,,,,,,,,,,,catalogusGG.pdf
417,D01760,1760,Elementen,Merford deur MN 53 ...,,75.0,45.0,35.3,TNO'96 rapport HAG...,17.7,34.2,42.3,51.0,54.9,56.0,True,Merford Bouw- en Ve...,0183-643804,,,,,,,,,,,,,,,catalogusGG.pdf
418,D01788,1788,Elementen,Kozijn K1 kunststof/al...,,50.0,0.0,29.1,publicatie GGG'97 (o...,16.5,22.0,25.0,33.0,35.0,35.0,True,,,,,,,,,,,,,,,,,catalogusGG.pdf
419,D01789,1789,Elementen,Kozijn hout (minimum...,,0.0,0.0,31.3,TPD/TNO'85 rapport...,23.0,26.0,29.0,29.0,34.0,40.0,True,,,,,,,,,,,,,,,,,catalogusGG.pdf
420,D01790,1790,Elementen,Kozijn Wavira dubbel...,,0.0,0.0,32.6,publicatie GGG'97 (r...,24.5,28.0,28.0,35.0,34.0,37.0,True,,,,,,,,,,,,,,,,,catalogusGG.pdf
421,D01791,1791,Elementen,K2: houten of dubbel...,,50.0,0.0,32.5,Geluidwering Gevels...,22.0,26.0,28.0,34.0,36.0,40.0,True,,,,,,,,,,,,,,,,,catalogusGG.pdf
422,D01792,1792,Elementen,K3: dikke kozijnen en...,,80.0,0.0,36.3,Geluidwering Gevels...,28.0,31.0,34.0,34.0,39.0,44.0,True,,,,,,,,,,,,,,,,,catalogusGG.pdf
423,D01793,1793,Elementen,Kozijn hout (gemiddel...,,0.0,0.0,36.3,TPD/TNO'85 rapport...,28.0,31.0,34.0,34.0,39.0,44.0,True,,,,,,,,,,,,,,,,,catalogusGG.pdf
424,D01956,1956,Elementen,Rockwool MS 50 gips...,,0.0,17.0,26.1,PeutzAssocies'99 ra...,11.0,18.2,23.6,32.6,43.1,38.8,True,Rockwool,475-353035,,,,,,,,,,,,,,,catalogusGG.pdf
425,D01967,1967,Elementen,Nevima wand standa...,,100.0,175.0,33.7,KUL'95 rapport P.V. ...,18.1,28.6,30.8,38.1,46.6,53.7,True,Nevima BV,+31 (0) 33 ...,,,,,,,,,,,,,,,catalogusGG.pdf
426,D01968,1968,Elementen,Nevima wand+40 mm...,,165.0,222.0,44.3,KUL'95 rapport P.V. ...,27.0,39.8,50.1,65.1,75.2,83.3,True,Nevima BV,+31 (0) 33 ...,,,,,,,,,,,,,,,catalogusGG.pdf
427,D01969,1969,Elementen,Nevima wand+60 mm...,,185.0,223.0,43.6,KUL'95 rapport P.V. ...,25.9,42.4,50.1,63.5,71.8,82.5,True,Nevima BV,+31 (0) 33 ...,,,,,,,,,,,,,,,catalogusGG.pdf
428,D01970,1970,Elementen,Nevima wand+80 mm...,,205.0,224.0,41.9,KUL'95 rapport P.V. ...,24.0,46.5,53.8,66.6,70.9,81.3,True,Nevima BV,+31 (0) 33 ...,,,,,,,,,,,,,,,catalogusGG.pdf
429,D01971,1971,Elementen,Nevima wand+50 mm...,,205.0,223.0,42.6,KUL'95 rapport P.V. ...,24.7,47.8,55.2,70.0,80.2,92.9,True,Nevima BV,+31 (0) 33 ...,,,,,,,,,,,,,,,catalogusGG.pdf
430,D01972,1972,Elementen,Nevima wand+50 mm...,,205.0,224.0,45.1,KUL'95 rapport P.V. ...,27.3,47.1,54.4,68.7,80.4,92.6,True,Nevima BV,+31 (0) 33 ...,,,,,,,,,,,,,,,catalogusGG.pdf
431,D01973,1973,Elementen,Nevima wand+50 mm...,,205.0,226.0,43.3,KUL'95 rapport P.V. ...,25.5,45.1,53.0,68.4,81.1,93.6,True,Nevima BV,+31 (0) 33 ...,,,,,,,,,,,,,,,catalogusGG.pdf
432,D01974,1974,Elementen,Nevima wand+50 mm...,,285.0,227.0,50.1,KUL'95 rapport P.V. ...,32.4,48.1,59.2,72.5,84.7,96.2,True,Nevima BV,+31 (0) 33 ...,,,,,,,,,,,,,,,catalogusGG.pdf
433,D01975,1975,Elementen,Nevima houten vloer...,,298.0,53.0,32.8,KUL'95 rapport P.V. ...,15.3,28.7,42.8,48.5,57.6,64.5,True,Nevima BV,+31 (0) 33 ...,,,,,,,,,,,,,,,catalogusGG.pdf
434,D01999,1999,Elementen,Isodek bouwpaneel 1...,,0.0,0.0,26.3,LBP'94 rapport 61.1...,10.7,18.9,23.8,35.4,45.7,43.6,True,Isodek Dakbouw BV,020-5829900,,,,,,,,,,,,,,,catalogusGG.pdf
435,D02000,2000,Elementen,Isodek bouwpaneel 2...,,0.0,0.0,29.5,LBP'94 rapport 61.1...,14.1,21.4,28.7,35.5,46.0,44.0,True,Isodek Dakbouw BV,020-5829900,,,,,,,,,,,,,,,catalogusGG.pdf
436,D02001,2001,Elementen,Isodek bouwpaneel 2...,,0.0,0.0,28.7,LBP'94 rapport 61.1...,13.8,20.7,26.1,34.5,42.6,40.2,True,Isodek Dakbouw BV,020-5829900,,,,,,,,,,,,,,,catalogusGG.pdf
437,D02013,2013,Elementen,Merford deur MF 51 g...,,75.0,49.0,30.3,Cauberg-Huygen'99 ...,12.5,30.6,41.6,48.8,54.9,53.3,True,Merford Bouw- en Ve...,0183-643804,,,,,,,,,,,,,,,catalogusGG.pdf
438,D02014,2014,Elementen,Merford deur MD 55 ...,,100.0,49.0,42.8,Cauberg-Huygen'99 ...,25.6,41.0,46.3,49.9,56.3,54.6,True,Merford Bouw- en Ve...,0183-643804,,,,,,,,,,,,,,,catalogusGG.pdf
439,D02015,2015,Elementen,Merford deur MD 56 ...,,100.0,68.0,48.7,Cauberg-Huygen'99 ...,34.2,43.0,47.1,50.0,56.4,55.3,True,Merford Bouw- en Ve...,0183-643804,,,,,,,,,,,,,,,catalogusGG.pdf
440,D02097,2097,Elementen,Alcoa RT 52 met begl...,,34.0,0.0,38.8,IFT Rosenheim'98 N...,32.1,29.9,33.3,41.6,44.4,45.8,True,Alcoa,+31(0)4163...,,,,,,,,,,,,,,,catalogusGG.pdf
441,D02098,2098,Elementen,Alcoa RT 52 met begl...,,28.0,0.0,31.8,IFT Rosenheim'98 N...,29.2,23.6,24.2,36.4,42.7,41.4,True,Alcoa,+31(0)4163...,,,,,,,,,,,,,,,catalogusGG.pdf
442,D02099,2099,Elementen,Alcoa RT 52 met begl...,,42.0,0.0,40.8,IFT Rosenheim'98 N...,30.9,32.9,36.1,42.8,46.1,47.5,True,Alcoa,+31(0)4163...,,,,,,,,,,,,,,,catalogusGG.pdf
443,D02101,2101,Elementen,Alcoa RT 62 met begl...,,28.0,0.0,31.8,IFT Rosenheim'98 N...,28.9,23.9,24.0,36.9,42.7,41.9,True,Alcoa,+31(0)4163...,,,,,,,,,,,,,,,catalogusGG.pdf
444,D02102,2102,Elementen,Alcoa RT 62 met begl...,,34.0,0.0,38.3,IFT Rosenheim'98 N...,31.4,29.5,32.8,41.6,43.5,45.3,True,Alcoa,+31(0)4163...,,,,,,,,,,,,,,,catalogusGG.pdf
445,D02103,2103,Elementen,Alcoa RT 72 met begl...,,34.0,0.0,42.6,IFT Rosenheim'98 N...,31.4,35.0,41.5,43.7,45.1,48.7,True,Alcoa,+31(0)4163...,,,,,,,,,,,,,,,catalogusGG.pdf
446,D02104,2104,Elementen,Alcoa RT 72 met begl...,,28.0,0.0,38.8,IFT Rosenheim'98 N...,31.4,29.6,34.0,42.1,43.4,45.7,True,Alcoa,+31(0)4163...,,,,,,,,,,,,,,,catalogusGG.pdf
447,D02105,2105,Elementen,Alcoa RT 72 met begl...,,28.0,0.0,32.8,IFT Rosenheim'98 N...,29.5,24.0,25.7,36.8,42.5,41.7,True,Alcoa,+31(0)4163...,,,,,,,,,,,,,,,catalogusGG.pdf
448,D02106,2106,Elementen,Alcoa RT 72.1 met be...,,28.0,0.0,33.3,IFT Rosenheim'98 N...,30.7,24.6,26.3,36.0,42.2,42.9,True,Alcoa,+31(0)4163...,,,,,,,,,,,,,,,catalogusGG.pdf
449,D02108,2108,Elementen,DHG Silenko geluidw...,,90.0,0.0,32.8,Peutzassocies'01 ra...,21.7,22.1,29.4,36.9,43.3,48.1,True,DHG Nederland BV,3146 474 ...,,,,,,,,,,,,,,,catalogusGG.pdf
450,D02109,2109,Elementen,DHG Silenko geluidw...,,25.0,0.0,31.4,Peutzassocies'01 ra...,24.3,21.7,27.1,31.9,38.0,44.5,True,DHG Nederland BV,3146 474 ...,,,,,,,,,,,,,,,catalogusGG.pdf
451,D02110,2110,Elementen,Jazo Comprophone 5...,,84.0,42.0,34.2,Peutzassocies'93 ra...,28.0,30.9,25.9,36.8,42.2,49.0,True,JAZO Zevenaar,0316 59 29...,,,,,,,,,,,,,,,catalogusGG.pdf
452,D02111,2111,Elementen,Jazo Comprophone 2...,,50.0,42.0,32.8,Peutzassocies'93 ra...,24.8,27.2,28.7,32.1,35.1,40.8,True,JAZO Zevenaar,0316 59 29...,,,,,,,,,,,,,,,catalogusGG.pdf
453,D02112,2112,Elementen,Maars wand Style Lin...,,0.0,17.0,30.9,Peutzassocies'93 ra...,13.4,27.7,42.0,48.1,49.8,50.0,True,Maars Projecten BV,0341 465221,,,,,,,,,,,,,,,catalogusGG.pdf
454,D02113,2113,Elementen,G+H montage geluid...,,56.0,60.0,29.5,Fraunhofer Institut'9...,12.0,26.0,40.0,48.0,50.0,54.0,True,G+H Montage BV,073 6210810,,,,,,,,,,,,,,,catalogusGG.pdf
455,D02256,2256,Elementen,Nevima pannendakco...,,0.0,0.0,19.2,Cauberg-Huygen Ra...,15.2,14.6,12.1,19.0,26.7,25.4,True,Nevima BV,+31 (0) 33 ...,,,,,,,,,,,,,,,catalogusGG.pdf
456,D02257,2257,Elementen,Nevima pannendakco...,,0.0,0.0,48.5,Cauberg-Huygen Ra...,37.7,39.0,42.6,54.6,64.1,66.1,True,Nevima BV,+31 (0) 33 ...,,,,,,,,,,,,,,,catalogusGG.pdf
457,D02263,2263,Elementen,Gyproc MS 100/1.75....,,100.0,0.0,29.0,TNO-rapport DGT-R...,14.6,17.7,35.7,47.2,57.2,51.2,True,BPB Nederland B.V.,0347-325100,,,,,,,,,,,,,,,catalogusGG.pdf
458,D02270,2270,Elementen,Gyproc MS 100/2.50....,,100.0,0.0,35.6,TNO-rapport DGT-R...,19.1,27.5,40.4,52.4,60.4,56.5,True,BPB Nederland B.V.,0347-325100,,,,,,,,,,,,,,,catalogusGG.pdf
459,D02272,2272,Elementen,Gyproc MS 125/2.75....,,125.0,0.0,33.8,TNO-rapport DGT-R...,16.5,28.7,42.3,51.5,60.0,57.1,True,BPB Nederland B.V.,0347-325100,,,,,,,,,,,,,,,catalogusGG.pdf
460,D02276,2276,Elementen,Gyproc MS 125/3.50....,,0.0,0.0,39.1,TNO-rapport DGT-R...,21.7,35.7,44.7,57.8,61.9,59.1,True,BPB Nederland B.V.,0347-325100,,,,,,,,,,,,,,,catalogusGG.pdf
461,D02287,2287,Elementen,Gyproc MS 145/2.45*...,,145.0,0.0,34.4,TNO-rapport DGT-R...,17.1,28.5,49.5,60.8,67.5,66.3,True,BPB Nederland B.V.,0347-325100,,,,,,,,,,,,,,,catalogusGG.pdf
462,D02289,2289,Elementen,Gyproc MS 155/2.50*...,,155.0,0.0,34.4,TNO-rapport DGT-R...,17.1,29.0,49.6,60.8,67.5,66.3,True,BPB Nederland B.V.,0347-325100,,,,,,,,,,,,,,,catalogusGG.pdf
463,D02291,2291,Elementen,Gyproc MS 205/2.75*...,,205.0,0.0,40.5,TNO-rapport DGT-R...,22.8,38.1,51.9,64.6,73.0,74.2,True,BPB Nederland B.V.,0347-325100,,,,,,,,,,,,,,,catalogusGG.pdf
464,D02292,2292,Elementen,Gyproc MS 255/2.10...,,0.0,0.0,42.9,TNO-rapport DGT-R...,25.6,37.3,52.1,62.7,69.1,70.1,True,BPB Nederland B.V.,0347-325100,,,,,,,,,,,,,,,catalogusGG.pdf
465,D02305,2305,Elementen,Rigidur MS 70 RD/1....,,0.0,0.0,0.0,,0.0,0.0,0.0,0.0,0.0,0.0,True,BPB Nederland B.V.,0347-325100,,,,,,,,,,,,,,,catalogusGG.pdf
466,D02306,2306,Elementen,Rigidur MS 70 RD/1....,,0.0,0.0,0.0,,0.0,0.0,0.0,0.0,0.0,0.0,True,BPB Nederland B.V.,0347-325100,,,,,,,,,,,,,,,catalogusGG.pdf
467,D02307,2307,Elementen,Rigidur MS 75 RD/1....,,0.0,0.0,0.0,,0.0,0.0,0.0,0.0,0.0,0.0,True,BPB Nederland B.V.,0347-325100,,,,,,,,,,,,,,,catalogusGG.pdf
468,D02308,2308,Elementen,Rigidur MS 75 RD/1....,,0.0,0.0,0.0,,0.0,0.0,0.0,0.0,0.0,0.0,True,BPB Nederland B.V.,0347-325100,,,,,,,,,,,,,,,catalogusGG.pdf
469,D02309,2309,Elementen,Rigidur MS 100 RD/1...,,0.0,0.0,0.0,,0.0,0.0,0.0,0.0,0.0,0.0,True,BPB Nederland B.V.,0347-325100,,,,,,,,,,,,,,,catalogusGG.pdf
470,D02310,2310,Elementen,Rigidur MS 100 RD/1...,,0.0,0.0,0.0,,0.0,0.0,0.0,0.0,0.0,0.0,True,BPB Nederland B.V.,0347-325100,,,,,,,,,,,,,,,catalogusGG.pdf
471,D02311,2311,Elementen,Rigidur MS 125 RD/1...,,0.0,0.0,0.0,,0.0,0.0,0.0,0.0,0.0,0.0,True,BPB Nederland B.V.,0347-325100,,,,,,,,,,,,,,,catalogusGG.pdf
472,D02312,2312,Elementen,Rigidur MS 100 RD/2...,,0.0,0.0,0.0,,0.0,0.0,0.0,0.0,0.0,0.0,True,BPB Nederland B.V.,0347-325100,,,,,,,,,,,,,,,catalogusGG.pdf
473,D02313,2313,Elementen,Rigidur MS 100 RD/2...,,0.0,0.0,0.0,,0.0,0.0,0.0,0.0,0.0,0.0,True,BPB Nederland B.V.,0347-325100,,,,,,,,,,,,,,,catalogusGG.pdf
474,D02314,2314,Elementen,Rigidur MS 125 RD/2...,,0.0,0.0,0.0,,0.0,0.0,0.0,0.0,0.0,0.0,True,BPB Nederland B.V.,0347-325100,,,,,,,,,,,,,,,catalogusGG.pdf
475,D02315,2315,Elementen,Rigidur MS 125 RD/2...,,0.0,0.0,0.0,,0.0,0.0,0.0,0.0,0.0,0.0,True,BPB Nederland B.V.,0347-325100,,,,,,,,,,,,,,,catalogusGG.pdf
476,D02316,2316,Elementen,Rigidur MS 150 RD/2...,,0.0,0.0,0.0,,0.0,0.0,0.0,0.0,0.0,0.0,True,BPB Nederland B.V.,0347-325100,,,,,,,,,,,,,,,catalogusGG.pdf
477,D02317,2317,Elementen,Rigidur MS 150 RD/2...,,0.0,0.0,0.0,,0.0,0.0,0.0,0.0,0.0,0.0,True,BPB Nederland B.V.,0347-325100,,,,,,,,,,,,,,,catalogusGG.pdf
478,D02318,2318,Elementen,Rigidur MS 145 RD/2...,,0.0,0.0,0.0,,0.0,0.0,0.0,0.0,0.0,0.0,True,BPB Nederland B.V.,0347-325100,,,,,,,,,,,,,,,catalogusGG.pdf
479,D02319,2319,Elementen,Rigidur MS 145 RD/2...,,0.0,0.0,0.0,,0.0,0.0,0.0,0.0,0.0,0.0,True,BPB Nederland B.V.,0347-325100,,,,,,,,,,,,,,,catalogusGG.pdf
480,D02320,2320,Elementen,Rigidur MS 155 RD/2...,,0.0,0.0,0.0,,0.0,0.0,0.0,0.0,0.0,0.0,True,BPB Nederland B.V.,0347-325100,,,,,,,,,,,,,,,catalogusGG.pdf
481,D02321,2321,Elementen,Rigidur MS 155 RD/2...,,0.0,0.0,0.0,,0.0,0.0,0.0,0.0,0.0,0.0,True,BPB Nederland B.V.,0347-325100,,,,,,,,,,,,,,,catalogusGG.pdf
482,D02322,2322,Elementen,Rigidur MS 205 RD/2...,,0.0,0.0,0.0,,0.0,0.0,0.0,0.0,0.0,0.0,True,BPB Nederland B.V.,0347-325100,,,,,,,,,,,,,,,catalogusGG.pdf
483,D02323,2323,Elementen,Rigidur MS 205 RD/2...,,0.0,0.0,0.0,,0.0,0.0,0.0,0.0,0.0,0.0,True,BPB Nederland B.V.,0347-325100,,,,,,,,,,,,,,,catalogusGG.pdf
484,D02324,2324,Elementen,Rigidur MS 255 RD/2...,,0.0,0.0,0.0,,0.0,0.0,0.0,0.0,0.0,0.0,True,BPB Nederland B.V.,0347-325100,,,,,,,,,,,,,,,catalogusGG.pdf
485,D02325,2325,Elementen,Rigidur ECO-wand M...,,0.0,0.0,0.0,,0.0,0.0,0.0,0.0,0.0,0.0,True,BPB Nederland B.V.,0347-325100,,,,,,,,,,,,,,,catalogusGG.pdf
486,D02326,2326,Elementen,Rigidur ECO-wand M...,,0.0,0.0,0.0,,0.0,0.0,0.0,0.0,0.0,0.0,True,BPB Nederland B.V.,0347-325100,,,,,,,,,,,,,,,catalogusGG.pdf
487,D02327,2327,Elementen,Rigidur ECO-wand M...,,0.0,0.0,0.0,,0.0,0.0,0.0,0.0,0.0,0.0,True,BPB Nederland B.V.,0347-325100,,,,,,,,,,,,,,,catalogusGG.pdf
488,D02328,2328,Elementen,Rigidur ECO-wand M...,,0.0,0.0,0.0,,0.0,0.0,0.0,0.0,0.0,0.0,True,BPB Nederland B.V.,0347-325100,,,,,,,,,,,,,,,catalogusGG.pdf
489,D02329,2329,Elementen,Rigidur ECO-wand M...,,0.0,0.0,0.0,,0.0,0.0,0.0,0.0,0.0,0.0,True,BPB Nederland B.V.,0347-325100,,,,,,,,,,,,,,,catalogusGG.pdf
490,D02330,2330,Elementen,Rigidur ECO-wand M...,,0.0,0.0,0.0,,0.0,0.0,0.0,0.0,0.0,0.0,True,BPB Nederland B.V.,0347-325100,,,,,,,,,,,,,,,catalogusGG.pdf
491,D02331,2331,Elementen,Rigidur ECO-wand M...,,0.0,0.0,0.0,,0.0,0.0,0.0,0.0,0.0,0.0,True,BPB Nederland B.V.,0347-325100,,,,,,,,,,,,,,,catalogusGG.pdf
492,D02332,2332,Elementen,Rigidur ECO-wand M...,,0.0,0.0,0.0,,0.0,0.0,0.0,0.0,0.0,0.0,True,BPB Nederland B.V.,0347-325100,,,,,,,,,,,,,,,catalogusGG.pdf
493,D02333,2333,Elementen,Rigidur ECO-wand M...,,0.0,0.0,0.0,,0.0,0.0,0.0,0.0,0.0,0.0,True,BPB Nederland B.V.,0347-325100,,,,,,,,,,,,,,,catalogusGG.pdf
494,D02334,2334,Elementen,Rigidur voorzetwand ...,,0.0,0.0,0.0,,0.0,0.0,0.0,0.0,0.0,0.0,True,BPB Nederland B.V.,0347-325100,,,,,,,,,,,,,,,catalogusGG.pdf
495,D02335,2335,Elementen,Rigidur voorzetwand ...,,0.0,0.0,0.0,,0.0,0.0,0.0,0.0,0.0,0.0,True,BPB Nederland B.V.,0347-325100,,,,,,,,,,,,,,,catalogusGG.pdf
496,D02336,2336,Elementen,Rigidur voorzetwand ...,,0.0,0.0,0.0,,0.0,0.0,0.0,0.0,0.0,0.0,True,BPB Nederland B.V.,0347-325100,,,,,,,,,,,,,,,catalogusGG.pdf
497,D02337,2337,Elementen,Rigidur voorzetwand ...,,0.0,0.0,0.0,,0.0,0.0,0.0,0.0,0.0,0.0,True,BPB Nederland B.V.,0347-325100,,,,,,,,,,,,,,,catalogusGG.pdf
498,D02338,2338,Elementen,Rigidur voorzetwand ...,,0.0,0.0,0.0,,0.0,0.0,0.0,0.0,0.0,0.0,True,BPB Nederland B.V.,0347-325100,,,,,,,,,,,,,,,catalogusGG.pdf
499,D02400,2400,Elementen,geen kier- en naaddic...,,0.0,0.0,25.0,Herziene Rekenmeth...,25.0,25.0,25.0,25.0,25.0,25.0,True,,,,,,,,,,,,,,,,,catalogusGG.pdf
500,D02401,2401,Elementen,enkele kier- en naadd...,,0.0,0.0,30.0,Herziene Rekenmeth...,30.0,30.0,30.0,30.0,30.0,30.0,True,,,,,,,,,,,,,,,,,catalogusGG.pdf
501,D02402,2402,Elementen,dubbele kier- en naa...,,0.0,0.0,35.0,Herziene Rekenmeth...,35.0,35.0,35.0,35.0,35.0,35.0,True,,,,,,,,,,,,,,,,,catalogusGG.pdf
502,D02403,2403,Elementen,speciale kier- en naa...,,0.0,0.0,45.0,Herziene Rekenmeth...,45.0,45.0,45.0,45.0,45.0,45.0,True,,,,,,,,,,,,,,,,,catalogusGG.pdf
503,D02404,2404,Elementen,daken met kierend da...,,0.0,0.0,30.0,Herziene Rekenmeth...,30.0,30.0,30.0,30.0,30.0,30.0,True,,,,,,,,,,,,,,,,,catalogusGG.pdf
504,D02405,2405,Elementen,daken met kierdicht d...,,0.0,0.0,40.0,Herziene Rekenmeth...,40.0,40.0,40.0,40.0,40.0,40.0,True,,,,,,,,,,,,,,,,,catalogusGG.pdf
505,D02406,2406,Elementen,enkele kier- en naadd...,,0.0,0.0,35.0,Herziene Rekenmeth...,35.0,35.0,35.0,35.0,35.0,35.0,True,,,,,,,,,,,,,,,,,catalogusGG.pdf
506,D02407,2407,Elementen,dubbele kier- en naa...,,0.0,0.0,40.0,Herziene Rekenmeth...,40.0,40.0,40.0,40.0,40.0,40.0,True,,,,,,,,,,,,,,,,,catalogusGG.pdf
507,D02408,2408,Elementen,speciale kier- en naa...,,0.0,0.0,50.0,Herziene Rekenmeth...,50.0,50.0,50.0,50.0,50.0,50.0,True,,,,,,,,,,,,,,,,,catalogusGG.pdf
508,D02409,2409,Elementen,enkelschalig dakelem...,,0.0,0.0,45.0,Herziene Rekenmeth...,45.0,45.0,45.0,45.0,45.0,45.0,True,,,,,,,,,,,,,,,,,catalogusGG.pdf
509,D02410,2410,Elementen,overige dakconstructi...,,0.0,0.0,55.0,Herziene Rekenmeth...,55.0,55.0,55.0,55.0,55.0,55.0,True,,,,,,,,,,,,,,,,,catalogusGG.pdf
510,D02411,2411,Elementen,speciale gevallen wa...,,0.0,0.0,60.0,Herziene Rekenmeth...,60.0,60.0,60.0,60.0,60.0,60.0,True,,,,,,,,,,,,,,,,,catalogusGG.pdf
511,D02412,2412,Elementen,kozijn-steen: tweezijd...,,0.0,0.0,55.0,Herziene Rekenmeth...,55.0,55.0,55.0,55.0,55.0,55.0,True,,,,,,,,,,,,,,,,,catalogusGG.pdf
512,D02413,2413,Elementen,kozijn-steen: schuimb...,,0.0,0.0,50.0,Herziene Rekenmeth...,50.0,50.0,50.0,50.0,50.0,50.0,True,,,,,,,,,,,,,,,,,catalogusGG.pdf
513,D02414,2414,Elementen,kozijn-steen: alleen a...,,0.0,0.0,45.0,Herziene Rekenmeth...,45.0,45.0,45.0,45.0,45.0,45.0,True,,,,,,,,,,,,,,,,,catalogusGG.pdf
514,D02415,2415,Elementen,dakraamkast-dakbes...,,0.0,0.0,25.0,Herziene Rekenmeth...,25.0,25.0,25.0,25.0,25.0,25.0,True,,,,,,,,,,,,,,,,,catalogusGG.pdf
515,D02416,2416,Elementen,dakraamkast-dakbes...,,0.0,0.0,30.0,Herziene Rekenmeth...,30.0,30.0,30.0,30.0,30.0,30.0,True,,,,,,,,,,,,,,,,,catalogusGG.pdf
516,D02417,2417,Elementen,dakraamkast-dakbes...,,0.0,0.0,35.0,Herziene Rekenmeth...,35.0,35.0,35.0,35.0,35.0,35.0,True,,,,,,,,,,,,,,,,,catalogusGG.pdf
517,D02418,2418,Elementen,dakraamkast-dakbes...,,0.0,0.0,40.0,Herziene Rekenmeth...,40.0,40.0,40.0,40.0,40.0,40.0,True,,,,,,,,,,,,,,,,,catalogusGG.pdf
518,D02419,2419,Elementen,suskast-kozijn/raam: ...,,0.0,0.0,50.0,Herziene Rekenmeth...,50.0,50.0,50.0,50.0,50.0,50.0,True,,,,,,,,,,,,,,,,,catalogusGG.pdf
519,D02420,2420,Elementen,suskast-kozijn/raam: ...,,0.0,0.0,40.0,Herziene Rekenmeth...,40.0,40.0,40.0,40.0,40.0,40.0,True,,,,,,,,,,,,,,,,,catalogusGG.pdf
520,D02421,2421,Elementen,suskast-kozijn/raam: ...,,0.0,0.0,45.0,Herziene Rekenmeth...,45.0,45.0,45.0,45.0,45.0,45.0,True,,,,,,,,,,,,,,,,,catalogusGG.pdf
521,D02422,2422,Elementen,suskast-kozijn/raam: ...,,0.0,0.0,50.0,Herziene Rekenmeth...,50.0,50.0,50.0,50.0,50.0,50.0,True,,,,,,,,,,,,,,,,,catalogusGG.pdf
522,D02423,2423,Elementen,ramen: niet te openen,,0.0,0.0,40.0,Herziene Rekenmeth...,40.0,40.0,40.0,40.0,40.0,40.0,True,,,,,,,,,,,,,,,,,catalogusGG.pdf
523,D02424,2424,Elementen,ramen: dubbele dichti...,,0.0,0.0,40.0,Herziene Rekenmeth...,40.0,40.0,40.0,40.0,40.0,40.0,True,,,,,,,,,,,,,,,,,catalogusGG.pdf
524,D02425,2425,Elementen,ramen: dubbele dichti...,,0.0,0.0,45.0,Herziene Rekenmeth...,45.0,45.0,45.0,45.0,45.0,45.0,True,,,,,,,,,,,,,,,,,catalogusGG.pdf
525,D02426,2426,Elementen,ramen: dubbele dichti...,,0.0,0.0,50.0,Herziene Rekenmeth...,50.0,50.0,50.0,50.0,50.0,50.0,True,,,,,,,,,,,,,,,,,catalogusGG.pdf
526,D02427,2427,Elementen,ramen: enkele dichtin...,,0.0,0.0,40.0,Herziene Rekenmeth...,40.0,40.0,40.0,40.0,40.0,40.0,True,,,,,,,,,,,,,,,,,catalogusGG.pdf
527,D02428,2428,Elementen,ramen: enkele dichtin...,,0.0,0.0,45.0,Herziene Rekenmeth...,45.0,45.0,45.0,45.0,45.0,45.0,True,,,,,,,,,,,,,,,,,catalogusGG.pdf
528,D02429,2429,Elementen,ramen: enkele dichtin...,,0.0,0.0,25.0,Herziene Rekenmeth...,25.0,25.0,25.0,25.0,25.0,25.0,True,,,,,,,,,,,,,,,,,catalogusGG.pdf
529,D02430,2430,Elementen,ramen: enkele dichtin...,,0.0,0.0,40.0,Herziene Rekenmeth...,40.0,40.0,40.0,40.0,40.0,40.0,True,,,,,,,,,,,,,,,,,catalogusGG.pdf
530,D02431,2431,Elementen,ramen: enkele dichtin...,,0.0,0.0,45.0,Herziene Rekenmeth...,45.0,45.0,45.0,45.0,45.0,45.0,True,,,,,,,,,,,,,,,,,catalogusGG.pdf
531,D02432,2432,Elementen,ramen: enkele dichtin...,,0.0,0.0,35.0,Herziene Rekenmeth...,35.0,35.0,35.0,35.0,35.0,35.0,True,,,,,,,,,,,,,,,,,catalogusGG.pdf
532,D02433,2433,Elementen,ramen: enkele dichtin...,,0.0,0.0,25.0,Herziene Rekenmeth...,25.0,25.0,25.0,25.0,25.0,25.0,True,,,,,,,,,,,,,,,,,catalogusGG.pdf
533,D02434,2434,Elementen,"ramen: geen dichting,...",,0.0,0.0,20.0,Herziene Rekenmeth...,20.0,20.0,20.0,20.0,20.0,20.0,True,,,,,,,,,,,,,,,,,catalogusGG.pdf
534,D02435,2435,Elementen,"ramen: geen dichting,...",,0.0,0.0,25.0,Herziene Rekenmeth...,25.0,25.0,25.0,25.0,25.0,25.0,True,,,,,,,,,,,,,,,,,catalogusGG.pdf
535,D02436,2436,Elementen,deuren: tochtband en...,,0.0,0.0,25.0,Herziene Rekenmeth...,25.0,25.0,25.0,25.0,25.0,25.0,True,,,,,,,,,,,,,,,,,catalogusGG.pdf
536,D02437,2437,Elementen,deuren: tochtband en...,,0.0,0.0,30.0,Herziene Rekenmeth...,30.0,30.0,30.0,30.0,30.0,30.0,True,,,,,,,,,,,,,,,,,catalogusGG.pdf
537,D02438,2438,Elementen,deuren: enkele aansl...,,0.0,0.0,35.0,Herziene Rekenmeth...,35.0,35.0,35.0,35.0,35.0,35.0,True,,,,,,,,,,,,,,,,,catalogusGG.pdf
538,D02439,2439,Elementen,deuren: enkele aansl...,,0.0,0.0,40.0,Herziene Rekenmeth...,40.0,40.0,40.0,40.0,40.0,40.0,True,,,,,,,,,,,,,,,,,catalogusGG.pdf
539,D02440,2440,Elementen,deuren: dubbele aan...,,0.0,0.0,40.0,Herziene Rekenmeth...,40.0,40.0,40.0,40.0,40.0,40.0,True,,,,,,,,,,,,,,,,,catalogusGG.pdf
540,D02441,2441,Elementen,dakramen: raam-op-k...,,0.0,0.0,30.0,Herziene Rekenmeth...,30.0,30.0,30.0,30.0,30.0,30.0,True,,,,,,,,,,,,,,,,,catalogusGG.pdf
541,D02442,2442,Elementen,dakramen: raam-op-k...,,0.0,0.0,35.0,Herziene Rekenmeth...,35.0,35.0,35.0,35.0,35.0,35.0,True,,,,,,,,,,,,,,,,,catalogusGG.pdf
542,D02443,2443,Elementen,dakramen: raam-in-k...,,0.0,0.0,40.0,Herziene Rekenmeth...,40.0,40.0,40.0,40.0,40.0,40.0,True,,,,,,,,,,,,,,,,,catalogusGG.pdf
543,D02444,2444,Elementen,dakramen: raam-in-k...,,0.0,0.0,45.0,Herziene Rekenmeth...,45.0,45.0,45.0,45.0,45.0,45.0,True,,,,,,,,,,,,,,,,,catalogusGG.pdf
544,D02445,2445,Elementen,dakramen: drievoudig...,,0.0,0.0,50.0,Herziene Rekenmeth...,50.0,50.0,50.0,50.0,50.0,50.0,True,,,,,,,,,,,,,,,,,catalogusGG.pdf
545,D02446,2446,Elementen,dakramen: drievoudig...,,0.0,0.0,55.0,Herziene Rekenmeth...,55.0,55.0,55.0,55.0,55.0,55.0,True,,,,,,,,,,,,,,,,,catalogusGG.pdf
546,D02447,2447,Elementen,"gesloten beglaasd, dr...",,0.0,0.0,55.0,Herziene Rekenmeth...,55.0,55.0,55.0,55.0,55.0,55.0,True,,,,,,,,,,,,,,,,,catalogusGG.pdf
547,D02448,2448,Elementen,"droog beglaasd, ban...",,0.0,0.0,50.0,Herziene Rekenmeth...,50.0,50.0,50.0,50.0,50.0,50.0,True,,,,,,,,,,,,,,,,,catalogusGG.pdf
548,D02449,2449,Elementen,"droog beglaasd, ban...",,0.0,0.0,45.0,Herziene Rekenmeth...,45.0,45.0,45.0,45.0,45.0,45.0,True,,,,,,,,,,,,,,,,,catalogusGG.pdf
549,D02450,2450,Elementen,Geen dichting [3],,0.0,999.0,19.2,Geluidwering Grote ...,19.0,19.0,23.0,24.0,19.0,17.0,True,,,,,,,,,,,,,,,,,catalogusGG.pdf
550,D02451,2451,Elementen,"V-profiel, indrukking ...",,0.0,999.0,24.2,Geluidwering Grote ...,24.0,24.0,28.0,29.0,24.0,22.0,True,,,,,,,,,,,,,,,,,catalogusGG.pdf
551,D02452,2452,Elementen,"O-profiel, indrukking ...",,0.0,999.0,29.4,Geluidwering Grote ...,35.0,35.0,36.0,34.0,28.0,28.0,True,,,,,,,,,,,,,,,,,catalogusGG.pdf
552,D02453,2453,Elementen,"V-profiel, indrukking ...",,0.0,999.0,34.4,Geluidwering Grote ...,39.0,39.0,41.0,40.0,33.0,33.0,True,,,,,,,,,,,,,,,,,catalogusGG.pdf
553,D02454,2454,Elementen,"O-profiel, indrukking ...",,0.0,999.0,39.5,Geluidwering Grote ...,41.0,41.0,44.0,44.0,38.0,39.0,True,,,,,,,,,,,,,,,,,catalogusGG.pdf
554,D02455,2455,Elementen,"dubbele dichting, indr...",,0.0,999.0,44.9,Geluidwering Grote ...,41.0,41.0,45.0,46.0,44.0,48.0,True,,,,,,,,,,,,,,,,,catalogusGG.pdf
555,D02456,2456,Elementen,alleen naad [3],,0.0,999.0,44.2,Geluidwering Grote ...,35.0,35.0,40.0,45.0,50.0,60.0,True,,,,,,,,,,,,,,,,,catalogusGG.pdf
556,D02457,2457,Elementen,band+lat [3],,0.0,999.0,48.6,Geluidwering Grote ...,37.0,37.0,48.0,56.0,60.0,65.0,True,,,,,,,,,,,,,,,,,catalogusGG.pdf
557,D02458,2458,Elementen,eenzijdig gekit [3],,0.0,999.0,54.6,Geluidwering Grote ...,45.0,45.0,50.0,60.0,60.0,65.0,True,,,,,,,,,,,,,,,,,catalogusGG.pdf
558,D02459,2459,Elementen,"lat, tweezijdig gekit [3]",,0.0,999.0,59.6,Geluidwering Grote ...,50.0,50.0,55.0,65.0,65.0,70.0,True,,,,,,,,,,,,,,,,,catalogusGG.pdf
559,D02460,2460,Elementen,kroonband: los [3],,0.0,999.0,31.3,Geluidwering Grote ...,29.0,29.0,34.0,35.0,31.0,30.0,True,,,,,,,,,,,,,,,,,catalogusGG.pdf
560,D02461,2461,Elementen,alleen lat [3],,0.0,999.0,44.2,Geluidwering Grote ...,35.0,35.0,40.0,45.0,50.0,60.0,True,,,,,,,,,,,,,,,,,catalogusGG.pdf
561,D02462,2462,Elementen,lipprofiel bij kunststof ...,,0.0,999.0,44.3,Geluidwering Grote ...,34.0,34.0,41.0,46.0,54.0,60.0,True,,,,,,,,,,,,,,,,,catalogusGG.pdf
562,D02463,2463,Elementen,lipprofiel bij kunststof ...,,0.0,999.0,44.9,Geluidwering Grote ...,36.0,36.0,41.0,44.0,53.0,61.0,True,,,,,,,,,,,,,,,,,catalogusGG.pdf
563,D02464,2464,Elementen,kroonband 0 N/m [3],,0.0,999.0,44.3,Geluidwering Grote ...,32.0,32.0,50.0,57.0,60.0,65.0,True,,,,,,,,,,,,,,,,,catalogusGG.pdf
564,D02465,2465,Elementen,lipprofiel in houten ra...,,0.0,999.0,47.9,Geluidwering Grote ...,38.0,38.0,45.0,59.0,51.0,55.0,True,,,,,,,,,,,,,,,,,catalogusGG.pdf
565,D02466,2466,Elementen,kroonband+plakband ...,,0.0,999.0,48.0,Geluidwering Grote ...,36.0,36.0,50.0,59.0,60.0,60.0,True,,,,,,,,,,,,,,,,,catalogusGG.pdf
566,D02467,2467,Elementen,kroonband 200 N/m [3],,0.0,999.0,48.6,Geluidwering Grote ...,37.0,37.0,48.0,56.0,60.0,65.0,True,,,,,,,,,,,,,,,,,catalogusGG.pdf
567,D02468,2468,Elementen,3 mm schuimband bij ...,,0.0,999.0,49.1,Geluidwering Grote ...,45.0,45.0,44.0,52.0,50.0,53.0,True,,,,,,,,,,,,,,,,,catalogusGG.pdf
568,D02469,2469,Elementen,kroonband 600 N/m [3],,0.0,999.0,48.8,Geluidwering Grote ...,37.0,37.0,49.0,58.0,60.0,65.0,True,,,,,,,,,,,,,,,,,catalogusGG.pdf
569,D02470,2470,Elementen,kroonband met neusd...,,0.0,999.0,49.8,Geluidwering Grote ...,40.0,40.0,45.0,55.0,57.0,60.0,True,,,,,,,,,,,,,,,,,catalogusGG.pdf
570,D02471,2471,Elementen,3 mm schuimband+to...,,0.0,999.0,50.3,Geluidwering Grote ...,45.0,45.0,45.0,53.0,52.0,55.0,True,,,,,,,,,,,,,,,,,catalogusGG.pdf
571,D02472,2472,Elementen,kroonband [3],,0.0,999.0,50.2,Geluidwering Grote ...,40.0,40.0,47.0,54.0,56.0,62.0,True,,,,,,,,,,,,,,,,,catalogusGG.pdf
572,D02473,2473,Elementen,lipprofiel in kunststofr...,,0.0,999.0,52.6,Geluidwering Grote ...,43.0,43.0,50.0,52.0,60.0,65.0,True,,,,,,,,,,,,,,,,,catalogusGG.pdf
573,D02474,2474,Elementen,5 mm schuimband+n...,,0.0,999.0,52.1,Geluidwering Grote ...,41.0,41.0,50.0,60.0,60.0,64.0,True,,,,,,,,,,,,,,,,,catalogusGG.pdf
574,D02475,2475,Elementen,schuimband met thio...,,0.0,999.0,54.4,Geluidwering Grote ...,45.0,45.0,50.0,57.0,60.0,65.0,True,,,,,,,,,,,,,,,,,catalogusGG.pdf
575,D02476,2476,Elementen,5 mm schuimband+th...,,0.0,999.0,54.1,Geluidwering Grote ...,45.0,45.0,49.0,60.0,59.0,62.0,True,,,,,,,,,,,,,,,,,catalogusGG.pdf
576,D02477,2477,Elementen,lippprofiel in kunststo...,,0.0,999.0,54.4,Geluidwering Grote ...,45.0,45.0,50.0,57.0,60.0,65.0,True,,,,,,,,,,,,,,,,,catalogusGG.pdf
577,D02478,2478,Elementen,3 mm schuimband m...,,0.0,999.0,55.0,Geluidwering Grote ...,45.0,45.0,53.0,57.0,60.0,65.0,True,,,,,,,,,,,,,,,,,catalogusGG.pdf
578,D02479,2479,Elementen,vol en zat [3],,0.0,999.0,60.0,Geluidwering Grote ...,50.0,50.0,58.0,62.0,65.0,70.0,True,,,,,,,,,,,,,,,,,catalogusGG.pdf
579,D02480,2480,Elementen,kozijn steen: alleen af...,,0.0,999.0,45.2,NPR 5272:2003,36.0,36.0,41.0,46.0,51.0,58.0,True,,,,,,,,,,,,,,,,,catalogusGG.pdf
580,D02481,2481,Elementen,kozijn-steen: schuimb...,,0.0,999.0,50.2,NPR 5272:2003,41.0,41.0,46.0,51.0,56.0,63.0,True,,,,,,,,,,,,,,,,,catalogusGG.pdf
581,D02482,2482,Elementen,kozijn-steen: tweezijd...,,0.0,999.0,55.2,NPR 5272:2003,46.0,46.0,51.0,56.0,61.0,68.0,True,,,,,,,,,,,,,,,,,catalogusGG.pdf
582,D02483,2483,Elementen,dakraam-beschot: ge...,,0.0,999.0,24.6,NPR 5272:2003,19.0,19.0,22.0,25.0,26.0,27.0,True,,,,,,,,,,,,,,,,,catalogusGG.pdf
583,D02484,2484,Elementen,dakraam-beschot: ba...,,0.0,999.0,34.6,NPR 5272:2003,29.0,29.0,32.0,35.0,36.0,37.0,True,,,,,,,,,,,,,,,,,catalogusGG.pdf
584,D02485,2485,Elementen,suskast-kozijn/raam: ...,,0.0,999.0,50.0,NPR 5272:2003,46.0,46.0,49.0,52.0,53.0,48.0,True,,,,,,,,,,,,,,,,,catalogusGG.pdf
585,D02486,2486,Elementen,droge beglazing: ban...,,0.0,999.0,48.5,NPR 5272:2003,38.0,38.0,45.0,52.0,58.0,60.0,True,,,,,,,,,,,,,,,,,catalogusGG.pdf
586,D02487,2487,Elementen,gesloten beglazing of...,,0.0,999.0,53.5,NPR 5272:2003,45.0,45.0,50.0,54.0,58.0,60.0,True,,,,,,,,,,,,,,,,,catalogusGG.pdf
587,D02488,2488,Elementen,bij ramen geen dichti...,,0.0,999.0,19.7,NPR 5272:2003,19.0,19.0,21.0,22.0,20.0,18.0,True,,,,,,,,,,,,,,,,,catalogusGG.pdf
588,D02489,2489,Elementen,bij ramen 'normale' ki...,,0.0,999.0,29.6,NPR 5272:2003,24.0,24.0,27.0,30.0,31.0,32.0,True,,,,,,,,,,,,,,,,,catalogusGG.pdf
589,D02490,2490,Elementen,bij ramen 'normale' ki...,,0.0,999.0,29.8,NPR 5272:2003,28.0,28.0,31.0,33.0,34.0,26.0,True,,,,,,,,,,,,,,,,,catalogusGG.pdf
590,D02491,2491,Elementen,"lipprofiel, indrukking ...",,0.0,999.0,24.7,NPR 5272:2003,24.0,24.0,28.0,30.0,25.0,22.0,True,,,,,,,,,,,,,,,,,catalogusGG.pdf
591,D02492,2492,Elementen,"lipprofiel, indrukking ...",,0.0,999.0,34.4,NPR 5272:2003,39.0,39.0,41.0,40.0,33.0,33.0,True,,,,,,,,,,,,,,,,,catalogusGG.pdf
592,D02493,2493,Elementen,"bij ramen buisprofiel, ...",,0.0,999.0,29.4,NPR 5272:2003,35.0,35.0,36.0,34.0,28.0,28.0,True,,,,,,,,,,,,,,,,,catalogusGG.pdf
593,D02494,2494,Elementen,"bij ramen buisprofiel, ...",,0.0,999.0,39.5,NPR 5272:2003,41.0,41.0,44.0,44.0,38.0,39.0,True,,,,,,,,,,,,,,,,,catalogusGG.pdf
594,D02495,2495,Elementen,bij ramen buis- of tus...,,0.0,999.0,44.6,NPR 5272:2003,38.0,38.0,46.0,46.0,46.0,45.0,True,,,,,,,,,,,,,,,,,catalogusGG.pdf
595,D02496,2496,Elementen,bij ramen matige dub...,,0.0,999.0,40.0,NPR 5272:2003,36.0,36.0,39.0,42.0,43.0,38.0,True,,,,,,,,,,,,,,,,,catalogusGG.pdf
596,D02497,2497,Elementen,bij ramen goede dubb...,,0.0,999.0,50.0,NPR 5272:2003,46.0,46.0,49.0,52.0,53.0,48.0,True,,,,,,,,,,,,,,,,,catalogusGG.pdf
597,D02498,2498,Elementen,bij ramen dubbel-prof...,,0.0,999.0,44.9,NPR 5272:2003,41.0,41.0,45.0,46.0,44.0,48.0,True,,,,,,,,,,,,,,,,,catalogusGG.pdf
598,D02499,2499,Elementen,bij deuren zonder extr...,,0.0,999.0,19.7,NPR 5272:2003,19.0,19.0,21.0,22.0,20.0,18.0,True,,,,,,,,,,,,,,,,,catalogusGG.pdf
599,D02500,2500,Elementen,bij deuren met tochtb...,,0.0,999.0,29.7,NPR 5272:2003,29.0,29.0,31.0,32.0,30.0,28.0,True,,,,,,,,,,,,,,,,,catalogusGG.pdf
600,D02501,2501,Elementen,bij deuren met enkele...,,0.0,999.0,35.0,NPR 5272:2003,31.0,31.0,34.0,37.0,38.0,33.0,True,,,,,,,,,,,,,,,,,catalogusGG.pdf
601,D02502,2502,Elementen,bij deuren met dubbel...,,0.0,999.0,40.0,NPR 5272:2003,36.0,36.0,39.0,42.0,43.0,38.0,True,,,,,,,,,,,,,,,,,catalogusGG.pdf
602,D02503,2503,Elementen,bij dakraam-op-kast ...,,0.0,999.0,29.7,NPR 5272:2003,29.0,29.0,31.0,32.0,30.0,28.0,True,,,,,,,,,,,,,,,,,catalogusGG.pdf
603,D02504,2504,Elementen,bij dakraam-in-kast m...,,0.0,999.0,40.0,NPR 5272:2003,36.0,36.0,39.0,42.0,43.0,38.0,True,,,,,,,,,,,,,,,,,catalogusGG.pdf
604,D02505,2505,Elementen,bij dakraam met driev...,,0.0,999.0,50.0,NPR 5272:2003,46.0,46.0,49.0,52.0,53.0,48.0,True,,,,,,,,,,,,,,,,,catalogusGG.pdf
605,D02577,2577,Elementen,Phonotech DK-45 co...,,62.0,19.0,20.2,Phonotech sept 2006,2.4,20.0,37.6,53.6,58.8,56.7,True,phonotech,+32(0)8733...,,,,,,,,,,,,,,,catalogusGG.pdf
606,D02578,2578,Elementen,Phonotech DK-45 co...,,74.0,36.0,30.5,Phonotech sept 2006,13.2,25.5,37.6,50.1,55.8,56.7,True,Phonotech,+32(0)8733...,,,,,,,,,,,,,,,catalogusGG.pdf
607,D02579,2579,Elementen,Phonotech DK-45 co...,,78.0,42.0,34.2,Phonotech sept 2006,17.2,29.0,40.6,52.6,57.8,41.7,True,Phonotech,+32(0)8733...,,,,,,,,,,,,,,,catalogusGG.pdf
608,D02580,2580,Elementen,Phonotech DK-65 co...,,82.0,20.0,18.8,Phonotech sept 2006,0.9,21.2,41.5,54.7,58.3,56.6,True,Phonotech,+32(0)8733...,,,,,,,,,,,,,,,catalogusGG.pdf
609,D02581,2581,Elementen,Phonotech DK-65 co...,,94.0,376.0,33.6,Phonotech sept 2006,16.7,26.7,41.5,51.2,55.3,56.6,True,Phonotech,+32(0)8733...,,,,,,,,,,,,,,,catalogusGG.pdf
610,D02582,2582,Elementen,Phonotech DK-65 co...,,98.0,43.0,33.5,Phonotech sept 2006,15.9,30.2,44.5,53.7,57.3,58.6,True,Phonotech,+32(0)8733...,,,,,,,,,,,,,,,catalogusGG.pdf
611,D02583,2583,Elementen,Phonotech DK-85 co...,,102.0,22.0,23.9,Phonotech sept 2006,6.1,23.8,41.5,54.7,58.3,56.6,True,Phonotech,+32(0)8733...,,,,,,,,,,,,,,,catalogusGG.pdf
612,D02584,2584,Elementen,Phonotech DK-85 co...,,114.0,39.0,34.4,Phonotech sept 2006,17.1,29.3,41.5,51.2,55.3,56.6,True,Phonotech,+32(0)8733...,,,,,,,,,,,,,,,catalogusGG.pdf
613,D02585,2585,Elementen,Phonotech DK-85 co...,,118.0,45.0,38.3,Phonotech sept 2006,21.1,32.8,44.5,53.7,57.3,58.6,True,Phonotech,+32(0)8733...,,,,,,,,,,,,,,,catalogusGG.pdf
614,D02586,2586,Elementen,Phonotech DK-45 co...,,62.0,19.0,28.5,Phonotech sept 2006,10.9,25.0,39.1,52.6,59.3,56.5,True,Phonotech,+32(0)8733...,,,,,,,,,,,,,,,catalogusGG.pdf
615,D02587,2587,Elementen,Phonotech DK-45 co...,,74.0,36.0,36.1,Phonotech sept 2006,18.9,30.5,42.1,51.6,58.3,58.5,True,Phonotech,+32(0)8733...,,,,,,,,,,,,,,,catalogusGG.pdf
616,D02588,2588,Elementen,Phonotech DK-45 co...,,78.0,42.0,39.9,Phonotech sept 2006,22.9,34.0,45.1,54.1,60.3,60.5,True,Phonotech,+32(0)8733...,,,,,,,,,,,,,,,catalogusGG.pdf
617,D02589,2589,Elementen,Phonotech DK-65 co...,,82.0,20.0,30.5,Phonotech sept 2006,13.1,26.2,39.3,52.2,59.0,54.6,True,Phonotech,+32(0)8733...,,,,,,,,,,,,,,,catalogusGG.pdf
618,D02590,2590,Elementen,Phonotech DK-65 co...,,94.0,38.0,38.0,Phonotech sept 2006,21.1,31.7,42.3,51.2,58.0,56.6,True,Phonotech,+32(0)8733...,,,,,,,,,,,,,,,catalogusGG.pdf
619,D02591,2591,Elementen,Phonotech DK-65 co...,,98.0,43.0,41.8,Phonotech sept 2006,25.1,35.2,45.3,53.7,60.0,58.6,True,Phonotech,+32(0)8733...,,,,,,,,,,,,,,,catalogusGG.pdf
620,D02592,2592,Elementen,Phonotech DK-85 co...,,102.0,22.0,32.2,Phonotech sept 2006,14.6,28.8,43.0,53.7,58.8,56.4,True,Phonotech,+32(0)8733...,,,,,,,,,,,,,,,catalogusGG.pdf
621,D02593,2593,Elementen,Phonotech DK-85 co...,,114.0,39.0,39.7,Phonotech sept 2006,22.6,34.3,46.0,52.7,57.8,58.4,True,Phonotech,+32(0)8733...,,,,,,,,,,,,,,,catalogusGG.pdf
622,D02594,2594,Elementen,Phonotech DK-85 co...,,118.0,45.0,43.6,Phonotech sept 2006,26.6,37.8,49.0,55.2,59.8,60.4,True,Phonotech,+32(0)8733...,,,,,,,,,,,,,,,catalogusGG.pdf
623,D02595,2595,Elementen,Phonotech DK-45 co...,,62.0,19.0,51.2,Phonotech sept 2006,34.7,44.7,51.0,64.7,78.8,80.9,True,Phonotech,+32(0)8733...,,,,,,,,,,,,,,,catalogusGG.pdf
624,D02596,2596,Elementen,Phonotech DK-65 co...,,82.0,20.0,52.7,Phonotech sept 2006,35.7,47.7,54.5,71.7,83.0,79.4,True,Phonotech,+32(0)8733...,,,,,,,,,,,,,,,catalogusGG.pdf
625,D02597,2597,Elementen,Phonotech DK-85 co...,,102.0,22.0,56.3,Phonotech sept 2006,39.7,49.7,57.0,69.7,82.0,82.9,True,Phonotech,+32(0)8733...,,,,,,,,,,,,,,,catalogusGG.pdf
626,D02770,2770,Elementen,Alara-Lukagro AL-D 4...,,0.0,0.0,35.5,Rapport Peutz A-165...,19.0,32.0,41.0,40.0,42.0,49.0,True,Alara Lukagro,018 466 17...,,,,,,,,,,,,,,,catalogusGG.pdf
627,D02771,2771,Elementen,Alara-Lukagro AL-D 5...,,0.0,0.0,28.9,Rapport Peutz A-165...,11.0,36.0,43.0,47.0,51.0,51.0,True,Alara Lukagro,018 466 17...,,,,,,,,,,,,,,,catalogusGG.pdf
628,D02772,2772,Elementen,Alara-Lukagro AL-D 5...,,0.0,0.0,34.8,Rapport Peutz A-165...,17.0,36.0,46.0,49.0,52.0,54.0,True,Alara Lukagro,018 466 17...,,,,,,,,,,,,,,,catalogusGG.pdf
629,D02773,2773,Elementen,Alara-Lukagro AL-D 5...,,0.0,0.0,38.7,Rapport Peutz A-165...,21.0,41.0,48.0,52.0,55.0,55.0,True,Alara Lukagro,018 466 17...,,,,,,,,,,,,,,,catalogusGG.pdf
630,D02774,2774,Elementen,Alara-Lukagro AL-D 5...,,0.0,0.0,45.9,Rapport Peutz A-165...,29.0,43.0,49.0,52.0,56.0,59.0,True,Alara Lukagro,018 466 17...,,,,,,,,,,,,,,,catalogusGG.pdf
631,D02775,2775,Elementen,Alara-Lukagro AL-D/...,,0.0,0.0,34.5,Rapport University of...,23.0,22.0,38.0,48.0,51.0,48.0,True,Alara Lukagro,018 466 17...,,,,,,,,,,,,,,,catalogusGG.pdf
632,D02776,2776,Elementen,Alara-Lukagro AL-D/...,,0.0,0.0,42.3,Rapport University of...,26.0,35.0,44.0,51.0,56.0,58.0,True,Alara Lukagro,018 466 17...,,,,,,,,,,,,,,,catalogusGG.pdf
633,D02777,2777,Elementen,Alara-Lukagro AL-D/...,,0.0,0.0,40.6,Rapport LGAI Techn...,29.0,36.0,43.0,41.0,41.0,48.0,True,Alara Lukagro,018 466 17...,,,,,,,,,,,,,,,catalogusGG.pdf
634,D02778,2778,Elementen,Alara-Lukagro AL-D/...,,0.0,0.0,44.7,Rapport LGAI Techn...,33.0,37.0,41.0,45.0,51.0,55.0,True,Alara Lukagro,018 466 17...,,,,,,,,,,,,,,,catalogusGG.pdf
635,D02779,2779,Elementen,Alara-Lukagro AL-D/...,,0.0,0.0,41.2,Rapport LGAI Techn...,25.0,34.0,43.0,49.0,52.0,61.0,True,Alara Lukagro,018 466 17...,,,,,,,,,,,,,,,catalogusGG.pdf
636,D02809,2809,Elementen,Velux CSP 0073Q [1],,0.0,0.0,29.4,,26.3,27.2,22.9,29.1,32.3,38.7,True,Velux Nederland B.V.,030-6629629,,,,,,,,,,,,,,,catalogusGG.pdf
637,D02831,2831,Elementen,Sch³co AWS 65 draai...,,59.0,30.0,30.4,ift Rosenheim 161 3...,20.0,24.6,24.0,33.9,35.9,39.2,True,Sch³co,0297-233 6...,,,,,,,,,,,,,,,catalogusGG.pdf
638,D02832,2832,Elementen,Sch³co AWS 65 draai...,,59.0,30.0,30.7,ift Rosenheim 161 3...,19.0,24.2,24.5,34.7,39.8,39.5,True,Sch³co,0297-233 6...,,,,,,,,,,,,,,,catalogusGG.pdf
639,D02833,2833,Elementen,Sch³co AWS 65 draai...,,59.0,30.0,30.4,ift Rosenheim 161 3...,19.4,24.3,23.6,34.2,39.5,39.7,True,Sch³co,0297-233 6...,,,,,,,,,,,,,,,catalogusGG.pdf
640,D02844,2844,Elementen,Alcoa RT 62 met begl...,,46.0,0.0,42.5,IFT Rosenheim'98 N...,30.8,35.0,40.6,43.7,46.3,48.4,True,Alcoa,+ 31 (0) 41...,,,,,,,,,,,,,,,catalogusGG.pdf
641,D02976,2976,Elementen,Akoestiregel 1x12.5 g...,,152.0,0.0,33.8,Peutz rapport A2406...,16.4,29.3,44.2,56.1,63.9,61.7,True,,,,,,,,,,,,,,,,,catalogusGG.pdf
642,D02977,2977,Elementen,Akoestiregel 2x12.5 g...,,165.0,0.0,34.8,Peutz rapport A2406...,17.0,34.9,48.5,59.4,64.9,65.3,True,,,,,,,,,,,,,,,,,catalogusGG.pdf
643,D02978,2978,Elementen,Akoestiregel 3x12.5 g...,,177.0,0.0,37.5,Peutz rapport A2406...,19.7,38.1,50.5,60.4,65.9,66.5,True,,,,,,,,,,,,,,,,,catalogusGG.pdf
644,D02979,2979,Elementen,Akoestiregel 1x12.5 g...,,172.0,0.0,34.1,Peutz rapport A2406...,16.3,33.6,46.5,58.4,66.6,64.8,True,,,,,,,,,,,,,,,,,catalogusGG.pdf
645,D02980,2980,Elementen,Akoestiregel 2x12.5 g...,,185.0,0.0,37.9,Peutz rapport A2406...,20.0,39.6,51.1,61.5,67.1,68.9,True,,,,,,,,,,,,,,,,,catalogusGG.pdf
646,D02981,2981,Elementen,Akoestiregel 3x12.5 g...,,197.0,0.0,41.9,Peutz rapport A2406...,24.1,43.0,53.0,62.0,68.3,69.5,True,,,,,,,,,,,,,,,,,catalogusGG.pdf
647,D02982,2982,Elementen,Akoestiregel 1x12.5 g...,,232.0,0.0,36.9,Peutz rapport A2406...,19.1,36.9,48.9,59.4,67.3,67.4,True,,,,,,,,,,,,,,,,,catalogusGG.pdf
648,D02983,2983,Elementen,Akoestiregel 2x12.5 g...,,245.0,0.0,42.7,Peutz rapport A2406...,25.0,42.5,52.7,62.3,67.7,70.9,True,,,,,,,,,,,,,,,,,catalogusGG.pdf
649,D02984,2984,Elementen,Akoestiregel 3x12.5 g...,,257.0,0.0,46.7,Peutz rapport A2406...,29.1,45.4,54.1,62.7,68.5,71.0,True,,,,,,,,,,,,,,,,,catalogusGG.pdf
650,D02985,2985,Elementen,Akoestiregel KZS 21...,,267.0,0.0,49.5,Peutz rapport A2406...,34.4,39.0,53.4,71.4,78.1,74.1,True,,,,,,,,,,,,,,,,,catalogusGG.pdf
651,D02986,2986,Elementen,Akoestiregel KZS 21...,,267.0,0.0,49.4,Peutz rapport A2406...,35.9,37.9,50.3,69.7,82.3,88.9,True,,,,,,,,,,,,,,,,,catalogusGG.pdf
652,D02987,2987,Elementen,Akoestiregel KZS 21...,,280.0,0.0,50.8,Peutz rapport A2406...,33.8,44.3,56.7,73.9,82.6,90.6,True,,,,,,,,,,,,,,,,,catalogusGG.pdf
653,D02988,2988,Elementen,Akoestiregel KZS 21...,,292.0,0.0,52.4,Peutz rapport A2406...,35.0,48.4,60.0,74.3,82.0,89.4,True,,,,,,,,,,,,,,,,,catalogusGG.pdf
654,D02989,2989,Elementen,Akoestiregel KZS 21...,,282.0,0.0,50.5,Peutz rapport A2406...,34.2,41.8,56.6,73.5,86.8,93.3,True,,,,,,,,,,,,,,,,,catalogusGG.pdf
655,D02990,2990,Elementen,Akoestiregel KZS 21...,,300.0,0.0,51.7,Peutz rapport A2406...,34.1,48.9,62.1,76.9,85.8,92.9,True,,,,,,,,,,,,,,,,,catalogusGG.pdf
656,D02991,2991,Elementen,Akoestikon KZS + M...,,312.0,0.0,54.8,Peutz rapport A2406...,37.1,52.9,63.9,77.4,86.1,93.8,True,,,,,,,,,,,,,,,,,catalogusGG.pdf
657,D02992,2992,Elementen,Akoestiregel KZS 21...,,347.0,0.0,51.1,Peutz rapport A2406...,33.5,47.9,61.6,78.0,90.1,99.7,True,,,,,,,,,,,,,,,,,catalogusGG.pdf
658,D02993,2993,Elementen,Akoestiregel KZS 21...,,360.0,0.0,56.1,Peutz rapport A2406...,38.4,54.0,66.1,80.6,89.7,99.9,True,,,,,,,,,,,,,,,,,catalogusGG.pdf
659,D02994,2994,Elementen,Akoestiregel KZS 21...,,372.0,0.0,61.8,Peutz rapport A2406...,44.6,56.6,67.3,81.2,90.8,99.9,True,,,,,,,,,,,,,,,,,catalogusGG.pdf
660,D02995,2995,Elementen,Akoestiregel KZS 21...,,247.0,0.0,50.7,Peutz rapport A2406...,32.9,50.1,62.4,80.4,90.8,99.9,True,,,,,,,,,,,,,,,,,catalogusGG.pdf
661,D02996,2996,Elementen,Akoestiregel KZS 21...,,360.0,0.0,56.2,Peutz rapport A2406...,38.5,54.6,65.4,81.5,90.6,99.9,True,,,,,,,,,,,,,,,,,catalogusGG.pdf
662,D02997,2997,Elementen,Akoestikon KZS + M...,,372.0,0.0,61.2,Peutz rapport A2406...,43.9,56.4,67.7,82.2,90.6,99.9,True,,,,,,,,,,,,,,,,,catalogusGG.pdf
663,D02999,2999,Elementen,Akoestiregel KZS 21...,,372.0,0.0,61.2,Peutz rapport A2406...,43.9,56.4,67.7,82.2,90.6,99.9,True,,,,,,,,,,,,,,,,,catalogusGG.pdf
664,D03000,3000,Elementen,Akoestiregel KZS 21...,,447.0,0.0,55.1,Peutz rapport A2406...,37.4,53.3,64.0,80.3,92.7,99.9,True,,,,,,,,,,,,,,,,,catalogusGG.pdf
665,D03001,3001,Elementen,Akoestiregel KZS 21...,,460.0,0.0,61.0,Peutz rapport A2406...,43.8,55.7,67.1,80.8,92.4,99.9,True,,,,,,,,,,,,,,,,,catalogusGG.pdf
666,D03002,3002,Elementen,Akoestiregel KZS 21...,,472.0,0.0,63.7,Peutz rapport A2406...,46.7,57.2,68.2,81.6,92.8,99.9,True,,,,,,,,,,,,,,,,,catalogusGG.pdf
667,D03003,3003,Elementen,Akoestiregel KZS 10...,,152.0,0.0,43.0,Peutz rapport A2406...,31.1,31.1,42.1,59.8,77.1,84.9,True,,,,,,,,,,,,,,,,,catalogusGG.pdf
668,D03004,3004,Elementen,Akoestiregel KZS 10...,,165.0,0.0,46.9,Peutz rapport A2406...,31.6,37.1,48.1,63.9,76.6,86.0,True,,,,,,,,,,,,,,,,,catalogusGG.pdf
669,D03005,3005,Elementen,Akoestiregel KZS 10...,,177.0,0.0,48.1,Peutz rapport A2406...,31.4,41.1,50.7,65.0,77.4,85.7,True,,,,,,,,,,,,,,,,,catalogusGG.pdf
670,D03006,3006,Elementen,Akoestiregel KZS 10...,,172.0,0.0,45.4,Peutz rapport A2406...,30.5,35.0,46.4,63.4,80.7,89.4,True,,,,,,,,,,,,,,,,,catalogusGG.pdf
671,D03007,3007,Elementen,Akoestiregel KZS 10...,,185.0,0.0,48.5,Peutz rapport A2406...,31.7,41.7,52.7,67.4,80.8,91.2,True,,,,,,,,,,,,,,,,,catalogusGG.pdf
672,D03008,3008,Elementen,Akoestiregel KZS 10...,,197.0,0.0,50.8,Peutz rapport A2406...,33.9,43.9,55.2,68.9,81.0,90.5,True,,,,,,,,,,,,,,,,,catalogusGG.pdf
673,D03009,3009,Elementen,Akoestikon KZS 100 ...,,232.0,0.0,47.8,Peutz rapport A2406...,31.6,39.1,52.0,68.2,83.6,94.5,True,,,,,,,,,,,,,,,,,catalogusGG.pdf
674,D03010,3010,Elementen,Akoestiregel KZS 10...,,232.0,0.0,47.8,Peutz rapport A2406...,31.6,39.1,52.0,68.2,83.6,94.5,True,,,,,,,,,,,,,,,,,catalogusGG.pdf
675,D03011,3011,Elementen,Akoestiregel KZS 10...,,245.0,0.0,52.1,Peutz rapport A2406...,35.1,45.6,58.7,72.1,82.5,93.6,True,,,,,,,,,,,,,,,,,catalogusGG.pdf
676,D03012,3012,Elementen,Akoestiregel KZS 10...,,257.0,0.0,55.3,Peutz rapport A2406...,38.4,48.5,61.5,73.5,84.1,97.0,True,,,,,,,,,,,,,,,,,catalogusGG.pdf
677,D03013,3013,Elementen,Akoestiregel KZS 10...,,232.0,0.0,47.6,Peutz rapport A2406...,30.3,42.9,54.4,72.5,86.8,99.4,True,,,,,,,,,,,,,,,,,catalogusGG.pdf
678,D03014,3014,Elementen,Akoestiregel KZS 10...,,245.0,0.0,52.0,Peutz rapport A2406...,34.5,48.3,58.3,74.3,86.0,99.9,True,,,,,,,,,,,,,,,,,catalogusGG.pdf
679,D03015,3015,Elementen,Akoestiregel KZS 10...,,257.0,0.0,54.4,Peutz rapport A2406...,37.0,50.3,60.5,75.0,86.2,99.9,True,,,,,,,,,,,,,,,,,catalogusGG.pdf
680,D03016,3016,Elementen,Akoestiregel KZS 10...,,332.0,0.0,49.7,Peutz rapport A2406...,32.3,45.9,54.8,71.4,84.8,99.9,True,,,,,,,,,,,,,,,,,catalogusGG.pdf
681,D03017,3017,Elementen,Akoestiregel KZS 10...,,345.0,0.0,53.4,Peutz rapport A2406...,35.6,79.6,57.5,72.0,83.3,99.9,True,,,,,,,,,,,,,,,,,catalogusGG.pdf
682,D03018,3018,Elementen,Akoestiregel KZS 10...,,357.0,0.0,55.6,Peutz rapport A2406...,38.2,51.9,59.7,72.6,83.0,97.2,True,,,,,,,,,,,,,,,,,catalogusGG.pdf
683,D03019,3019,Elementen,Akoestiregel Cellenb...,,152.0,0.0,40.3,Peutz rapport A2406...,28.4,29.3,36.9,48.0,64.8,74.2,True,,,,,,,,,,,,,,,,,catalogusGG.pdf
684,D03020,3020,Elementen,Akoestiregel Cellenb...,,165.0,0.0,43.7,Peutz rapport A2406...,28.6,34.4,43.1,53.0,65.5,75.6,True,,,,,,,,,,,,,,,,,catalogusGG.pdf
685,D03021,3021,Elementen,Akoestiregel Cellenb...,,177.0,0.0,43.5,Peutz rapport A2406...,26.6,37.9,45.6,55.0,66.7,76.7,True,,,,,,,,,,,,,,,,,catalogusGG.pdf
686,D03022,3022,Elementen,Akoestiregel Cellenb...,,172.0,0.0,41.6,Peutz rapport A2406...,26.4,31.8,42.8,53.3,70.0,80.4,True,,,,,,,,,,,,,,,,,catalogusGG.pdf
687,D03023,3023,Elementen,Akoestiregel Cellenb...,,185.0,0.0,42.8,Peutz rapport A2406...,25.5,38.5,48.4,57.6,70.1,82.9,True,,,,,,,,,,,,,,,,,catalogusGG.pdf
688,D03024,3024,Elementen,Akoestiregel Cellenb...,,197.0,0.0,43.8,Peutz rapport A2406...,26.2,41.9,50.6,59.1,70.9,83.6,True,,,,,,,,,,,,,,,,,catalogusGG.pdf
689,D03025,3025,Elementen,Akoestiregel Cellenb...,,165.0,0.0,46.8,Peutz rapport A2406...,29.4,42.6,52.2,62.0,74.4,85.9,True,,,,,,,,,,,,,,,,,catalogusGG.pdf
690,D03026,3026,Elementen,Akoestiregel Cellenb...,,232.0,0.0,42.8,Peutz rapport A2406...,25.6,37.8,48.6,58.0,74.4,86.9,True,,,,,,,,,,,,,,,,,catalogusGG.pdf
691,D03027,3027,Elementen,Akoestiregel Cellenb...,,245.0,0.0,48.5,Peutz rapport A2406...,31.1,45.1,54.7,62.1,74.8,88.8,True,,,,,,,,,,,,,,,,,catalogusGG.pdf
692,D03028,3028,Elementen,Akoestiregel Cellenb...,,257.0,0.0,51.5,Peutz rapport A2406...,34.2,47.1,56.8,63.5,75.1,90.7,True,,,,,,,,,,,,,,,,,catalogusGG.pdf
693,D03029,3029,Elementen,Akoestiregel Cellenb...,,232.0,0.0,41.1,Peutz rapport A2406...,23.5,38.7,49.7,60.8,74.4,88.3,True,,,,,,,,,,,,,,,,,catalogusGG.pdf
694,D03030,3030,Elementen,Akoestiregel Cellenb...,,245.0,0.0,42.6,Peutz rapport A2406...,24.8,42.3,52.9,62.7,74.0,92.3,True,,,,,,,,,,,,,,,,,catalogusGG.pdf
695,D03031,3031,Elementen,Akoestiregel Cellenb...,,257.0,0.0,48.0,Peutz rapport A2406...,30.5,44.9,55.3,63.3,75.1,93.0,True,,,,,,,,,,,,,,,,,catalogusGG.pdf
696,D03032,3032,Elementen,Akoestiregel Cellenb...,,323.0,0.0,42.6,Peutz rapport A2406...,24.9,41.2,50.7,64.2,78.0,97.2,True,,,,,,,,,,,,,,,,,catalogusGG.pdf
697,D03033,3033,Elementen,Akoestiregel Cellenb...,,345.0,0.0,47.5,Peutz rapport A2406...,30.2,43.2,53.1,65.1,77.1,98.6,True,,,,,,,,,,,,,,,,,catalogusGG.pdf
698,D03034,3034,Elementen,Akoestiregel Cellenb...,,357.0,0.0,50.1,Peutz rapport A2406...,32.8,45.9,55.5,66.0,78.1,99.1,True,,,,,,,,,,,,,,,,,catalogusGG.pdf
699,D03035,3035,Elementen,Akoestiregel KZS 21...,,312.0,0.0,54.8,Peutz rapport A2406...,37.1,52.9,63.9,77.4,86.1,93.8,True,,,,,,,,,,,,,,,,,catalogusGG.pdf
700,D03036,3036,Elementen,Akoestikon Akoestiro...,,200.0,0.0,33.6,Peutz rapport A2454...,16.1,30.4,41.9,50.6,59.1,65.2,True,,,,,,,,,,,,,,,,,catalogusGG.pdf
701,D03037,3037,Elementen,Akoestikon Akoestiro...,,212.0,0.0,33.8,Peutz rapport A2454...,16.0,34.8,46.1,54.0,60.5,67.2,True,,,,,,,,,,,,,,,,,catalogusGG.pdf
702,D03038,3038,Elementen,Akoestikon Akoestiro...,,230.0,0.0,38.5,Peutz rapport A2454...,20.8,38.6,45.6,52.4,60.7,67.9,True,,,,,,,,,,,,,,,,,catalogusGG.pdf
703,D03080,3080,Elementen,Interselect 100 [1],,100.0,0.0,23.8,Peutz rapport A 1580...,6.3,20.0,33.7,45.1,53.0,47.9,True,Interwand Eibergen ...,0545-438400,,,,,,,,,,,,,,,catalogusGG.pdf
704,D03081,3081,Elementen,Interselect 100 G [1],,100.0,0.0,33.9,Peutz rapport A 1580...,16.7,28.4,40.1,48.6,57.8,54.9,True,Interwand Eibergen ...,0545-438400,,,,,,,,,,,,,,,catalogusGG.pdf
705,D03082,3082,Elementen,Interline SO [1],,95.0,0.0,38.1,Peutz rapport A 1416-2,21.4,32.3,43.2,50.1,49.4,47.3,True,Interwand Eibergen ...,0545-438400,,,,,,,,,,,,,,,catalogusGG.pdf
706,D03083,3083,Elementen,Interline MO [1],,95.0,0.0,30.2,Peutz rapport A 1416-2,13.0,25.4,37.8,46.3,49.1,41.3,True,Interwand Eibergen ...,0545-438400,,,,,,,,,,,,,,,catalogusGG.pdf
707,D03084,3084,Elementen,Interline MO G [1],,95.0,0.0,36.2,Peutz rapport 1416-7,19.4,30.0,40.6,48.4,52.6,51.4,True,Interwand Eibergen ...,0545-438400,,,,,,,,,,,,,,,catalogusGG.pdf
708,D03093,3093,Elementen,Interwand glasdeur g...,glas,0.0,28.0,20.2,Peutz rapport A 1953-1,13.4,15.7,18.0,19.6,21.7,22.7,True,Interwand Eibergen ...,0545-438400,,,,,,,,,,,,,,,catalogusGG.pdf
709,D03094,3094,Elementen,Interwand schuifdeur ...,,0.0,0.0,26.5,Peutz rapport A 1752...,21.7,24.0,26.3,25.6,26.2,30.4,True,Interwand Eibergen ...,0545-438400,,,,,,,,,,,,,,,catalogusGG.pdf
710,D03095,3095,Elementen,Interwand Reinaerdt ...,,0.0,0.0,25.9,Peutz rapport A 1812...,18.3,21.5,24.7,28.0,25.9,28.3,True,Interwand Eibergen ...,0545-438400,,,,,,,,,,,,,,,catalogusGG.pdf
711,D03096,3096,Elementen,Interwand glasdeur 1...,glas,0.0,27.0,27.9,Peutz rapport A 1953-1,19.6,23.9,28.2,31.0,28.2,28.4,True,Interwand Eibergen ...,0545-438400,,,,,,,,,,,,,,,catalogusGG.pdf
712,D03097,3097,Elementen,Interwand Reinaerdt ...,,0.0,0.0,28.5,Peutz rapport A 1812...,18.4,22.6,25.8,31.0,34.1,28.0,True,Interwand Eibergen ...,0545-438400,,,,,,,,,,,,,,,catalogusGG.pdf
713,D03098,3098,Elementen,Interwand stalen deur...,,0.0,0.0,19.7,Peutz rapport A 1509...,12.8,16.1,19.4,21.4,20.1,20.3,True,Interwand Eibergen ...,0545-438400,,,,,,,,,,,,,,,catalogusGG.pdf
714,D03099,3099,Elementen,Interwand Reinaerdt ...,,0.0,0.0,23.2,Peutz rapport A 1812...,8.7,16.2,23.7,26.7,28.8,28.5,True,Interwand Eibergen ...,0545-438400,,,,,,,,,,,,,,,catalogusGG.pdf
715,D03100,3100,Elementen,Interwand glasdeur V...,glas,0.0,0.0,25.4,Peutz rapport,13.7,20.2,25.6,25.4,29.2,27.1,True,Interwand Eibergen ...,0545-438400,,,,,,,,,,,,,,,catalogusGG.pdf
716,D03101,3101,Elementen,Interwand houten deu...,,0.0,33.0,27.3,Peutz rapport A 1953-1,20.8,24.0,27.2,26.7,27.4,30.5,True,Interwand Eibergen ...,0545-438400,,,,,,,,,,,,,,,catalogusGG.pdf
717,D03102,3102,Elementen,Interwand stalen deur...,,0.0,0.0,26.4,Peutz rapport A 1509,15.7,20.0,24.3,27.6,29.3,29.7,True,Interwand Eibergen ...,0545-438400,,,,,,,,,,,,,,,catalogusGG.pdf
718,D03103,3103,Elementen,Interwand glasdeur 3....,glas,93.0,0.0,27.6,Peutz rapport A 1703...,19.4,23.0,26.2,30.3,29.2,27.4,True,Interwand Eibergen ...,0545-438400,,,,,,,,,,,,,,,catalogusGG.pdf
719,D03104,3104,Elementen,Interwand glasdeur 3....,glas,93.0,0.0,28.2,Peutz rapport A 1703...,19.5,23.2,26.4,30.6,29.7,29.0,True,Interwand Eibergen ...,0545-438400,,,,,,,,,,,,,,,catalogusGG.pdf
720,D03105,3105,Elementen,Interwand deur Varia...,,0.0,0.0,28.8,Peutz rapport A 2441...,12.5,27.1,29.3,32.7,37.3,35.9,True,Interwand Eibergen ...,0545-438400,,,,,,,,,,,,,,,catalogusGG.pdf
721,D03106,3106,Elementen,Interwand houten deu...,,55.0,0.0,24.4,Peutz rapport A 1953-1,18.1,20.8,23.5,24.4,24.9,26.5,True,,,,,,,,,,,,,,,,,catalogusGG.pdf
722,D03107,3107,Elementen,Interwand glasdeur 3....,glas,93.0,0.0,24.7,Peutz rapport A 1703...,16.7,19.8,22.9,26.1,26.5,25.2,True,Interwand Eibergen ...,0545-438400,,,,,,,,,,,,,,,catalogusGG.pdf
723,D03108,3108,Elementen,Interwand Reinaerdt ...,,0.0,0.0,22.2,Peutz rapport A 1703...,16.0,18.7,21.4,23.7,22.2,23.4,True,Interwand Eibergen ...,0545-438400,,,,,,,,,,,,,,,catalogusGG.pdf
724,D03109,3109,Elementen,Interwand deur Varia...,,0.0,0.0,31.7,Peutz rapport A 2441...,17.3,27.0,29.8,33.6,37.6,37.8,True,Interwand Eibergen ...,0545-438400,,,,,,,,,,,,,,,catalogusGG.pdf
725,D03110,3110,Elementen,Interwand Reinaerdt ...,,93.0,0.0,24.6,Peutz rapport A 1703...,19.4,22.3,25.2,27.7,23.9,25.0,True,Interwand Eibergen ...,0545-438400,,,,,,,,,,,,,,,catalogusGG.pdf
726,D03111,3111,Elementen,Interwand schuifdeur ...,,0.0,0.0,22.0,Peutz rapport A 1752...,19.5,21.0,22.5,21.5,20.7,27.4,True,Interwand Eibergen ...,0545-438400,,,,,,,,,,,,,,,catalogusGG.pdf
727,D03112,3112,Elementen,Interwand houten deu...,,0.0,0.0,25.4,Peutz rapport A 2040-1,13.6,19.1,19.3,30.1,32.4,35.2,True,Interwand Eibergen ...,0545-438400,,,,,,,,,,,,,,,catalogusGG.pdf
728,D03113,3113,Elementen,Interwand Reinaerdt ...,,0.0,0.0,24.7,Peutz rapport A 1812...,8.5,17.6,26.7,35.2,36.2,35.1,True,Interwand Eibergen ...,0545-438400,,,,,,,,,,,,,,,catalogusGG.pdf
729,D03114,3114,Elementen,Interwand Reinaerdt ...,,0.0,0.0,27.8,Peutz rapport A 1812...,19.1,23.3,27.5,30.9,27.5,30.3,True,Interwand Eibergen ...,0545-438400,,,,,,,,,,,,,,,catalogusGG.pdf
730,D03115,3115,Elementen,Interwand glasdeur v...,glas,0.0,0.0,30.9,Peutz rapport A 1953-1,21.4,24.5,27.6,30.3,35.7,34.3,True,Interwand Eibergen ...,0545-438400,,,,,,,,,,,,,,,catalogusGG.pdf
731,D03116,3116,Elementen,Interwand Reinaerdt ...,,0.0,0.0,30.2,Peutz rapport A 1812...,18.2,23.1,26.3,33.0,35.8,34.6,True,Interwand Eibergen ...,0545-438400,,,,,,,,,,,,,,,catalogusGG.pdf
732,D03117,3117,Elementen,Interwand DK 65mm ...,,0.0,0.0,25.6,Peutz rapport A 2441...,15.3,18.9,24.8,25.9,29.1,27.6,True,Interwand Eibergen ...,0545-438400,,,,,,,,,,,,,,,catalogusGG.pdf
733,D03118,3118,Elementen,Interwand glasdeur 3....,glas,93.0,0.0,25.7,Peutz rapport A 1703...,17.6,20.7,23.4,27.0,27.4,26.9,True,Interwand Eibergen ...,0545-438400,,,,,,,,,,,,,,,catalogusGG.pdf
734,D03119,3119,Elementen,Interwand DK 65mm ...,,0.0,0.0,21.0,Peutz rapport A 2443...,13.6,16.8,20.5,22.1,21.1,23.3,True,Interwand Eibergen ...,0545-438400,,,,,,,,,,,,,,,catalogusGG.pdf
735,D03120,3120,Elementen,Interwand DK 65mm ...,,0.0,0.0,25.8,Peutz rapport A 2441...,15.2,21.0,25.4,25.3,29.1,27.2,True,Interwand Eibergen ...,0545-438400,,,,,,,,,,,,,,,catalogusGG.pdf
736,D03121,3121,Elementen,Interwand DK 65mm ...,,0.0,0.0,25.4,Peutz rapport A 2441...,13.7,20.2,25.6,25.4,29.2,27.1,True,Interwand Eibergen ...,0545-438400,,,,,,,,,,,,,,,catalogusGG.pdf
737,D03122,3122,Elementen,Unidek Kolibri zonder...,,0.0,0.0,20.8,Level Acoustics LA.1...,10.0,14.4,17.2,23.2,22.3,38.9,True,Kingspan Unidek,+31 (0) 492...,,,,,,,,,,,,,,,catalogusGG.pdf
738,D03123,3123,Elementen,Unidek Kolibri met ve...,,0.0,0.0,24.4,Level Acoustics LA.1...,7.5,18.2,27.1,39.6,42.5,46.4,True,Kingspan Unidek,+31 (0) 492...,,,,,,,,,,,,,,,catalogusGG.pdf
739,D03124,3124,Elementen,Unidek Kolibri R met ...,,0.0,0.0,25.1,Level Acoustics LA.1...,8.5,18.5,26.0,38.5,45.2,53.0,True,Kingspan Unidek,+31 (0) 492...,,,,,,,,,,,,,,,catalogusGG.pdf
740,D03127,3127,Elementen,Unidek Kolibrie DLG [1],,0.0,0.0,25.2,Level Acoustics LA.1...,10.3,17.7,23.3,32.5,31.6,39.9,True,Kingspan Unidek,+31 (0) 492...,,,,,,,,,,,,,,,catalogusGG.pdf
741,D03177,3177,Elementen,Velux GGL 0062 dakv...,,0.0,0.0,38.7,Velux (DELTA rappor...,23.4,31.1,38.8,43.1,48.4,50.3,True,Velux,,,,,,,,,,,,,,,,catalogusGG.pdf
742,D03178,3178,Elementen,Velux GGL 0066 dakv...,,0.0,0.0,36.4,Velux (CSTB rapport...,23.0,28.4,33.6,39.3,43.8,44.2,True,Velux,,,,,,,,,,,,,,,,catalogusGG.pdf
743,D03179,3179,Elementen,Velux GGL 0070 dakv...,,0.0,0.0,35.9,Velux (DELTA rappor...,26.2,29.5,30.7,36.1,41.6,43.6,True,Velux,,,,,,,,,,,,,,,,catalogusGG.pdf
744,D03234,3234,Elementen,Merford deur MN 56 ...,,75.0,0.0,41.3,T.N.O. - rapportnum...,24.0,41.0,45.0,49.0,56.0,57.0,True,Merford bouw,183643870,,,,,,,,,,,,,,,catalogusGG.pdf
745,D03235,3235,Elementen,Merford houten deur ...,,40.0,0.0,31.4,rapport G020902.2/ ...,15.4,26.2,37.0,39.3,37.4,36.1,True,Merford bouw,183643870,,,,,,,,,,,,,,,catalogusGG.pdf
746,D03236,3236,Elementen,Merford houten deur ...,,43.0,0.0,37.5,rapport T020128.8 A...,26.7,29.9,31.8,39.7,46.0,45.4,True,Merford bouw,183643870,,,,,,,,,,,,,,,catalogusGG.pdf
747,D03237,3237,Elementen,Merford houten deur ...,,71.0,0.0,37.5,rapport P040108.9 A...,27.4,25.7,38.6,42.6,46.4,45.5,True,Merford bouw,183643870,,,,,,,,,,,,,,,catalogusGG.pdf
748,D03238,3238,Elementen,Merford houten deur ...,,71.0,0.0,39.9,rapport P040108.4 A...,31.6,28.1,38.6,44.9,49.7,46.8,True,Merford bouw,183643870,,,,,,,,,,,,,,,catalogusGG.pdf
749,D03295,3295,Elementen,Unidek Aero,,210.0,0.0,24.9,Peutz: rapportnumm...,19.2,21.2,23.6,20.7,28.0,43.4,True,Kingspan Unidek,+31 (0) 492...,,,,,,,,,,,,,,,catalogusGG.pdf
750,D03296,3296,Elementen,Unidek Aero met dak...,,210.0,0.0,26.8,Peutz: rapportnumm...,16.2,15.2,24.1,34.7,41.7,51.8,True,Kingspan Unidek,+31 (0) 492...,,,,,,,,,,,,,,,catalogusGG.pdf
751,D03297,3297,Elementen,Unidek Aero Passief,,240.0,25.0,25.3,Peutz: rapportnumm...,21.6,22.9,22.3,20.4,33.9,36.9,True,Kingspan Unidek,+31 (0) 492...,,,,,,,,,,,,,,,catalogusGG.pdf
752,D03298,3298,Elementen,Unidek Aero Passief ...,,240.0,25.0,29.1,Peutz: rapportnumm...,20.1,17.2,26.7,33.8,47.5,48.9,True,Kingspan Unidek,+31 (0) 492...,,,,,,,,,,,,,,,catalogusGG.pdf
753,D03299,3299,Elementen,Unidek Aero PD / Uni...,,280.0,26.0,24.5,Peutz: rapportnumm...,21.8,23.0,21.6,19.0,48.5,47.7,True,Kingspan Unidek,+31 (0) 492...,,,,,,,,,,,,,,,catalogusGG.pdf
754,D03300,3300,Elementen,Unidek Aero PD / Uni...,,280.0,26.0,29.2,Peutz: rapportnumm...,20.5,17.8,26.0,31.7,55.6,56.3,True,Kingspan Unidek,+31 (0) 492...,,,,,,,,,,,,,,,catalogusGG.pdf
755,D03301,3301,Elementen,Unidek Aero PD / Uni...,,280.0,26.0,28.0,Peutz: rapportnumm...,22.0,19.2,22.6,26.5,53.6,59.8,True,Kingspan Unidek,+31 (0) 492...,,,,,,,,,,,,,,,catalogusGG.pdf
756,D03302,3302,Elementen,Unidek RenoAero,,200.0,10.0,16.7,Peutz: rapportnumm...,16.4,16.5,16.9,16.5,14.7,35.4,True,Kingspan Unidek,+31 (0) 492...,,,,,,,,,,,,,,,catalogusGG.pdf
757,D03303,3303,Elementen,Unidek RenoAero me...,,200.0,10.0,24.4,Peutz: rapportnumm...,20.8,14.8,18.3,27.1,30.6,47.0,True,Kingspan Unidek,+31 (0) 492...,,,,,,,,,,,,,,,catalogusGG.pdf
758,D03304,3304,Elementen,Unidek RenoAero PD...,,210.0,17.0,23.4,Peutz: rapportnumm...,17.9,19.1,21.3,19.8,25.9,44.0,True,Kingspan Unidek,+31 (0) 492...,,,,,,,,,,,,,,,catalogusGG.pdf
759,D03305,3305,Elementen,Unidek RenoAero PD...,,210.0,17.0,26.7,Peutz: rapportnumm...,19.8,15.5,22.0,31.2,37.8,52.2,True,Kingspan Unidek,+31 (0) 492...,,,,,,,,,,,,,,,catalogusGG.pdf
760,D03306,3306,Elementen,Unidek RenoAero PD...,,210.0,17.0,25.5,Peutz: rapportnumm...,19.4,16.9,21.5,23.6,31.8,55.5,True,Kingspan Unidek,+31 (0) 492...,,,,,,,,,,,,,,,catalogusGG.pdf
761,D03307,3307,Elementen,Unidek Kolibrie Rf 30,,212.0,26.0,26.6,Peutz: rapportnumm...,19.8,22.1,24.8,22.8,30.1,39.4,True,Kingspan Unidek,+31 (0) 492...,,,,,,,,,,,,,,,catalogusGG.pdf
762,D03308,3308,Elementen,Unidek Kolibrie Rf 30...,,212.0,26.0,29.6,Peutz: rapportnumm...,20.9,17.6,26.4,37.4,43.4,48.9,True,Kingspan Unidek,+31 (0) 492...,,,,,,,,,,,,,,,catalogusGG.pdf
763,D03309,3309,Elementen,Unidek Sips element,,140.0,19.0,23.7,Peutz rapportnumme...,23.1,24.5,23.8,17.5,39.1,50.9,True,Kingspan Unidek,+31 (0)492 ...,,,,,,,,,,,,,,,catalogusGG.pdf
764,D03310,3310,Elementen,Unidek Sips element ...,,152.0,33.0,30.2,Peutz rapportnumme...,24.2,29.3,26.6,25.0,46.9,60.3,True,Kingspan Unidek,+31 (0)492 ...,,,,,,,,,,,,,,,catalogusGG.pdf
765,D03311,3311,Elementen,Unidek Sips element ...,,176.0,34.0,34.0,Peutz rapportnumme...,24.9,26.0,28.6,32.7,51.7,63.1,True,Kingspan Unidek,+31 (0)492 ...,,,,,,,,,,,,,,,catalogusGG.pdf
766,D03312,3312,Elementen,Unidek Sips element ...,,176.0,38.0,34.6,Peutz rapportnumme...,23.9,22.8,33.3,39.3,60.8,67.5,True,Kingspan Unidek,+31 (0)492 ...,,,,,,,,,,,,,,,catalogusGG.pdf
767,D03376,3376,Elementen,Sch³co schuifdeursys...,,300.0,45.0,38.1,Sch³co:rapportnumm...,28.6,29.9,37.9,40.0,39.1,44.8,True,Sch³co Nederland BV,+31 297 23...,,,,,,,,,,,,,,,catalogusGG.pdf
768,D03377,3377,Elementen,Sch³co schuifdeursty...,,0.0,45.0,38.9,Sch³co: rapportnum...,29.2,32.0,39.3,40.5,39.3,44.8,True,Sch³co Nederland BV,+31 297 23...,,,,,,,,,,,,,,,catalogusGG.pdf
769,D03383,3383,Elementen,Alara Lukagro geluidi...,,0.0,0.0,39.1,Cauberg-Huygen Lu...,21.4,41.1,47.7,51.8,55.1,55.3,True,Alara Lukagro,0184-661 7...,,,,,,,,,,,,,,,catalogusGG.pdf
770,D03384,3384,Elementen,Alara Lukagro geluidi...,,0.0,0.0,48.9,Cauberg-Huygen Lu...,33.9,45.0,47.6,51.7,54.9,55.2,True,Alara Lukagro,0184-661 7...,,,,,,,,,,,,,,,catalogusGG.pdf
771,D03385,3385,Elementen,Alara Lukagro geluidi...,,0.0,0.0,45.5,Cauberg-Huygen Lu...,28.6,42.8,48.5,52.1,55.7,58.6,True,Alara Lukagro,0184-661 7...,,,,,,,,,,,,,,,catalogusGG.pdf
772,D03386,3386,Elementen,Alara Lukagro geluidi...,,0.0,0.0,35.3,Peutz Luchtgeluidiso...,18.7,32.0,40.6,39.7,42.5,49.3,True,Alara Lukagro,0184-661 7...,,,,,,,,,,,,,,,catalogusGG.pdf
773,D03387,3387,Elementen,Alara Lukagro geluidi...,,0.0,0.0,29.3,Cauberg-Huygen Lu...,11.4,35.6,43.4,47.3,50.5,50.8,True,Alara Lukagro,0184-661 7...,,,,,,,,,,,,,,,catalogusGG.pdf
774,D03388,3388,Elementen,Alara Lukagro geluidi...,,0.0,0.0,34.5,Cauberg-Huygen Lu...,16.7,35.5,46.1,48.7,52.4,54.0,True,Alura Lukagro,0184-661 7...,,,,,,,,,,,,,,,catalogusGG.pdf
775,D03393,3393,Elementen,Alara Lukagro paneel...,,0.0,0.0,43.0,Peutz Luchtgeluidiso...,26.2,36.4,45.9,56.8,68.1,79.4,True,Alara Lukagro,0184-661 7...,,,,,,,,,,,,,,,catalogusGG.pdf
776,D03394,3394,Elementen,Alara Lukagro paneel...,,84.0,0.0,30.6,Peutz Luchtgeluidiso...,15.1,22.7,29.2,37.9,45.6,49.3,True,Alara Lukagro,0184-661 7...,,,,,,,,,,,,,,,catalogusGG.pdf
777,D03395,3395,Elementen,Alara Lukagro paneel...,,106.0,0.0,33.9,Peutz luchtgeluidisol...,19.0,25.6,32.2,38.1,48.7,52.5,True,Alara Lukagro,0184-661 7...,,,,,,,,,,,,,,,catalogusGG.pdf
778,D03396,3396,Elementen,Alara Lukagro paneel...,,104.0,0.0,32.5,Peutz luchtgeluidisol...,18.1,24.1,30.1,35.5,47.3,52.5,True,Alara Lukagro,0184-661 7...,,,,,,,,,,,,,,,catalogusGG.pdf
779,D03397,3397,Elementen,Phonotech W-DK40,,91.0,31.0,34.9,Liege 2018/7202,24.5,22.0,39.1,54.4,59.5,60.0,True,Phonotech,+32(0)8733...,,,,,,,,,,,,,,,catalogusGG.pdf
780,D03398,3398,Elementen,Phonotech W-DK60 ...,,101.0,33.0,24.7,Phonotech 2018,7.0,23.0,39.0,55.0,51.0,60.0,True,Phonotech,+32(0)8733...,,,,,,,,,,,,,,,catalogusGG.pdf
781,D03399,3399,Elementen,Phonotech W-DK80,,121.0,34.0,37.0,Liege 2018/7203,24.5,24.7,41.5,54.8,60.6,63.7,True,Phonotech,+32(0)8733...,,,,,,,,,,,,,,,catalogusGG.pdf
782,D03400,3400,Elementen,Phonotech W-DK10...,,141.0,35.0,28.7,Phonotech 2018,11.0,27.0,43.0,58.0,62.0,62.0,True,Phonotech,+32(0)8733...,,,,,,,,,,,,,,,catalogusGG.pdf
783,D03401,3401,Elementen,Phonotech W-DK12...,,37.0,161.0,36.0,Phonotech 2018,19.0,29.0,45.0,57.0,63.0,62.0,True,Phonotech,+32(0)8733...,,,,,,,,,,,,,,,catalogusGG.pdf
784,D03402,3402,Elementen,Phonotech W-DK140,,181.0,39.0,42.2,Liege 2018/7232,27.6,31.2,47.2,58.2,62.0,65.5,True,Phonotech,+32(0)8733...,,,,,,,,,,,,,,,catalogusGG.pdf
785,D03403,3403,Elementen,Phonotech W-DK16...,,201.0,40.0,31.8,Phonotech 2018,14.0,31.0,48.0,58.0,64.0,64.0,True,Phonotech,+32(0)8733...,,,,,,,,,,,,,,,catalogusGG.pdf
786,D03404,3404,Elementen,Phonotech W-DK18...,,221.0,42.0,33.7,Phonotech 2018,16.0,32.0,48.0,58.0,64.0,64.0,True,Phonotech,+32(0)8733...,,,,,,,,,,,,,,,catalogusGG.pdf
787,D03405,3405,Elementen,Phonotech W-DK20...,,241.0,43.0,33.7,Phonotech 2018,16.0,32.0,48.0,58.0,64.0,64.0,True,Phonotech,+32(0)8733...,,,,,,,,,,,,,,,catalogusGG.pdf
788,D03406,3406,Elementen,Phonotech W-DK220,,261.0,43.0,43.7,Liege 2018/7325,28.5,33.3,48.9,57.7,61.8,65.4,True,Phonotech,+32(0)8733...,,,,,,,,,,,,,,,catalogusGG.pdf
789,D03407,3407,Elementen,Phonotech W-MP-C...,,302.0,82.0,48.6,Liege 2017/7017,32.7,42.2,47.6,55.8,59.5,64.4,True,Phonotech,+32(0)8733...,,,,,,,,,,,,,,,catalogusGG.pdf
790,D03408,3408,Elementen,Phonotech TP90-DK...,,184.0,43.0,35.9,Liege 2018/7326,23.8,23.4,41.2,61.4,68.1,65.0,True,Phonotech,+32(0)8733...,,,,,,,,,,,,,,,catalogusGG.pdf
791,D03409,3409,Elementen,Phonotech TP90-DK...,,194.0,44.0,21.9,Phonotech 2018,4.0,24.0,44.0,62.0,67.0,66.0,True,Phonotech,+32(0)8733...,,,,,,,,,,,,,,,catalogusGG.pdf
792,D03410,3410,Elementen,Phonotech TP90-DK...,,214.0,45.0,37.5,Liege 2018/7207,22.3,26.9,43.6,64.0,68.6,67.2,True,Phonotech,+32(0)8733...,,,,,,,,,,,,,,,catalogusGG.pdf
793,D03411,3411,Elementen,Phonotech TP90-DK...,,234.0,47.0,21.9,Phonotech 2018,4.0,27.0,50.0,65.0,69.0,68.0,True,Phonotech,+32(0)8733...,,,,,,,,,,,,,,,catalogusGG.pdf
794,D03412,3412,Elementen,Phonotech TP90-DK...,,254.0,49.0,40.9,Liege 2018/7208,24.7,31.7,50.3,65.0,69.7,70.2,True,Phonotech,+32(0)8733...,,,,,,,,,,,,,,,catalogusGG.pdf
795,D03413,3413,Elementen,Phonotech TP90-DK...,,274.0,50.0,41.9,Liege 2018/7221,25.1,34.1,51.5,65.2,70.4,71.3,True,Phonotech,+32(0)8733...,,,,,,,,,,,,,,,catalogusGG.pdf
796,D03414,3414,Elementen,Phonotech TP90-DK...,,294.0,52.0,25.0,Phonotech 2018,7.0,31.0,55.0,66.0,71.0,71.0,True,Phonotech,+32(0)8733...,,,,,,,,,,,,,,,catalogusGG.pdf
797,D03415,3415,Elementen,Phonotech TP90-DK...,,314.0,53.0,26.9,Phonotech 2018,9.0,32.0,55.0,67.0,71.0,71.0,True,Phonotech,+32(0)8733...,,,,,,,,,,,,,,,catalogusGG.pdf
798,D03416,3416,Elementen,Phonotech TP90-DK...,,334.0,54.0,26.0,Phonotech 2018,8.0,32.0,56.0,67.0,71.0,71.0,True,Phonotech,+32(0)8733...,,,,,,,,,,,,,,,catalogusGG.pdf
799,D03417,3417,Elementen,Phonotech TP90-DK...,,354.0,55.0,42.9,Liege 2018/7327,25.9,35.8,54.8,66.6,70.5,73.1,True,Phonotech,+32(0)8733...,,,,,,,,,,,,,,,catalogusGG.pdf
800,D03418,3418,Elementen,Phonotech TP90-DK...,,296.0,65.0,44.2,Liege 2018/7213,27.0,38.2,53.6,65.8,70.6,73.0,True,Phonotech,+32(0)8733...,,,,,,,,,,,,,,,catalogusGG.pdf
801,D03419,3419,Elementen,Phonotech TP90-DK...,,999.0,116.0,60.3,Liege AC15-260583...,42.6,59.2,72.3,83.4,93.4,95.6,True,Phonotech,+32(0)8733...,,,,,,,,,,,,,,,catalogusGG.pdf
802,D03420,3420,Elementen,Phonotech TP90-DK...,,999.0,101.0,57.0,Liege AC15-260583...,39.4,53.3,71.9,82.1,87.7,94.6,True,Phonotech,+32(0)8733...,,,,,,,,,,,,,,,catalogusGG.pdf
803,D03421,3421,Elementen,Phonotech TP90-DK...,,0.0,0.0,29.1,Liege 2010/5741,11.3,28.0,44.7,58.2,64.1,68.9,True,Phonotech,+32(0)8733...,,,,,,,,,,,,,,,catalogusGG.pdf
804,D03422,3422,Elementen,Phonotech TP90-R...,,0.0,0.0,42.5,Liege 2011/5939,26.4,34.4,44.0,56.4,60.5,62.6,True,Phonotech,+32(0)8733...,,,,,,,,,,,,,,,catalogusGG.pdf
805,D03423,3423,Elementen,Phonotech TP90-R...,,0.0,0.0,42.5,Liege 2011/5939,26.4,34.4,44.0,56.4,60.5,62.6,True,Phonotech,+32(0)8733...,,,,,,,,,,,,,,,catalogusGG.pdf
806,D03424,3424,Elementen,Phonotech TP90-R...,,0.0,0.0,44.1,Liege 2011/5939,27.3,38.6,45.7,57.1,61.2,62.1,True,Phonotech,+32(0)8733...,,,,,,,,,,,,,,,catalogusGG.pdf
807,D03425,3425,Elementen,Phonotech TP160-D...,,254.0,48.0,38.0,Liege 2018/7330,25.0,25.7,49.2,66.5,70.1,70.2,True,Phonotech,+32(0)8733...,,,,,,,,,,,,,,,catalogusGG.pdf
808,D03426,3426,Elementen,Phonotech TP160-D...,,264.0,49.0,24.9,Phonotech 2018,7.0,28.0,49.0,64.0,71.0,69.0,True,Phonotech,+32(0)8733...,,,,,,,,,,,,,,,catalogusGG.pdf
809,D03427,3427,Elementen,Phonotech TP160-D...,,284.0,50.0,39.5,Liege 2018/7233,23.4,30.2,51.1,66.9,70.7,73.2,True,Phonotech,+32(0)8733...,,,,,,,,,,,,,,,catalogusGG.pdf
810,D03428,3428,Elementen,Phonotech TP160-D...,,304.0,52.0,25.9,Phonotech 2018,8.0,31.0,54.0,66.0,71.0,71.0,True,Phonotech,+32(0)8733...,,,,,,,,,,,,,,,catalogusGG.pdf
811,D03429,3429,Elementen,Phonotech TP160-D...,,324.0,54.0,27.9,Phonotech 2018,10.0,33.0,56.0,66.0,72.0,71.0,True,Phonotech,+32(0)8733...,,,,,,,,,,,,,,,catalogusGG.pdf
812,D03430,3430,Elementen,Phonotech TP160-D...,,344.0,55.0,42.9,Pliege 2018/7235,26.0,35.5,56.5,66.4,70.3,72.9,True,Phonotech,+32(0)8733...,,,,,,,,,,,,,,,catalogusGG.pdf
813,D03431,3431,Elementen,Phonotech TP160-D...,,364.0,56.0,30.9,Phonotech 2018,13.0,35.0,57.0,66.0,72.0,71.0,True,Phonotech,+32(0)8733...,,,,,,,,,,,,,,,catalogusGG.pdf
814,D03432,3432,Elementen,Phonotech TP160-D...,,384.0,58.0,32.9,Phonotech 2018,15.0,36.0,57.0,66.0,72.0,71.0,True,Phonotech,+32(0)8733...,,,,,,,,,,,,,,,catalogusGG.pdf
815,D03433,3433,Elementen,Phonotech TP160-D...,,404.0,59.0,32.9,Phonotech 2018,15.0,36.0,57.0,66.0,72.0,71.0,True,Phonotech,+32(0)8733...,,,,,,,,,,,,,,,catalogusGG.pdf
816,D03434,3434,Elementen,Phonotech TP160-D...,,424.0,60.0,42.2,Liege 2018/7331,24.8,36.9,57.7,66.3,70.3,72.9,True,Phonotech,+32(0)8733...,,,,,,,,,,,,,,,catalogusGG.pdf
817,D03435,3435,Elementen,Phonotech TP160-D...,,304.0,51.0,42.6,Liege 2018/7234,26.3,33.5,54.2,67.7,70.8,73.2,True,Phonotech,+32(0)8733...,,,,,,,,,,,,,,,catalogusGG.pdf
818,D03436,3436,Elementen,Phonotech TP160-F...,,280.0,58.0,40.8,Liege 2018/7236,24.9,31.1,53.0,66.7,70.2,70.6,True,Phonotech,+32(0)8733...,,,,,,,,,,,,,,,catalogusGG.pdf
819,D03437,3437,Elementen,Phonotech SD106-D...,,200.0,44.0,36.5,Liege 2018/7328,23.7,24.2,41.8,56.8,62.0,60.5,True,Phonotech,+32(0)8733...,,,,,,,,,,,,,,,catalogusGG.pdf
820,D03438,3438,Elementen,Phonotech SD106-D...,,210.0,45.0,32.8,Phonotech 2018,15.5,29.0,40.0,56.0,62.0,41.0,True,Phonotech,+32(0)8733...,,,,,,,,,,,,,,,catalogusGG.pdf
821,D03439,3439,Elementen,Phonotech SD106-D...,,230.0,46.0,38.2,Liege 2018/7228,23.5,27.2,44.0,57.7,63.1,64.0,True,Phonotech,+32(0)8733...,,,,,,,,,,,,,,,catalogusGG.pdf
822,D03440,3440,Elementen,Phonotech SD106-D...,,250.0,48.0,37.4,Phonotech 2018,20.0,33.0,44.0,59.0,64.0,63.0,True,Phonotech,+32(0)8733...,,,,,,,,,,,,,,,catalogusGG.pdf
823,D03441,3441,Elementen,Phonotech SD106-D...,,270.0,49.0,39.8,Phonotech 2018,22.5,35.0,46.0,60.0,65.0,64.0,True,Phonotech,+32(0)8733...,,,,,,,,,,,,,,,catalogusGG.pdf
824,D03442,3442,Elementen,Phonotech SD106-D...,,290.0,51.0,42.1,Liege 2018/7229,25.6,34.0,49.7,59.6,64.4,67.3,True,Phonotech,+32(0)8733...,,,,,,,,,,,,,,,catalogusGG.pdf
825,D03443,3443,Elementen,Phonotech SD106-D...,,310.0,52.0,40.8,Phonotech 2018,23.5,36.0,48.0,61.0,66.0,65.0,True,Phonotech,+32(0)8733...,,,,,,,,,,,,,,,catalogusGG.pdf
826,D03444,3444,Elementen,Phonotech SD106-D...,,330.0,54.0,40.8,Phonotech 2018,23.5,36.0,48.0,61.0,66.0,65.0,True,Phonotech,+32(0)8733...,,,,,,,,,,,,,,,catalogusGG.pdf
827,D03445,3445,Elementen,Phonotech SD106-D...,,350.0,55.0,40.8,Phonotech 2018,23.5,36.0,48.0,61.0,66.0,65.0,True,Phonotech,+32(0)8733...,,,,,,,,,,,,,,,catalogusGG.pdf
828,D03446,3446,Elementen,Phonotech SD106-D...,,370.0,55.0,41.6,Liege 2018/7329,24.5,35.1,50.5,60.2,63.9,67.1,True,Phonotech,+32(0)8733...,,,,,,,,,,,,,,,catalogusGG.pdf
829,D03447,3447,Elementen,Phonotech SDP150-...,,518.0,98.0,42.1,Liege 2016/6952,24.5,40.7,47.5,58.3,61.6,64.7,True,Phonotech,+32(0)8733...,,,,,,,,,,,,,,,catalogusGG.pdf
830,D03448,3448,Elementen,Phonotech WW-PH4...,,84.0,0.0,23.1,Phonotech 2018,5.3,22.6,39.9,50.8,55.2,55.6,True,Phonotech,+32(0)8733...,,,,,,,,,,,,,,,catalogusGG.pdf
831,D03449,3449,Elementen,Phonotech WW-FG-...,,97.0,0.0,30.0,Phonotech 2018,12.3,27.6,42.9,50.1,54.4,57.6,True,Phonotech,+32(0)8733...,,,,,,,,,,,,,,,catalogusGG.pdf
832,D03450,3450,Elementen,Phonotech WW-CP-...,,96.0,0.0,30.9,Phonotech 2018,13.3,28.1,42.9,49.8,54.2,57.6,True,Phonotech,+32(0)8733...,,,,,,,,,,,,,,,catalogusGG.pdf
833,D03451,3451,Elementen,Phonotech WW-PH6...,,104.0,0.0,25.2,Phonotech 2018,7.5,23.8,40.1,50.4,54.9,57.7,True,Phonotech,+32(0)8733...,,,,,,,,,,,,,,,catalogusGG.pdf
834,D03452,3452,Elementen,Phonotech WW-FG-...,,117.0,0.0,31.8,Phonotech 2018,14.2,28.8,43.4,49.7,54.1,56.0,True,phonotech,+32(0)8733...,,,,,,,,,,,,,,,catalogusGG.pdf
835,D03453,3453,Elementen,Phonotech WW-CP-...,,116.0,0.0,32.7,Phonotech 2018,15.2,29.3,43.4,49.4,53.9,55.7,True,Phonotech,+32(0)8733...,,,,,,,,,,,,,,,catalogusGG.pdf
836,D03454,3454,Elementen,Phonotech WW-PH8...,,124.0,0.0,26.8,Phonotech 2018,9.0,26.4,43.8,51.9,54.7,55.5,True,Phonotech,+32(0)8733...,,,,,,,,,,,,,,,catalogusGG.pdf
837,D03455,3455,Elementen,Phonotech WW-FG-...,,137.0,0.0,33.6,Phonotech 2018,16.0,31.4,46.8,51.2,53.9,57.5,True,Phonotech,+32(0)8733...,,,,,,,,,,,,,,,catalogusGG.pdf
838,D03456,3456,Elementen,Phonotech CC-PH40...,,165.0,0.0,48.8,Phonotech 2018,32.0,42.3,51.8,62.9,74.4,80.0,True,Phonotech,+32(0)8733...,,,,,,,,,,,,,,,catalogusGG.pdf
839,D03457,3457,Elementen,Phonotech CC-PH60...,,185.0,0.0,50.3,Phonotech 2018,33.0,45.3,55.3,69.9,78.9,82.5,True,,,,,,,,,,,,,,,,,catalogusGG.pdf
840,D03458,3458,Elementen,Phonotech CC-PH80...,,205.0,0.0,53.7,Phonotech 2018,36.8,47.3,57.8,67.9,77.9,82.0,True,Phonotech,+32(0)8733...,,,,,,,,,,,,,,,catalogusGG.pdf
841,D03459,3459,Elementen,Phonotech C-W-PH4...,,84.0,0.0,23.1,Phonotech 2018,5.3,22.6,39.9,50.8,55.2,55.6,True,Phonotech,+32(0)8733...,,,,,,,,,,,,,,,catalogusGG.pdf
842,D03460,3460,Elementen,Phonotech C-W-FG-...,,97.0,0.0,30.0,Phonotech 2018,12.3,27.6,42.9,50.1,54.4,57.6,True,Phonotech,+32(0)8733...,,,,,,,,,,,,,,,catalogusGG.pdf
843,D03461,3461,Elementen,Phonotech C-W-CP-...,,96.0,0.0,30.9,Phonotech 2018,13.3,28.1,42.9,49.8,54.2,57.6,True,Phonotech,+32(0)8733...,,,,,,,,,,,,,,,catalogusGG.pdf
844,D03462,3462,Elementen,Phonotech C-W-PH6...,,104.0,0.0,25.0,Phonotech 2018,7.2,23.8,40.4,50.4,54.9,57.7,True,Phonotech,+32(0)8733...,,,,,,,,,,,,,,,catalogusGG.pdf
845,D03463,3463,Elementen,Phonotech C-W-FG-...,,117.0,0.0,32.0,Phonotech 2018,14.5,28.8,43.1,49.7,54.1,56.0,True,Phonotech,+32(0)8733...,,,,,,,,,,,,,,,catalogusGG.pdf
846,D03464,3464,Elementen,Phonotech C-W-CP-...,,116.0,0.0,33.0,Phonotech 2018,15.5,29.3,43.1,49.4,53.9,55.7,True,Phonotech,+32(0)8733...,,,,,,,,,,,,,,,catalogusGG.pdf
847,D03465,3465,Elementen,Phonotech C-W-PH8...,,124.0,0.0,26.8,Phonotech 2018,9.0,26.4,43.8,51.9,54.7,55.5,True,Phonotech,+32(0)8733...,,,,,,,,,,,,,,,catalogusGG.pdf
848,D03466,3466,Elementen,Phonotech C-W-FG-...,,137.0,0.0,33.6,Phonotech 2018,16.0,31.4,46.8,51.2,53.9,57.5,True,Phonotech,+32(0)8733...,,,,,,,,,,,,,,,catalogusGG.pdf
849,D03467,3467,Elementen,Phonotech C-W-CP-...,,136.0,0.0,34.6,Phonotech 2018,17.0,31.9,46.8,50.9,53.7,57.5,True,Phonotech,+32(0)8733...,,,,,,,,,,,,,,,catalogusGG.pdf
850,D03468,3468,Elementen,Phonotech C-W-PH4...,,0.0,0.0,17.6,Phonotech 2018,-0.2,17.6,35.4,49.3,52.7,53.8,True,Phonotech,+32(0)8733...,,,,,,,,,,,,,,,catalogusGG.pdf
851,D03469,3469,Elementen,Phonotech C-W-G-P...,,0.0,0.0,19.6,Phonotech 2018,1.8,20.1,38.4,50.3,52.7,55.8,True,Phonotech,+32(0)8733...,,,,,,,,,,,,,,,catalogusGG.pdf
852,D03470,3470,Elementen,Phonotech C-W-FG-...,,0.0,0.0,24.5,Phonotech 2018,6.8,22.6,38.4,48.6,51.9,55.8,True,Phonotech,+32(0)8733...,,,,,,,,,,,,,,,catalogusGG.pdf
853,D03471,3471,Elementen,Phonotech C-W-CP-...,,0.0,0.0,25.5,Phonotech 2018,7.8,23.1,38.4,48.3,51.7,55.8,True,Phonotech,+32(0)8733...,,,,,,,,,,,,,,,catalogusGG.pdf
854,D03472,3472,Elementen,Phonotech C-W-PH6...,,0.0,0.0,19.8,Phonotech 2018,2.0,18.8,35.6,48.9,52.4,55.9,True,Phonotech,+32(0)8733...,,,,,,,,,,,,,,,catalogusGG.pdf
855,D03473,3473,Elementen,Phonotech C-W-G-P...,,0.0,0.0,21.8,Phonotech 2018,4.0,21.3,38.6,49.9,52.4,55.9,True,Phonotech,+32(0)8733...,,,,,,,,,,,,,,,catalogusGG.pdf
856,D03474,3474,Elementen,Phonotech C-W-FG-...,,0.0,0.0,26.6,www.phonotech.com,9.0,23.8,38.6,48.2,51.6,54.2,True,Phonotech,+32(0)8733...,,,,,,,,,,,,,,,catalogusGG.pdf
857,D03475,3475,Elementen,Phonotech C-W-CP-...,,0.0,0.0,27.6,Phonotech 2018,10.0,24.3,38.6,47.9,51.4,53.9,True,Phonotech,+32(0)8733...,,,,,,,,,,,,,,,catalogusGG.pdf
858,D03476,3476,Elementen,Phonotech C-W-PH8...,,0.0,0.0,21.3,Phonotech 2018,3.5,21.4,39.3,50.4,52.2,53.7,True,Phonotech,+32(0)8733...,,,,,,,,,,,,,,,catalogusGG.pdf
859,D03477,3477,Elementen,Phonotech C-W-G-P...,,0.0,0.0,23.3,Phonotech 2018,5.5,23.9,42.3,51.4,52.2,55.7,True,Phonotech,+32(0)8733...,,,,,,,,,,,,,,,catalogusGG.pdf
860,D03478,3478,Elementen,Phonotech C-W-FG-...,,0.0,0.0,28.2,Phonotech 2018,10.5,26.4,42.3,49.7,51.4,55.7,True,Phonotech,+32(0)8733...,,,,,,,,,,,,,,,catalogusGG.pdf
861,D03479,3479,Elementen,Phonotech C-W-CP-...,,0.0,0.0,29.2,Phonotech 2018,11.5,26.9,42.3,49.4,51.2,55.7,True,Phonotech,+32(0)8733...,,,,,,,,,,,,,,,catalogusGG.pdf
862,D03480,3480,Elementen,Phonotech WB100-P...,,165.0,0.0,48.8,Phonotech 2018,32.0,42.3,51.8,62.9,74.4,80.0,True,Phonotech,+32(0)8733...,,,,,,,,,,,,,,,catalogusGG.pdf
863,D03481,3481,Elementen,Phonotech WW-CP-...,,136.0,0.0,34.6,Phonotech 2018,17.0,31.9,46.8,50.9,53.7,57.5,True,Phonotech,+32(0)8733...,,,,,,,,,,,,,,,catalogusGG.pdf
864,D03482,3482,Elementen,Phonotech WB100-P...,,185.0,0.0,50.3,Phonotech 2018,33.0,45.3,55.3,69.9,78.9,82.5,True,Phonotech,+32(0)8733...,,,,,,,,,,,,,,,catalogusGG.pdf
865,D03483,3483,Elementen,Phonotech WB100-P...,,205.0,0.0,53.7,Phonotech 2018,36.8,47.3,57.8,67.9,77.9,82.0,True,Phonotech,+32(0)8733...,,,,,,,,,,,,,,,catalogusGG.pdf
866,D03484,3484,Elementen,Phonotech WB200-P...,,265.0,0.0,48.9,Phonotech 2018,31.3,45.7,58.7,74.6,86.4,95.0,True,Phonotech,+32(0)8733...,,,,,,,,,,,,,,,catalogusGG.pdf
867,D03485,3485,Elementen,Phonotech WB200-P...,,285.0,0.0,50.0,Phonotech 2018,32.3,48.7,62.2,81.6,90.9,97.5,True,Phonotech,+32(0)8733...,,,,,,,,,,,,,,,catalogusGG.pdf
868,D03486,3486,Elementen,Phonotech WB200-P...,,305.0,0.0,53.9,Phonotech 2018,36.3,50.7,64.7,79.6,89.9,97.0,True,Phonotech,+32(0)8733...,,,,,,,,,,,,,,,catalogusGG.pdf
869,D03487,3487,Elementen,Phonotech WB280-P...,,345.0,0.0,49.0,Phonotech 2018,31.3,46.7,60.7,77.6,91.4,99.9,True,Phonotech,+32(0)8733...,,,,,,,,,,,,,,,catalogusGG.pdf
870,D03488,3488,Elementen,Phonotech WB280-P...,,365.0,0.0,50.1,Phonotech 2018,32.3,49.7,64.2,84.6,95.9,99.9,True,Phonotech,+32(0)8733...,,,,,,,,,,,,,,,catalogusGG.pdf
871,D03489,3489,Elementen,Phonotech WB280-P...,,385.0,0.0,54.0,Phonotech 2018,36.3,51.7,66.7,82.6,94.9,99.9,True,Phonotech,+32(0)8733...,,,,,,,,,,,,,,,catalogusGG.pdf
872,D03698,3698,Elementen,Velux CVP 73Q [1],,0.0,0.0,29.5,CSTB AC14-26053169,17.1,21.5,25.6,30.4,37.4,44.1,True,,,,,,,,,,,,,,,,,catalogusGG.pdf
873,D03699,3699,Elementen,Velux CFP 73U [1],,0.0,0.0,31.1,AC11-26034593/10,20.9,24.2,27.5,29.0,39.1,43.8,True,,,,,,,,,,,,,,,,,catalogusGG.pdf
874,D03701,3701,Elementen,Velux GGU 62 [1],,0.0,0.0,33.7,DELTA test report no...,19.7,25.5,31.3,36.2,44.5,45.3,True,,,,,,,,,,,,,,,,,catalogusGG.pdf
875,D03702,3702,Elementen,Velux GGU 68/69 [1],,0.0,0.0,31.7,CSTB test report no: ...,20.1,24.2,27.3,32.5,38.7,41.2,True,,,,,,,,,,,,,,,,,catalogusGG.pdf
876,D03703,3703,Elementen,Velux GGU 70 [1],,0.0,0.0,30.5,DELTA rapport TC-1...,21.3,24.7,24.6,31.5,36.3,36.8,True,,,,,,,,,,,,,,,,,catalogusGG.pdf
877,D03704,3704,Elementen,Velux GGL 62 [1],,0.0,0.0,33.7,DELTA test report no...,19.7,25.5,31.3,36.2,44.5,45.3,True,,,,,,,,,,,,,,,,,catalogusGG.pdf
878,D03705,3705,Elementen,Velux GGL 70 [1],,0.0,0.0,30.5,DELTA rapport TC-1...,21.3,24.7,24.6,31.5,36.3,36.8,True,,,,,,,,,,,,,,,,,catalogusGG.pdf
879,D03708,3708,Elementen,Habito 12.5 gips,,100.0,0.0,29.8,Peutz M 6030-12 09-...,15.0,19.8,30.7,40.0,49.7,39.3,True,Saint-Gobain Gyproc...,0347 - 325 ...,,,,,,,,,,,,,,,catalogusGG.pdf
880,D03709,3709,Elementen,Habito 2x 12.5 gips,,125.0,0.0,34.5,Peutz M 6030-12 09-...,17.3,29.9,38.6,51.0,58.1,49.5,True,Saint-Gobain Gyproc...,0347 - 325 ...,,,,,,,,,,,,,,,catalogusGG.pdf
881,D03710,3710,Elementen,Habito 12.5 gips + 60...,,100.0,0.0,31.5,Peutz M 6030-12 09-...,14.1,27.0,44.6,58.3,66.7,49.2,True,Saint-Gobain Gyproc...,0347 - 325 ...,,,,,,,,,,,,,,,catalogusGG.pdf
882,D03711,3711,Elementen,Habito 2x 12.5 gips +...,,125.0,0.0,34.4,Peutz M 6030-12 09-...,16.4,41.0,54.5,65.4,68.4,57.6,True,Saint-Gobain Gyproc...,0347 - 325 ...,,,,,,,,,,,,,,,catalogusGG.pdf
883,D03712,3712,Elementen,Habito 2x 12.5 gips +...,,200.0,0.0,45.0,Peutz M 6030-12 09-...,27.2,46.0,57.9,67.2,73.1,65.6,True,Saint-Gobain Gyproc...,0347 - 325 ...,,,,,,,,,,,,,,,catalogusGG.pdf
884,D03713,3713,Elementen,Habito 2x 12.5 gips +...,,200.0,0.0,13.5,Peutz M 6030-12 09-...,31.5,47.9,59.6,69.7,76.6,7.5,True,Saint-Gobain Gyproc...,0347 - 325 ...,,,,,,,,,,,,,,,catalogusGG.pdf
885,D03714,3714,Elementen,Habito 12.5 gips + Bo...,,125.0,0.0,33.1,Peutz M 6030-12 09-...,15.9,28.5,36.7,48.4,56.0,56.4,True,Saint-Gobain Gyproc...,0347 - 325 ...,,,,,,,,,,,,,,,catalogusGG.pdf
886,D03715,3715,Elementen,Habito 12.5 gips + Bo...,,125.0,0.0,35.1,Peutz M 6030-12 09-...,17.2,37.9,52.6,62.7,67.4,64.7,True,Saint-Gobain Gyproc...,0347 - 325 ...,,,,,,,,,,,,,,,catalogusGG.pdf
887,D03716,3716,Elementen,Habito 12.5 gips + Gl...,,125.0,0.0,34.3,Peutz M 6030-12 09-...,17.0,30.5,37.7,50.5,58.5,56.7,True,Saint-Gobain Gyproc...,0347 - 325 ...,,,,,,,,,,,,,,,catalogusGG.pdf
888,D03717,3717,Elementen,Habito 12.5 gips + Gl...,,125.0,0.0,36.5,Peutz M 6030-12 09-...,18.6,40.6,54.1,63.8,69.5,62.7,True,Saint-Gobain Gyproc...,0347 - 325 ...,,,,,,,,,,,,,,,catalogusGG.pdf
889,D03718,3718,Elementen,Gevelelement type 2-...,,175.0,0.0,33.1,"WTCB RE 1-2053,3 ...",19.4,21.5,38.2,44.8,52.2,52.7,True,Machiels Building So...,+32 (0)11 ...,,,,,,,,,,,,,,,catalogusGG.pdf
890,D03719,3719,Elementen,Gevelelement type 2-...,,162.0,0.0,30.7,"WTCB RE 1-2053,3 ...",17.5,18.7,36.5,44.4,52.1,49.2,True,Machiels Building So...,+32 (0)11 ...,,,,,,,,,,,,,,,catalogusGG.pdf
891,D03745,3745,Elementen,"HSB element, 2x12.5...",,0.0,0.0,36.4,Peutz A 3105-1-RA-0...,18.9,35.1,41.3,48.2,54.9,59.9,True,Nijhuis Toelevering B...,0548 53 53...,,,,,,,,,,,,,,,catalogusGG.pdf
892,D03746,3746,Elementen,"HSB element, 12.5m...",,0.0,0.0,34.4,Peutz A 3105-1-RA-0...,16.8,34.0,40.6,48.1,54.9,56.4,True,Nijhuis Toelevering B...,0548 53 53...,,,,,,,,,,,,,,,catalogusGG.pdf
893,D03747,3747,Elementen,"HSB element, 12.5m...",,0.0,0.0,35.0,Peutz A 3105-1-RA-0...,17.5,34.3,42.6,47.4,49.8,47.4,True,Nijhuis Toelevering B...,0548 53 53...,,,,,,,,,,,,,,,catalogusGG.pdf
894,D00044,44,Glas,Glas 4-12-4/1/4 pvb.l...,glas,25.0,30.0,28.9,Geluidwering Gevels...,21.4,23.0,22.0,30.0,36.0,39.0,True,,,4 12 9,Lucht,"pvb, 1 zijdig",4.0,12.0,9.0,,,,,,,,,catalogusGG.pdf
895,D00045,45,Glas,Glas 8-12-4/1/4 pvb.l...,glas,29.0,40.0,30.8,Geluidwering Gevels...,23.5,24.0,25.0,32.0,35.0,38.0,True,,,8 12 9,Lucht,"pvb, 1 zijdig",8.0,12.0,9.0,,,,,,,,,catalogusGG.pdf
896,D00046,46,Glas,Glas 6-16-4/1/4 pvb.l...,glas,31.0,35.0,30.9,Geluidwering Gevels...,22.5,23.0,25.0,33.0,37.0,40.0,True,,,6 16 9,Lucht,"pvb, 1 zijdig",6.0,16.0,9.0,,,,,,,,,catalogusGG.pdf
897,D00047,47,Glas,Glas 8-16-4/1/4 pvb.l...,glas,33.0,40.0,31.6,Geluidwering Gevels...,23.4,24.0,26.0,34.0,36.0,39.0,True,,,8 16 9,Lucht,"pvb, 1 zijdig",8.0,16.0,9.0,,,,,,,,,catalogusGG.pdf
898,D00048,48,Glas,Glas 6-20-6/1/6 pvb.l...,glas,39.0,45.0,32.7,Geluidwering Gevels...,23.8,25.0,27.0,35.0,39.0,39.0,True,,,6 20 13,Lucht,"pvb, 1 zijdig",6.0,20.0,13.0,,,,,,,,,catalogusGG.pdf
899,D00058,58,Glas,Glas 4/1/4-12-4/1/4 lu...,glas,30.0,40.0,30.8,Geluidwering Gevels...,22.5,24.0,25.0,32.0,35.0,41.0,True,,,9 12 9,Lucht,"pvb, 2 zijdig",9.0,12.0,9.0,,,,,,,,,catalogusGG.pdf
900,D00059,59,Glas,Glas 4/1/4-16-4/1/4 lu...,glas,34.0,40.0,31.6,Geluidwering Gevels...,22.5,24.0,26.0,34.0,36.0,42.0,True,,,9 16 9,Lucht,"pvb, 2 zijdig",9.0,16.0,9.0,,,,,,,,,catalogusGG.pdf
901,D00060,60,Glas,Glas 4/1/4-12-5/2/5 lu...,glas,33.0,45.0,33.0,onbekend,23.5,26.0,27.0,35.0,39.0,42.0,True,,,9 12 12,Lucht,"pvb, 2 zijdig",9.0,12.0,12.0,,,,,,,,,catalogusGG.pdf
902,D00061,61,Glas,Glas 4/1/4-20-6/2/6 lu...,glas,43.0,50.0,35.3,Geluidwering Gevels...,23.9,28.0,30.0,39.0,41.0,45.0,True,,,9 20 14,Lucht,"pvb, 2 zijdig",9.0,20.0,14.0,,,,,,,,,catalogusGG.pdf
903,D00114,114,Glas,Enkel glas 4 mm (GE...,glas,4.0,10.0,25.9,Geluidwering Gevels...,15.0,19.0,23.0,26.0,30.0,32.0,True,,,4 0 0,n.v.t,Niet,4.0,0.0,0.0,,,,,,,,,catalogusGG.pdf
904,D00115,115,Glas,Enkel glas 6 mm (GE...,glas,6.0,15.0,26.9,Geluidwering Gevels...,17.3,21.0,25.0,28.0,31.0,27.0,True,,,6 0 0,n.v.t,Niet,6.0,0.0,0.0,,,,,,,,,catalogusGG.pdf
905,D00116,116,Glas,Enkel glas 8 mm (GE...,glas,8.0,20.0,28.2,Geluidwering Gevels...,18.9,23.0,26.0,30.0,32.0,28.0,True,,,8 0 0,n.v.t,Niet,8.0,0.0,0.0,,,,,,,,,catalogusGG.pdf
906,D00117,117,Glas,Enkel glas 12 mm (G...,glas,12.0,30.0,28.4,Geluidwering Gevels...,21.2,25.0,28.0,31.0,27.0,34.0,True,,,12 0 0,n.v.t,Niet,12.0,0.0,0.0,,,,,,,,,catalogusGG.pdf
907,D00144,144,Glas,PH 1250/40 schuifraa...,glas,50.0,0.0,29.9,TPD rapporten sept./...,19.5,22.4,24.5,29.8,40.8,40.7,True,,,5 40 5,Lucht,Niet,5.0,40.0,5.0,,,,,,,,,catalogusGG.pdf
908,D00145,145,Glas,PH 1250/70 schuifraa...,glas,80.0,0.0,33.4,TPD rapporten sept./...,19.7,23.8,31.0,38.5,47.0,44.8,True,,,5 70 5,Lucht,Niet,5.0,70.0,5.0,,,,,,,,,catalogusGG.pdf
909,D00146,146,Glas,PH 1250/70 +randab...,glas,80.0,0.0,34.6,TPD rapporten sept./...,20.7,24.9,33.2,40.4,49.0,43.6,True,,,5 70 5,Lucht,Niet,5.0,70.0,5.0,,,,,,,,,catalogusGG.pdf
910,D00147,147,Glas,PH 1250/70+randabs...,glas,80.0,0.0,19.7,TPD rapporten sept./...,8.4,12.4,14.1,20.7,30.5,30.9,True,,,5 70 5,Lucht,Niet,5.0,70.0,5.0,,,,,,,,,catalogusGG.pdf
911,D00148,148,Glas,PH 1250/120 schuifra...,glas,130.0,0.0,35.8,TPD rapporten sept./...,19.9,27.7,38.6,44.1,47.9,45.2,True,,,5 120 5,Lucht,Niet,5.0,120.0,5.0,,,,,,,,,catalogusGG.pdf
912,D00149,149,Glas,PH 1250/120+randab...,glas,130.0,0.0,36.8,TPD rapporten sept./...,20.9,28.7,40.0,45.2,49.2,47.3,True,,,5 120 5,Lucht,Niet,5.0,120.0,5.0,,,,,,,,,catalogusGG.pdf
913,D00150,150,Glas,PH 1250/170 schuifra...,glas,180.0,0.0,36.4,TPD rapporten sept./...,19.6,32.5,39.3,44.9,50.7,44.0,True,,,5 170 5,Lucht,Niet,5.0,170.0,5.0,,,,,,,,,catalogusGG.pdf
914,D00151,151,Glas,PH 1250/170+randab...,glas,180.0,0.0,37.7,TPD rapporten sept./...,20.6,34.3,41.2,48.7,52.8,48.6,True,,,5 170 5,Lucht,Niet,5.0,170.0,5.0,,,,,,,,,catalogusGG.pdf
915,D00152,152,Glas,PH 1250/70+randabs...,glas,80.0,0.0,20.7,TPD rapporten sept./...,5.7,12.2,20.7,25.9,30.4,31.1,True,,,5 70 5,Lucht,Niet,5.0,70.0,5.0,,,,,,,,,catalogusGG.pdf
916,D00318,318,Glas,Glas 4-6-4 (GDL),glas,14.0,20.0,26.3,Geluidwering Gevels...,18.3,22.0,23.0,23.0,32.0,34.0,True,,,4 6 4,Lucht,Niet,4.0,6.0,4.0,,,,,,,,,catalogusGG.pdf
917,D00319,319,Glas,Glas 4-6-6 (GDL),glas,16.0,25.0,28.1,Geluidwering Gevels...,20.0,24.0,24.0,26.0,33.0,33.0,True,,,4 6 6,Lucht,Niet,4.0,6.0,6.0,,,,,,,,,catalogusGG.pdf
918,D00320,320,Glas,Glas 4-6-8 (GDL),glas,18.0,30.0,28.4,Geluidwering Gevels...,21.4,25.0,24.0,27.0,32.0,32.0,True,,,4 6 8,Lucht,Niet,4.0,6.0,8.0,,,,,,,,,catalogusGG.pdf
919,D00321,321,Glas,Glas 4-12-4 (GDL),glas,20.0,20.0,27.9,Geluidwering Gevels...,18.3,21.0,22.0,28.0,36.0,38.0,True,,,4 12 4,Lucht,Niet,4.0,12.0,4.0,,,,,,,,,catalogusGG.pdf
920,D00322,322,Glas,Glas 4-12-6 (GDL),glas,22.0,25.0,28.0,Geluidwering Gevels...,20.0,22.0,21.0,29.0,37.0,37.0,True,,,4 12 6,Lucht,Niet,4.0,12.0,6.0,,,,,,,,,catalogusGG.pdf
921,D00323,323,Glas,Glas 4-12-8 (GDL),glas,24.0,30.0,28.8,Geluidwering Gevels...,21.4,23.0,22.0,30.0,36.0,36.0,True,,,4 12 8,Lucht,Niet,4.0,12.0,8.0,,,,,,,,,catalogusGG.pdf
922,D00324,324,Glas,Glas 6-12-6 (GDL),glas,24.0,30.0,28.1,Geluidwering Gevels...,21.4,23.0,21.0,31.0,36.0,31.0,True,,,6 12 6,Lucht,Niet,6.0,12.0,6.0,,,,,,,,,catalogusGG.pdf
923,D00325,325,Glas,Glas 4-16-4 (GDL),glas,24.0,20.0,26.8,Geluidwering Gevels...,18.3,21.0,19.0,30.0,38.0,39.0,True,,,4 16 4,Lucht,Niet,4.0,16.0,4.0,,,,,,,,,catalogusGG.pdf
924,D00326,326,Glas,Glas 4-12-10 (GDL),glas,26.0,35.0,29.2,Geluidwering Gevels...,22.5,24.0,23.0,30.0,34.0,34.0,True,,,4 12 10,Lucht,Niet,4.0,12.0,10.0,,,,,,,,,catalogusGG.pdf
925,D00327,327,Glas,Glas 6-12-8 (GDL),glas,26.0,35.0,28.9,Geluidwering Gevels...,22.5,24.0,23.0,31.0,35.0,30.0,True,,,6 12 8,Lucht,Niet,6.0,12.0,8.0,,,,,,,,,catalogusGG.pdf
926,D00328,328,Glas,Glas 4-16-6 (GDL),glas,26.0,25.0,27.8,Geluidwering Gevels...,20.0,22.0,20.0,31.0,38.0,39.0,True,,,4 16 6,Lucht,Niet,4.0,16.0,6.0,,,,,,,,,catalogusGG.pdf
927,D00329,329,Glas,Glas 6-12-10 (GDL),glas,28.0,40.0,29.9,Geluidwering Gevels...,23.5,24.0,24.0,32.0,34.0,34.0,True,,,6 12 10,Lucht,Niet,6.0,12.0,10.0,,,,,,,,,catalogusGG.pdf
928,D00330,330,Glas,Glas 4-16-8 (GDL),glas,28.0,30.0,29.8,Geluidwering Gevels...,21.4,23.0,23.0,32.0,37.0,39.0,True,,,4 16 8,Lucht,Niet,4.0,16.0,8.0,,,,,,,,,catalogusGG.pdf
929,D00331,331,Glas,Glas 6-16-6 (GDL),glas,28.0,30.0,29.9,Geluidwering Gevels...,21.4,23.0,24.0,32.0,38.0,33.0,True,,,6 16 6,Lucht,Niet,6.0,16.0,6.0,,,,,,,,,catalogusGG.pdf
930,D00332,332,Glas,Glas 4-20-4 (GDL),glas,28.0,20.0,27.5,Geluidwering Gevels...,18.3,21.0,20.0,31.0,39.0,41.0,True,,,4 20 4,Lucht,Niet,4.0,20.0,4.0,,,,,,,,,catalogusGG.pdf
931,D00333,333,Glas,Glas 6-12-12 (GDL),glas,30.0,45.0,30.2,Geluidwering Gevels...,24.4,25.0,25.0,32.0,33.0,33.0,True,,,6 12 12,Lucht,Niet,6.0,12.0,12.0,,,,,,,,,catalogusGG.pdf
932,D00334,334,Glas,Glas 8-12-10 (GDL),glas,30.0,45.0,29.7,Geluidwering Gevels...,24.4,24.0,25.0,33.0,32.0,31.0,True,,,8 12 10,Lucht,Niet,8.0,12.0,10.0,,,,,,,,,catalogusGG.pdf
933,D00335,335,Glas,Glas 4-16-10 (GDL),glas,30.0,35.0,30.3,Geluidwering Gevels...,22.5,24.0,24.0,32.0,36.0,36.0,True,,,4 16 10,Lucht,Niet,4.0,16.0,10.0,,,,,,,,,catalogusGG.pdf
934,D00336,336,Glas,Glas 6-16-8 (GDL),glas,30.0,35.0,30.3,Geluidwering Gevels...,22.5,23.0,25.0,33.0,37.0,32.0,True,,,6 16 8,Lucht,Niet,6.0,16.0,8.0,,,,,,,,,catalogusGG.pdf
935,D00337,337,Glas,Glas 4-20-6 (GDL),glas,30.0,25.0,29.6,Geluidwering Gevels...,20.0,22.0,23.0,32.0,40.0,40.0,True,,,4 20 6,Lucht,Niet,4.0,20.0,6.0,,,,,,,,,catalogusGG.pdf
936,D00338,338,Glas,Glas 8-12-12 (GDL),glas,32.0,45.0,30.7,Geluidwering Gevels...,25.2,25.0,26.0,33.0,33.0,33.0,True,,,8 12 12,Lucht,Niet,8.0,12.0,12.0,,,,,,,,,catalogusGG.pdf
937,D00339,339,Glas,Glas 6-16-10 (GDL),glas,32.0,40.0,31.3,Geluidwering Gevels...,23.5,24.0,26.0,33.0,36.0,36.0,True,,,6 16 10,Lucht,Niet,6.0,16.0,10.0,,,,,,,,,catalogusGG.pdf
938,D00340,340,Glas,Glas 4-20-8 (GDL),glas,32.0,30.0,30.8,Geluidwering Gevels...,21.4,23.0,25.0,33.0,38.0,38.0,True,,,4 20 8,Lucht,Niet,4.0,20.0,8.0,,,,,,,,,catalogusGG.pdf
939,D00341,341,Glas,Glas 6-20-6 (GDL),glas,32.0,30.0,30.9,Geluidwering Gevels...,21.4,23.0,26.0,33.0,39.0,34.0,True,,,6 20 6,Lucht,Niet,6.0,20.0,6.0,,,,,,,,,catalogusGG.pdf
940,D00342,342,Glas,Glas 4-24-4 (GDL),glas,32.0,20.0,29.1,Geluidwering Gevels...,18.3,21.0,23.0,32.0,40.0,41.0,True,,,4 24 4,Lucht,Niet,4.0,24.0,4.0,,,,,,,,,catalogusGG.pdf
941,D00343,343,Glas,Glas 6-16-12 (GDL),glas,34.0,45.0,31.2,Geluidwering Gevels...,24.3,24.0,26.0,34.0,35.0,35.0,True,,,6 16 12,Lucht,Niet,6.0,16.0,12.0,,,,,,,,,catalogusGG.pdf
942,D00344,344,Glas,Glas 8-16-10 (GDL),glas,34.0,45.0,30.9,Geluidwering Gevels...,24.0,24.0,27.0,34.0,34.0,32.0,True,,,8 16 10,Lucht,Niet,8.0,16.0,10.0,,,,,,,,,catalogusGG.pdf
943,D00345,345,Glas,Glas 4-20-10 (GDL),glas,34.0,35.0,31.1,Geluidwering Gevels...,22.5,23.0,26.0,33.0,37.0,37.0,True,,,4 20 10,Lucht,Niet,4.0,20.0,10.0,,,,,,,,,catalogusGG.pdf
944,D00346,346,Glas,Glas 6-20-8 (GDL),glas,34.0,35.0,31.2,Geluidwering Gevels...,22.3,23.0,27.0,34.0,38.0,33.0,True,,,6 20 8,Lucht,Niet,6.0,20.0,8.0,,,,,,,,,catalogusGG.pdf
945,D00347,347,Glas,Glas 4-24-6 (GDL),glas,34.0,25.0,30.9,Geluidwering Gevels...,20.0,22.0,26.0,33.0,41.0,41.0,True,,,4 24 6,Lucht,Niet,4.0,24.0,6.0,,,,,,,,,catalogusGG.pdf
946,D00348,348,Glas,Glas 8-16-12 (GDL),glas,36.0,50.0,31.9,Geluidwering Gevels...,24.7,25.0,27.0,35.0,35.0,35.0,True,,,8 16 12,Lucht,Niet,8.0,16.0,12.0,,,,,,,,,catalogusGG.pdf
947,D00349,349,Glas,Glas 6-20-10 (GDL),glas,36.0,40.0,32.0,Geluidwering Gevels...,23.1,24.0,27.0,35.0,37.0,37.0,True,,,6 20 10,Lucht,Niet,6.0,20.0,10.0,,,,,,,,,catalogusGG.pdf
948,D00350,350,Glas,Glas 4-24-8 (GDL),glas,36.0,30.0,31.4,Geluidwering Gevels...,21.3,23.0,26.0,34.0,39.0,39.0,True,,,4 24 8,Lucht,Niet,4.0,24.0,8.0,,,,,,,,,catalogusGG.pdf
949,D00351,351,Glas,Glas 6-24-6 (GDL),glas,36.0,30.0,31.4,Geluidwering Gevels...,21.1,23.0,27.0,34.0,40.0,35.0,True,,,6 24 6,Lucht,Niet,6.0,24.0,6.0,,,,,,,,,catalogusGG.pdf
950,D00352,352,Glas,Glas 6-20-12 (GDL),glas,38.0,45.0,31.9,Geluidwering Gevels...,23.8,24.0,27.0,35.0,36.0,36.0,True,,,6 20 12,Lucht,Niet,6.0,20.0,12.0,,,,,,,,,catalogusGG.pdf
951,D00353,353,Glas,Glas 8-20-10 (GDL),glas,38.0,45.0,31.6,Geluidwering Gevels...,23.5,24.0,28.0,36.0,35.0,33.0,True,,,8 20 10,Lucht,Niet,8.0,20.0,10.0,,,,,,,,,catalogusGG.pdf
952,D00354,354,Glas,Glas 4-24-10 (GDL),glas,38.0,35.0,31.7,Geluidwering Gevels...,22.3,23.0,27.0,34.0,38.0,38.0,True,,,4 24 10,Lucht,Niet,4.0,24.0,10.0,,,,,,,,,catalogusGG.pdf
953,D00355,355,Glas,Glas 6-24-8 (GDL),glas,38.0,35.0,31.7,Geluidwering Gevels...,21.9,23.0,28.0,35.0,39.0,34.0,True,,,6 24 8,Lucht,Niet,6.0,24.0,8.0,,,,,,,,,catalogusGG.pdf
954,D00356,356,Glas,Glas 8-20-12 (GDL),glas,40.0,50.0,32.5,Geluidwering Gevels...,24.2,25.0,28.0,36.0,36.0,36.0,True,,,8 20 12,Lucht,Niet,8.0,20.0,12.0,,,,,,,,,catalogusGG.pdf
955,D00357,357,Glas,Glas 6-24-10 (GDL),glas,40.0,40.0,32.6,Geluidwering Gevels...,22.7,24.0,28.0,36.0,38.0,38.0,True,,,6 24 10,Lucht,Niet,6.0,24.0,10.0,,,,,,,,,catalogusGG.pdf
956,D00358,358,Glas,Glas 6-24-12 (GDL),glas,42.0,45.0,32.1,Geluidwering Gevels...,23.4,23.0,28.0,36.0,37.0,37.0,True,,,6 24 12,Lucht,Niet,6.0,24.0,12.0,,,,,,,,,catalogusGG.pdf
957,D00359,359,Glas,Glas 8-24-10 (GDL),glas,42.0,45.0,32.2,Geluidwering Gevels...,23.2,24.0,29.0,37.0,36.0,34.0,True,,,8 24 10,Lucht,Niet,8.0,24.0,10.0,,,,,,,,,catalogusGG.pdf
958,D00360,360,Glas,Glas 8-24-12 (GDL),glas,44.0,50.0,33.1,Geluidwering Gevels...,24.0,25.0,29.0,37.0,37.0,37.0,True,,,8 24 12,Lucht,Niet,8.0,24.0,12.0,,,,,,,,,catalogusGG.pdf
959,D00361,361,Glas,Glas 6-1-5 gelaminee...,glas,12.0,28.0,30.6,Geluidwering Gevels...,20.2,24.0,28.0,31.0,33.0,37.0,True,,,12 0 0,n.v.t,"pvb, 1 zijdig",12.0,0.0,0.0,,,,,,,,,catalogusGG.pdf
960,D00362,362,Glas,Glas 7-1-6 gelaminee...,glas,14.0,33.0,31.6,Geluidwering Gevels...,21.2,25.0,29.0,32.0,34.0,39.0,True,,,14 0 0,n.v.t,"pvb, 1 zijdig",14.0,0.0,0.0,,,,,,,,,catalogusGG.pdf
961,D00363,363,Glas,Glas 8-1-7 gelaminee...,glas,16.0,38.0,32.0,Geluidwering Gevels...,22.1,26.0,29.0,32.0,34.0,41.0,True,,,16 0 0,n.v.t,"pvb, 1 zijdig",16.0,0.0,0.0,,,,,,,,,catalogusGG.pdf
962,D00364,364,Glas,Glas 10-1-9 gelamine...,glas,20.0,48.0,33.4,Geluidwering Gevels...,23.4,27.0,30.0,33.0,36.0,44.0,True,,,20 0 0,n.v.t,"pvb, 1 zijdig",20.0,0.0,0.0,,,,,,,,,catalogusGG.pdf
963,D00471,471,Glas,Glas 4-12-5,glas,21.0,23.0,28.3,Berekendlawaai wo...,19.2,22.0,22.0,29.0,36.0,36.0,True,,,4 12 5,Lucht,Niet,4.0,12.0,5.0,,,,,,,,,catalogusGG.pdf
964,D00628,628,Glas,Meta-glas 5-47-5. 1ki...,glas,57.0,25.0,29.6,v.Dorsser '86 rap. 51...,15.7,21.8,26.2,34.1,40.4,37.2,True,,,5 47 5,Lucht,Niet,5.0,47.0,5.0,,,,,,,,,catalogusGG.pdf
965,D00629,629,Glas,Meta-glas 5-81-5. 2ki...,glas,91.0,0.0,26.8,v.Dorsser '86 rap. 51...,9.8,21.5,33.2,37.0,43.9,39.5,True,,,5 81 5,Lucht,Niet,5.0,81.0,5.0,,,,,,,,,catalogusGG.pdf
966,D00630,630,Glas,Meta-glas 5-125-5. 2...,glas,135.0,0.0,37.3,v.Dorsser '86 rap. 51...,23.8,30.2,36.6,40.3,44.8,39.4,True,,,5 125 5,Lucht,Niet,5.0,125.0,5.0,,,,,,,,,catalogusGG.pdf
967,D00631,631,Glas,Meta-glas 5-125-5.re...,glas,135.0,0.0,38.1,v.Dorsser '86 rap. 51...,25.7,31.1,35.9,41.9,44.4,39.6,True,,,5 125 5,Lucht,Niet,5.0,125.0,5.0,,,,,,,,,catalogusGG.pdf
968,D00632,632,Glas,Meta-glas 5-125-5.ab...,glas,135.0,0.0,36.4,v.Dorsser '86 rap. 51...,21.7,28.7,35.0,42.7,44.5,42.9,True,,,5 125 5,Lucht,Niet,5.0,125.0,5.0,,,,,,,,,catalogusGG.pdf
969,D00633,633,Glas,Meta-glas 5-188-5. 2...,glas,198.0,0.0,38.9,v.Dorsser '86 rap. 51...,25.9,31.9,36.5,44.0,45.4,41.0,True,,,5 188 5,Lucht,Niet,5.0,188.0,5.0,,,,,,,,,catalogusGG.pdf
970,D00634,634,Glas,Meta-glas 5-188-5.ab...,glas,198.0,0.0,40.8,v.Dorsser '86 rap. 51...,27.2,33.3,38.7,45.6,47.4,45.0,True,,,5 188 5,Lucht,Niet,5.0,188.0,5.0,,,,,,,,,catalogusGG.pdf
971,D00635,635,Glas,Meta-glas 5-81-5. 1ki...,glas,91.0,0.0,25.3,v.Dorsser dec'85 rap...,8.8,18.7,28.6,33.4,41.1,35.6,True,,,5 81 5,Lucht,Niet,5.0,81.0,5.0,,,,,,,,,catalogusGG.pdf
972,D00636,636,Glas,Meta-glas 6-160-4 (v...,glas,170.0,0.0,39.5,v.Dorsser apr'90 rap....,25.9,31.9,36.1,44.0,49.3,45.2,True,,,6 160 4,Lucht,Niet,6.0,160.0,4.0,,,,,,,,,catalogusGG.pdf
973,D00637,637,Glas,Meta-glas 8-160-4 (v...,glas,172.0,0.0,40.0,v.Dorsser apr'90 rap....,26.5,32.2,36.5,43.7,49.0,46.5,True,,,8 160 4,Lucht,Niet,8.0,160.0,4.0,,,,,,,,,catalogusGG.pdf
974,D00638,638,Glas,Meta-glas 5-160-4 (v...,glas,171.0,0.0,38.8,v.Dorsser apr'90 rap....,24.8,30.9,35.4,43.2,50.3,46.0,True,,,5 160 4,Lucht,Niet,5.0,160.0,4.0,,,,,,,,,catalogusGG.pdf
975,D00639,639,Glas,Meta-glas 5-80-4 (vo...,glas,89.0,0.0,31.8,v.Dorsser apr'90 rap....,15.8,24.2,32.6,40.9,47.4,43.4,True,,,5 80 4,Lucht,Niet,5.0,80.0,4.0,,,,,,,,,catalogusGG.pdf
976,D00640,640,Glas,Meta-glas 6-80-4 (vo...,glas,90.0,0.0,34.5,v.Dorsser apr'90 rap....,19.6,26.4,32.6,40.1,47.6,44.1,True,,,6 80 4,Lucht,Niet,6.0,80.0,4.0,,,,,,,,,catalogusGG.pdf
977,D00641,641,Glas,Meta-glas 8-80-4 (vo...,glas,92.0,0.0,36.2,v.Dorsser apr'90 rap....,21.6,28.1,34.0,41.2,46.9,45.6,True,,,8 80 4,Lucht,Niet,8.0,80.0,4.0,,,,,,,,,catalogusGG.pdf
978,D00642,642,Glas,Meta-glas 6-44-4 (vo...,glas,54.0,0.0,23.3,v.Dorsser apr'90 rap....,6.7,16.4,25.8,35.9,44.7,41.4,True,,,6 44 4,Lucht,Niet,6.0,44.0,4.0,,,,,,,,,catalogusGG.pdf
979,D00643,643,Glas,Meta-glas 8-44-4 (vo...,glas,56.0,0.0,24.5,v.Dorsser apr'90 rap....,7.7,18.0,28.3,37.4,44.3,43.1,True,,,8 44 4,Lucht,Niet,8.0,44.0,4.0,,,,,,,,,catalogusGG.pdf
980,D00644,644,Glas,Meta-glas 5-44-4 (vo...,glas,53.0,0.0,22.7,v.Dorsser apr'90 rap....,6.1,16.0,24.5,35.8,44.1,39.9,True,,,5 44 4,Lucht,Niet,5.0,44.0,4.0,,,,,,,,,catalogusGG.pdf
981,D00645,645,Glas,Meta-glas 6-160-4 (a...,glas,170.0,0.0,39.9,v.Dorsser apr'90 rap....,28.5,32.8,35.8,41.4,46.8,44.2,True,,,6 160 4,Lucht,Niet,6.0,160.0,4.0,,,,,,,,,catalogusGG.pdf
982,D00646,646,Glas,Meta-glas 6-80-4 (ac...,glas,90.0,0.0,35.8,v.Dorsser apr'90 rap....,21.7,27.6,33.3,39.5,46.3,44.0,True,,,6 80 4,Lucht,Niet,6.0,80.0,4.0,,,,,,,,,catalogusGG.pdf
983,D00647,647,Glas,Meta-glas 6-44-4 (ac...,glas,54.0,0.0,28.2,v.Dorsser apr'90 rap....,12.7,20.2,27.7,35.0,41.4,43.4,True,,,6 44 4,Lucht,Niet,6.0,44.0,4.0,,,,,,,,,catalogusGG.pdf
984,D00648,648,Glas,Meta-glas 6-160-4 (st...,glas,170.0,0.0,40.5,v.Dorsser apr'90 rap....,28.2,32.7,36.8,41.8,49.2,46.4,True,,,6 160 4,Lucht,Niet,6.0,160.0,4.0,,,,,,,,,catalogusGG.pdf
985,D00649,649,Glas,Meta-glas 6-200-4 (st...,glas,210.0,0.0,40.7,v.Dorsser apr'90 rap....,28.3,33.1,36.8,42.8,48.8,47.0,True,,,6 200 4,Lucht,Niet,6.0,200.0,4.0,,,,,,,,,catalogusGG.pdf
986,D00650,650,Glas,Meta-glas 6-80-4 (sto...,glas,90.0,0.0,33.3,v.Dorsser apr'90 rap....,18.4,25.1,31.6,38.5,44.5,45.3,True,,,6 80 4,Lucht,Niet,6.0,80.0,4.0,,,,,,,,,catalogusGG.pdf
987,D00651,651,Glas,Meta-glas 8-80-4 (sto...,glas,92.0,0.0,35.0,v.Dorsser apr'90 rap....,20.5,27.0,32.8,40.0,44.1,46.4,True,,,8 80 4,Lucht,Niet,8.0,80.0,4.0,,,,,,,,,catalogusGG.pdf
988,D00652,652,Glas,Meta-glas 8-160-4 (st...,glas,172.0,0.0,40.8,v.Dorsser apr'90 rap....,28.4,33.2,36.6,42.8,48.9,48.1,True,,,8 160 4,Lucht,Niet,8.0,160.0,4.0,,,,,,,,,catalogusGG.pdf
989,D00653,653,Glas,Meta-glas 5-12-5 (dra...,glas,22.0,0.0,28.2,v.Dorsser apr'90 rap....,21.1,23.7,21.6,28.9,36.2,31.5,True,,,5 12 5,Lucht,Niet,5.0,12.0,5.0,,,,,,,,,catalogusGG.pdf
990,D00654,654,Glas,Meta-glas 6-12-4. 1ki...,glas,22.0,0.0,31.6,v.Dorsser apr'90 rap....,20.4,24.6,28.6,33.0,37.2,34.0,True,,,6 12 4,Lucht,Niet,6.0,12.0,4.0,,,,,,,,,catalogusGG.pdf
991,D00655,655,Glas,Meta-glas 6-12-4. 2ki...,glas,22.0,0.0,32.2,v.Dorsser apr'90 rap....,20.4,24.8,28.7,33.6,39.9,35.7,True,,,6 12 4,Lucht,Niet,6.0,12.0,4.0,,,,,,,,,catalogusGG.pdf
992,D00801,801,Glas,Glazen b.steen 19x1...,glas,80.0,0.0,35.7,Institut fur Technisch...,26.2,29.0,30.9,37.4,42.4,37.9,True,,,0 0 0,n.v.t,Niet,0.0,0.0,0.0,,,,,,,,,catalogusGG.pdf
993,D00802,802,Glas,Glazen b.steen 24x2...,glas,80.0,0.0,35.8,Institut fur Technisch...,26.2,29.0,33.0,39.3,42.4,35.1,True,,,0 0 0,n.v.t,Niet,0.0,0.0,0.0,,,,,,,,,catalogusGG.pdf
994,D00803,803,Glas,Glazen b.steen 24x11...,glas,80.0,0.0,39.6,Institut fur Technisch...,26.2,33.8,36.2,40.3,45.7,49.6,True,,,0 0 0,n.v.t,Niet,0.0,0.0,0.0,,,,,,,,,catalogusGG.pdf
995,D00804,804,Glas,Glazen b.steen 30x3...,glas,100.0,0.0,36.8,Institut fur Technisch...,29.0,35.0,35.6,42.7,35.8,38.7,True,,,0 0 0,n.v.t,Niet,0.0,0.0,0.0,,,,,,,,,catalogusGG.pdf
996,D01003,1003,Glas,Glas 6-12-4/1/4 pvb.l...,glas,27.0,0.0,30.1,Geluidwering Gevels...,22.0,24.0,24.0,31.0,35.0,38.0,True,,,6 12 9,Lucht,"pvb, 1 zijdig",6.0,12.0,9.0,,,,,,,,,catalogusGG.pdf
997,D01004,1004,Glas,Glas 4-12-6/1/6 pvb.l...,glas,29.0,0.0,30.3,Geluidwering Gevels...,23.1,25.0,24.0,31.0,36.0,36.0,True,,,4 12 13,Lucht,"pvb, 1 zijdig",4.0,12.0,13.0,,,,,,,,,catalogusGG.pdf
998,D01005,1005,Glas,Glas 4-16-4/1/4 pvb.l...,glas,29.0,0.0,29.7,Geluidwering Gevels...,20.7,23.0,23.0,32.0,37.0,40.0,True,,,4 16 9,Lucht,"pvb, 1 zijdig",4.0,16.0,9.0,,,,,,,,,catalogusGG.pdf
999,D01006,1006,Glas,Glas 6-12-6/1/6 pvb.l...,glas,31.0,0.0,31.0,Geluidwering Gevels...,24.0,25.0,25.0,32.0,36.0,36.0,True,,,6 12 13,Lucht,"pvb, 1 zijdig",6.0,12.0,13.0,,,,,,,,,catalogusGG.pdf
1000,D01007,1007,Glas,Glas 8-12-6/1/6 pvb.l...,glas,33.0,0.0,31.8,Geluidwering Gevels...,24.8,26.0,26.0,33.0,36.0,36.0,True,,,8 12 13,Lucht,"pvb, 1 zijdig",8.0,12.0,13.0,,,,,,,,,catalogusGG.pdf
1001,D01008,1008,Glas,Glas 4-16-6/1/6 pvb.l...,glas,33.0,0.0,31.1,Geluidwering Gevels...,23.1,24.0,25.0,32.0,38.0,38.0,True,,,4 16 13,Lucht,"pvb, 1 zijdig",4.0,16.0,13.0,,,,,,,,,catalogusGG.pdf
1002,D01009,1009,Glas,Glas 4-20-4/1/4 pvb.l...,glas,33.0,0.0,30.8,Geluidwering Gevels...,20.7,23.0,25.0,33.0,38.0,41.0,True,,,4 20 9,Lucht,"pvb, 1 zijdig",4.0,20.0,9.0,,,,,,,,,catalogusGG.pdf
1003,D01010,1010,Glas,Glas 6-16-6/1/6 pvb.l...,glas,35.0,0.0,32.1,Geluidwering Gevels...,24.0,25.0,26.0,34.0,38.0,38.0,True,,,6 16 13,Lucht,"pvb, 1 zijdig",6.0,16.0,13.0,,,,,,,,,catalogusGG.pdf
1004,D01011,1011,Glas,Glas 6-20-4/1/4 pvb.l...,glas,35.0,0.0,31.8,Geluidwering Gevels...,22.0,23.0,27.0,34.0,38.0,41.0,True,,,6 20 9,Lucht,"pvb, 1 zijdig",6.0,20.0,9.0,,,,,,,,,catalogusGG.pdf
1005,D01012,1012,Glas,Glas 8-16-6/1/6 pvb.l...,glas,37.0,0.0,32.6,Geluidwering Gevels...,24.5,25.0,27.0,35.0,38.0,38.0,True,,,8 16 13,Lucht,"pvb, 1 zijdig",8.0,16.0,13.0,,,,,,,,,catalogusGG.pdf
1006,D01013,1013,Glas,Glas 4-20-6/1/6 pvb.l...,glas,37.0,0.0,31.7,Geluidwering Gevels...,23.1,24.0,26.0,33.0,39.0,39.0,True,,,4 20 13,Lucht,"pvb, 1 zijdig",4.0,20.0,13.0,,,,,,,,,catalogusGG.pdf
1007,D01014,1014,Glas,Glas 8-20-4/1/4 pvb.l...,glas,37.0,0.0,31.9,Geluidwering Gevels...,22.6,24.0,27.0,33.0,37.0,40.0,True,,,8 20 9,Lucht,"pvb, 1 zijdig",8.0,20.0,9.0,,,,,,,,,catalogusGG.pdf
1008,D01015,1015,Glas,Glas 4-24-4/1/4 pvb.l...,glas,37.0,0.0,31.4,Geluidwering Gevels...,20.7,23.0,26.0,34.0,39.0,42.0,True,,,4 24 9,Lucht,"pvb, 1 zijdig",4.0,24.0,9.0,,,,,,,,,catalogusGG.pdf
1009,D01016,1016,Glas,Glas 6-24-4/1/4 pvb.l...,glas,39.0,0.0,32.2,Geluidwering Gevels...,21.6,23.0,28.0,35.0,39.0,42.0,True,,,6 24 9,Lucht,"pvb, 1 zijdig",6.0,24.0,9.0,,,,,,,,,catalogusGG.pdf
1010,D01017,1017,Glas,Glas 8-20-6/1/6 pvb.l...,glas,41.0,0.0,33.5,Geluidwering Gevels...,24.2,26.0,28.0,36.0,39.0,39.0,True,,,8 20 13,Lucht,"pvb, 1 zijdig",8.0,20.0,13.0,,,,,,,,,catalogusGG.pdf
1011,D01018,1018,Glas,Glas 4-24-6/1/6 pvb.l...,glas,41.0,0.0,32.4,Geluidwering Gevels...,23.1,24.0,27.0,34.0,40.0,40.0,True,,,4 24 13,Lucht,"pvb, 1 zijdig",4.0,24.0,13.0,,,,,,,,,catalogusGG.pdf
1012,D01019,1019,Glas,Glas 8-24-4/1/4 pvb.l...,glas,41.0,0.0,32.6,Geluidwering Gevels...,22.3,24.0,28.0,36.0,38.0,41.0,True,,,8 24 9,Lucht,"pvb, 1 zijdig",8.0,24.0,9.0,,,,,,,,,catalogusGG.pdf
1013,D01020,1020,Glas,Glas 6-24-6/1/6 pvb.l...,glas,43.0,0.0,33.3,Geluidwering Gevels...,23.4,25.0,28.0,36.0,40.0,40.0,True,,,6 24 13,Lucht,"pvb, 1 zijdig",6.0,24.0,13.0,,,,,,,,,catalogusGG.pdf
1014,D01021,1021,Glas,Glas 8-24-6/1/6 pvb.l...,glas,45.0,0.0,34.0,Geluidwering Gevels...,24.0,26.0,29.0,37.0,40.0,40.0,True,,,8 24 13,Lucht,"pvb, 1 zijdig",8.0,24.0,13.0,,,,,,,,,catalogusGG.pdf
1015,D01075,1075,Glas,Glas 4/1/4-12-6/1/6 lu...,glas,34.0,0.0,31.9,Geluidwering Gevels...,24.4,26.0,26.0,33.0,36.0,39.0,True,,,9 12 13,Lucht,"pvb, 2 zijdig",9.0,12.0,13.0,,,,,,,,,catalogusGG.pdf
1016,D01076,1076,Glas,Glas 4/1/4-16-6/1/6 lu...,glas,38.0,0.0,33.0,Geluidwering Gevels...,24.2,26.0,27.0,35.0,38.0,41.0,True,,,9 16 13,Lucht,"pvb, 2 zijdig",9.0,16.0,13.0,,,,,,,,,catalogusGG.pdf
1017,D01077,1077,Glas,Glas 4/1/4-20-4/1/4 lu...,glas,38.0,0.0,32.2,Geluidwering Gevels...,22.2,24.0,27.0,35.0,37.0,43.0,True,,,9 20 9,Lucht,"pvb, 2 zijdig",9.0,20.0,9.0,,,,,,,,,catalogusGG.pdf
1018,D01078,1078,Glas,Glas 4/1/4-20-6/1/6 lu...,glas,42.0,0.0,33.8,Geluidwering Gevels...,23.9,27.0,28.0,36.0,39.0,42.0,True,,,9 20 13,Lucht,"pvb, 2 zijdig",9.0,20.0,13.0,,,,,,,,,catalogusGG.pdf
1019,D01079,1079,Glas,Glas 4/1/4-24-4/1/4 lu...,glas,42.0,0.0,32.9,Geluidwering Gevels...,22.0,25.0,28.0,36.0,38.0,44.0,True,,,9 24 9,Lucht,"pvb, 2 zijdig",9.0,24.0,9.0,,,,,,,,,catalogusGG.pdf
1020,D01080,1080,Glas,Glas 4/1/4-24-6/1/6 lu...,glas,46.0,0.0,34.4,Geluidwering Gevels...,23.7,27.0,29.0,37.0,40.0,43.0,True,,,9 24 13,Lucht,"pvb, 2 zijdig",9.0,24.0,13.0,,,,,,,,,catalogusGG.pdf
1021,D01081,1081,Glas,Glas 4/1/4-12-6/2/6 lu...,glas,35.0,0.0,33.3,Geluidwering Gevels...,24.4,27.0,27.0,36.0,38.0,42.0,True,,,9 12 14,Lucht,"pvb, 2 zijdig",9.0,12.0,14.0,,,,,,,,,catalogusGG.pdf
1022,D01082,1082,Glas,Glas 4/1/4-16-5/2/5 lu...,glas,37.0,0.0,33.8,Geluidwering Gevels...,23.5,26.0,28.0,37.0,40.0,44.0,True,,,9 16 12,Lucht,"pvb, 2 zijdig",9.0,16.0,12.0,,,,,,,,,catalogusGG.pdf
1023,D01083,1083,Glas,Glas 4/1/4-16-6/2/6 lu...,glas,39.0,0.0,34.7,Geluidwering Gevels...,24.2,28.0,29.0,37.0,40.0,44.0,True,,,9 16 14,Lucht,"pvb, 2 zijdig",9.0,16.0,14.0,,,,,,,,,catalogusGG.pdf
1024,D01084,1084,Glas,Glas 4/1/4-20-5/2/5 lu...,glas,41.0,0.0,34.5,Geluidwering Gevels...,23.1,27.0,29.0,38.0,41.0,45.0,True,,,9 20 12,Lucht,"pvb, 2 zijdig",9.0,20.0,12.0,,,,,,,,,catalogusGG.pdf
1025,D01085,1085,Glas,Glas 4/1/4-24-5/2/5 lu...,glas,45.0,0.0,35.0,Geluidwering Gevels...,22.9,27.0,30.0,39.0,42.0,46.0,True,,,9 24 12,Lucht,"pvb, 2 zijdig",9.0,24.0,12.0,,,,,,,,,catalogusGG.pdf
1026,D01086,1086,Glas,Glas 4/1/4-24-6/2/6 lu...,glas,47.0,0.0,35.8,Geluidwering Gevels...,23.7,28.0,31.0,40.0,42.0,46.0,True,,,9 24 14,Lucht,"pvb, 2 zijdig",9.0,24.0,14.0,,,,,,,,,catalogusGG.pdf
1027,D01108,1108,Glas,Glas 4-40-4 voorzetr...,glas,48.0,0.0,30.6,Geluidwering Gevels...,18.0,21.0,27.0,35.0,42.0,44.0,True,,,4 40 4,Lucht,Niet,4.0,40.0,4.0,,,,,,,,,catalogusGG.pdf
1028,D01109,1109,Glas,Glas 4-40-6 voorzetr...,glas,50.0,0.0,31.8,Geluidwering Gevels...,19.5,22.0,28.0,36.0,43.0,44.0,True,,,4 40 6,Lucht,Niet,4.0,40.0,6.0,,,,,,,,,catalogusGG.pdf
1029,D01110,1110,Glas,Glas 4-40-8 voorzetr...,glas,52.0,0.0,32.3,Geluidwering Gevels...,20.6,22.0,29.0,37.0,42.0,44.0,True,,,4 40 8,Lucht,Niet,4.0,40.0,8.0,,,,,,,,,catalogusGG.pdf
1030,D01111,1111,Glas,Glas 6-40-6 voorzetr...,glas,52.0,0.0,32.3,Geluidwering Gevels...,20.6,22.0,30.0,37.0,43.0,38.0,True,,,6 40 6,Lucht,Niet,6.0,40.0,6.0,,,,,,,,,catalogusGG.pdf
1031,D01112,1112,Glas,Glas 4-40-10 voorzet...,glas,54.0,0.0,32.8,Geluidwering Gevels...,21.5,23.0,29.0,37.0,41.0,41.0,True,,,4 40 10,Lucht,Niet,4.0,40.0,10.0,,,,,,,,,catalogusGG.pdf
1032,D01113,1113,Glas,Glas 6-40-8 voorzetr...,glas,54.0,0.0,32.4,Geluidwering Gevels...,21.4,22.0,30.0,38.0,42.0,37.0,True,,,6 40 8,Lucht,Niet,6.0,40.0,8.0,,,,,,,,,catalogusGG.pdf
1033,D01114,1114,Glas,Glas 6-40-10 voorzet...,glas,56.0,0.0,33.4,Geluidwering Gevels...,22.1,23.0,31.0,38.0,41.0,41.0,True,,,6 40 10,Lucht,Niet,6.0,40.0,10.0,,,,,,,,,catalogusGG.pdf
1034,D01115,1115,Glas,Glas 6-40-12 voorzet...,glas,58.0,0.0,34.3,Geluidwering Gevels...,23.1,25.0,31.0,39.0,40.0,40.0,True,,,6 40 12,Lucht,Niet,6.0,40.0,12.0,,,,,,,,,catalogusGG.pdf
1035,D01116,1116,Glas,Glas 4-80-4 voorzetr...,glas,88.0,0.0,31.2,Geluidwering Gevels...,18.2,20.0,31.0,39.0,46.0,48.0,True,,,4 80 4,Lucht,Niet,4.0,80.0,4.0,,,,,,,,,catalogusGG.pdf
1036,D01117,1117,Glas,Glas 4-80-6 voorzetr...,glas,90.0,0.0,33.4,Geluidwering Gevels...,19.8,23.0,32.0,40.0,47.0,47.0,True,,,4 80 6,Lucht,Niet,4.0,80.0,6.0,,,,,,,,,catalogusGG.pdf
1037,D01118,1118,Glas,Glas 4-80-8 voorzetr...,glas,92.0,0.0,34.6,Geluidwering Gevels...,20.8,25.0,33.0,40.0,46.0,46.0,True,,,4 80 8,Lucht,Niet,4.0,80.0,8.0,,,,,,,,,catalogusGG.pdf
1038,D01119,1119,Glas,Glas 6-80-6 voorzetr...,glas,92.0,0.0,35.0,Geluidwering Gevels...,20.9,26.0,33.0,41.0,47.0,42.0,True,,,6 80 6,Lucht,Niet,6.0,80.0,6.0,,,,,,,,,catalogusGG.pdf
1039,D01120,1120,Glas,Glas 4-80-10 voorzet...,glas,94.0,0.0,35.2,Geluidwering Gevels...,21.5,26.0,33.0,41.0,45.0,45.0,True,,,4 80 10,Lucht,Niet,4.0,80.0,10.0,,,,,,,,,catalogusGG.pdf
1040,D01121,1121,Glas,Glas 6-80-8 voorzetr...,glas,94.0,0.0,35.7,Geluidwering Gevels...,21.7,27.0,34.0,42.0,46.0,41.0,True,,,6 80 8,Lucht,Niet,6.0,80.0,8.0,,,,,,,,,catalogusGG.pdf
1041,D01122,1122,Glas,Glas 6-80-10 voorzet...,glas,96.0,0.0,36.4,Geluidwering Gevels...,22.8,27.0,35.0,42.0,45.0,45.0,True,,,6 80 10,Lucht,Niet,6.0,80.0,10.0,,,,,,,,,catalogusGG.pdf
1042,D01123,1123,Glas,Glas 6-80-12 voorzet...,glas,98.0,0.0,36.7,Geluidwering Gevels...,24.0,27.0,35.0,42.0,44.0,44.0,True,,,6 80 12,Lucht,Niet,6.0,80.0,12.0,,,,,,,,,catalogusGG.pdf
1043,D01124,1124,Glas,Glas 4-160-4 voorzet...,glas,168.0,0.0,34.3,Geluidwering Gevels...,18.2,27.0,35.0,42.0,50.0,52.0,True,,,4 160 4,Lucht,Niet,4.0,160.0,4.0,,,,,,,,,catalogusGG.pdf
1044,D01125,1125,Glas,Glas 4-160-6 voorzet...,glas,170.0,0.0,35.7,Geluidwering Gevels...,19.8,28.0,36.0,43.0,51.0,51.0,True,,,4 160 6,Lucht,Niet,4.0,160.0,6.0,,,,,,,,,catalogusGG.pdf
1045,D01126,1126,Glas,Glas 4-160-8 voorzet...,glas,172.0,0.0,36.8,Geluidwering Gevels...,21.1,29.0,37.0,44.0,50.0,50.0,True,,,4 160 8,Lucht,Niet,4.0,160.0,8.0,,,,,,,,,catalogusGG.pdf
1046,D01127,1127,Glas,Glas 6-160-6 voorzet...,glas,172.0,0.0,36.8,Geluidwering Gevels...,20.9,30.0,37.0,45.0,50.0,45.0,True,,,6 160 6,Lucht,Niet,6.0,160.0,6.0,,,,,,,,,catalogusGG.pdf
1047,D01128,1128,Glas,Glas 4-160-10 voorze...,glas,174.0,0.0,37.4,Geluidwering Gevels...,22.3,29.0,37.0,44.0,48.0,48.0,True,,,4 160 10,Lucht,Niet,4.0,160.0,10.0,,,,,,,,,catalogusGG.pdf
1048,D01129,1129,Glas,Glas 6-160-8 voorzet...,glas,174.0,0.0,37.0,Geluidwering Gevels...,21.1,30.0,38.0,45.0,49.0,44.0,True,,,6 160 8,Lucht,Niet,6.0,160.0,8.0,,,,,,,,,catalogusGG.pdf
1049,D01130,1130,Glas,Glas 6-160-10 voorze...,glas,176.0,0.0,38.1,Geluidwering Gevels...,22.3,31.0,38.0,46.0,48.0,48.0,True,,,6 160 10,Lucht,Niet,6.0,160.0,10.0,,,,,,,,,catalogusGG.pdf
1050,D01131,1131,Glas,Glas 6-160-12 voorze...,glas,178.0,0.0,38.7,Geluidwering Gevels...,23.4,31.0,39.0,46.0,47.0,47.0,True,,,6 160 12,Lucht,Niet,6.0,160.0,12.0,,,,,,,,,catalogusGG.pdf
1051,D01247,1247,Glas,PH 1260 4-15-4 mm ...,glas,23.0,0.0,25.9,PeutzAssocies'93 La...,18.3,20.0,19.0,27.0,33.0,36.0,True,,,4 15 4,Lucht,Niet,4.0,15.0,4.0,,,,,,,,,catalogusGG.pdf
1052,D01575,1575,Glas,Arho kozijn 4-12-6 m...,glas,22.0,42.0,30.4,TNO/TUE'95 rap. 95...,20.0,25.9,25.7,32.5,33.3,35.1,True,,,4 12 6,Lucht,Niet,4.0,12.0,6.0,,,,,,,,,catalogusGG.pdf
1053,D01576,1576,Glas,Arho kozijn 6-20-4/2/...,glas,36.0,52.0,33.9,TNO/TUE'95 rap. 95...,23.0,27.7,32.4,35.6,36.6,36.2,True,,,6 20 10,Lucht,Niet,6.0,20.0,10.0,,,,,,,,,catalogusGG.pdf
1054,D01577,1577,Glas,Arho kozijn met sand...,glas,73.0,40.0,35.0,TNO/TUE'95 rap. 95...,22.9,30.1,37.3,36.8,35.7,39.8,True,,,1 70 2,Lucht,Niet,1.0,70.0,2.0,,,,,,,,,catalogusGG.pdf
1055,D01705,1705,Glas,Iglas 4-6-8 mm; lucht...,glas,18.0,0.0,29.6,TNO'95 rap.TPD-HA...,21.4,22.9,24.3,28.7,36.6,38.0,True,,,4 6 8,Lucht,Niet,4.0,6.0,8.0,,,,,,,,,catalogusGG.pdf
1056,D01706,1706,Glas,Iglas 4-9-8 mm; lucht...,glas,21.0,0.0,30.5,TNO'95 rap.TPD-HA...,21.4,22.3,25.7,30.4,39.3,37.0,True,,,4 9 8,Lucht,Niet,4.0,9.0,8.0,,,,,,,,,catalogusGG.pdf
1057,D01707,1707,Glas,Iglas 4-12-10 mm; lu...,glas,26.0,0.0,30.2,TNO'95 rap.TPD-HA...,22.5,23.7,22.9,32.0,39.4,42.8,True,,,4 12 10,Lucht,Niet,4.0,12.0,10.0,,,,,,,,,catalogusGG.pdf
1058,D01723,1723,Glas,Iglas 6-15-10 mm; lu...,glas,31.0,0.0,32.3,TNO'95 rap.TPD-HA...,23.5,23.7,27.2,34.1,39.9,37.8,True,,,6 15 10,Lucht,Niet,6.0,15.0,10.0,,,,,,,,,catalogusGG.pdf
1059,D01797,1797,Glas,SGG Climalit Acousti...,glas,21.0,23.0,28.9,TNO'97 rp.TNO/TUE...,24.6,23.1,21.5,29.2,39.2,37.4,True,,,5 12 4,Lucht,Niet,5.0,12.0,4.0,,,,,,,,,catalogusGG.pdf
1060,D01798,1798,Glas,SGG Climalit Acousti...,glas,20.0,20.0,26.9,TNO'97 rp.TNO/TUE...,21.8,23.8,19.3,26.1,36.7,39.0,True,,,4 12 4,Lucht,Niet,4.0,12.0,4.0,,,,,,,,,catalogusGG.pdf
1061,D01800,1800,Glas,SGG Climalit Acousti...,glas,27.0,35.0,32.2,TNO'97 rp.TNO/TUE...,28.4,23.2,25.7,36.1,41.8,37.1,True,,,6 12 9,Lucht,"pvb, 1 zijdig",6.0,12.0,9.0,,,,,,,,,catalogusGG.pdf
1062,D01801,1801,Glas,SGG Climalit Acousti...,glas,33.0,45.0,33.6,TNO'97 rp.TNO/TUE...,29.3,24.8,30.2,38.0,37.5,34.8,True,,,10 15 8,Lucht,Niet,10.0,15.0,8.0,,,,,,,,,catalogusGG.pdf
1063,D01802,1802,Glas,SGG Climalit Acousti...,glas,30.0,45.0,32.4,TNO'97 rp.TNO/TUE...,28.2,23.3,28.0,37.1,37.0,34.3,True,,,10 12 8,Lucht,Niet,10.0,12.0,8.0,,,,,,,,,catalogusGG.pdf
1064,D01803,1803,Glas,SGG Climalit Acousti...,glas,31.0,40.0,33.1,TNO'97 rp.TNO/TUE...,28.4,24.9,27.6,35.6,39.8,35.9,True,,,10 15 6,Lucht,Niet,10.0,15.0,6.0,,,,,,,,,catalogusGG.pdf
1065,D01804,1804,Glas,SGG Climalit Acousti...,glas,28.0,40.0,31.8,TNO'97 rp.TNO/TUE...,27.1,23.6,25.7,34.5,39.1,35.5,True,,,10 12 6,Lucht,Niet,10.0,12.0,6.0,,,,,,,,,catalogusGG.pdf
1066,D01805,1805,Glas,SGG Climalit Acousti...,glas,29.0,35.0,30.7,TNO'97 rp.TNO/TUE...,26.3,21.6,24.9,35.9,40.5,32.7,True,,,8 15 6,Lucht,Niet,8.0,15.0,6.0,,,,,,,,,catalogusGG.pdf
1067,D01806,1806,Glas,SGG Climalit Acousti...,glas,26.0,35.0,30.6,TNO'97 rp.TNO/TUE...,26.8,22.6,24.4,34.8,40.1,32.5,True,,,8 12 6,Lucht,Niet,8.0,12.0,6.0,,,,,,,,,catalogusGG.pdf
1068,D01807,1807,Glas,SGG Climalit Acousti...,glas,33.0,33.0,31.3,TNO'97 rp.TNO/TUE...,26.2,20.8,27.3,33.8,41.5,35.4,True,,,8 20 5,Lucht,Niet,8.0,20.0,5.0,,,,,,,,,catalogusGG.pdf
1069,D01808,1808,Glas,SGG Climalit Acousti...,glas,28.0,33.0,31.1,TNO'97 rp.TNO/TUE...,28.2,21.4,25.7,33.5,41.1,35.7,True,,,8 15 5,Lucht,Niet,8.0,15.0,5.0,,,,,,,,,catalogusGG.pdf
1070,D01809,1809,Glas,SGG Climalit Acousti...,glas,25.0,20.0,30.6,TNO'97 rp.TNO/TUE...,28.9,22.6,23.6,32.8,40.6,36.0,True,,,6 15 4,Lucht,Niet,6.0,15.0,4.0,,,,,,,,,catalogusGG.pdf
1071,D01810,1810,Glas,SGG Climalit Acousti...,glas,22.0,25.0,29.1,TNO'97 rp.TNO/TUE...,26.4,23.5,21.5,29.5,39.8,37.9,True,,,6 12 4,Lucht,Niet,6.0,12.0,4.0,,,,,,,,,catalogusGG.pdf
1072,D01831,1831,Glas,SGG Climalit Silence ...,glas,32.0,40.0,34.4,TNO'97 rp.TNO/TUE...,27.0,24.8,28.4,38.5,45.8,42.8,True,,,6 15 11,Lucht,"pvb, 1 zijdig",6.0,15.0,11.0,,,,,,,,,catalogusGG.pdf
1073,D01834,1834,Glas,SGG Climalit Silence ...,glas,33.0,50.0,37.6,TNO'97 rp.TNO/TUE...,28.7,28.3,32.9,40.9,42.8,48.0,True,,,12 12 9,Lucht,"pvb, 1 zijdig",12.0,12.0,9.0,,,,,,,,,catalogusGG.pdf
1074,D01835,1835,Glas,SGG Climalit Silence ...,glas,32.0,40.0,33.9,TNO'97 rp.TNO/TUE...,27.8,23.1,28.7,38.9,45.1,43.6,True,,,8 15 9,Lucht,"pvb, 1 zijdig",8.0,15.0,9.0,,,,,,,,,catalogusGG.pdf
1075,D01839,1839,Glas,SGG Climalit Silence ...,glas,41.0,50.0,38.4,TNO'97 rp.TNO/TUE...,25.9,29.6,36.3,41.7,43.0,48.4,True,,,12 20 9,Lucht,"pvb, 1 zijdig",12.0,20.0,9.0,,,,,,,,,catalogusGG.pdf
1076,D02036,2036,Glas,Eland-Brandt Type 7....,glas,25.0,25.0,29.6,TNO-rapport IS-RPT...,18.2,26.0,23.1,32.1,36.1,37.8,True,,,6 20 4,Lucht,Niet,6.0,20.0,4.0,,,,,,,,,catalogusGG.pdf
1077,D02037,2037,Glas,Eland-Brandt Type 7....,glas,35.0,35.0,33.3,TNO-rapport IS-RPT...,19.1,26.4,30.6,37.2,39.8,41.5,True,,,5 15 10,Lucht,Niet,5.0,15.0,10.0,,,,,,,,,catalogusGG.pdf
1078,D02038,2038,Glas,Eland-Brandt Type 7....,glas,22.0,35.0,34.3,TNO-rapport IS-RPT...,24.8,24.8,30.1,37.2,40.8,41.1,True,,,5 12 4,Lucht,Niet,5.0,12.0,4.0,,,,,,,,,catalogusGG.pdf
1079,D02039,2039,Glas,Eland-Brandt Type 7....,glas,21.0,0.0,31.7,TNO-rapport IS-RPT...,24.4,25.6,29.8,34.6,32.3,34.1,True,,,5 12 4,Lucht,Niet,5.0,12.0,4.0,,,,,,,,,catalogusGG.pdf
1080,D02040,2040,Glas,Eland-Brandt Type 7....,glas,24.0,40.0,35.5,TNO-rapport IS-RPT...,21.3,28.4,33.6,40.1,41.3,42.4,True,,,5 15 4,Lucht,Niet,5.0,15.0,4.0,,,,,,,,,catalogusGG.pdf
1081,D02041,2041,Glas,Eland-Brandt Type 7....,glas,24.0,40.0,32.6,TNO-rapport IS-RPT...,24.4,23.6,28.7,35.9,36.8,37.6,True,,,5 15 4,Lucht,Niet,5.0,15.0,4.0,,,,,,,,,catalogusGG.pdf
1082,D02048,2048,Glas,SGG Stadip Silence ...,glas,7.0,15.0,30.5,TNO'97 rap. 97-CBO...,22.4,22.2,25.5,31.1,36.2,38.8,True,,,7 0 0,n.v.t,"pvb, 1 zijdig",7.0,0.0,0.0,,,,,,,,,catalogusGG.pdf
1083,D02049,2049,Glas,SGG Stadip Silence ...,glas,9.0,20.0,32.4,TNO'97 rap. 97-CBO...,22.9,24.7,27.5,33.0,38.2,39.6,True,,,9 0 0,n.v.t,"pvb, 1 zijdig",9.0,0.0,0.0,,,,,,,,,catalogusGG.pdf
1084,D02055,2055,Glas,SGG Stadip Silence ...,glas,13.0,30.0,34.7,TNO'97 rap. 97-CBO...,24.8,27.7,29.7,35.6,40.2,41.5,True,,,13 0 0,n.v.t,"pvb, 1 zijdig",13.0,0.0,0.0,,,,,,,,,catalogusGG.pdf
1085,D02062,2062,Glas,SGG Climalit Silence ...,glas,36.0,51.0,38.2,TNO'00 rap 2000-CB...,30.1,28.5,33.2,42.0,45.1,45.2,True,,,10 15 11,Lucht,"pvb, 1 zijdig",10.0,15.0,11.0,,,,,,,,,catalogusGG.pdf
1086,D02063,2063,Glas,SGG Climalit Silence ...,glas,35.0,56.0,38.2,TNO'00 rap 2000-CB...,30.1,29.4,32.6,41.8,44.4,44.4,True,,,10 12 13,Lucht,"pvb, 1 zijdig",10.0,12.0,13.0,,,,,,,,,catalogusGG.pdf
1087,D02064,2064,Glas,SGG Climalit Silence ...,glas,35.0,35.0,35.2,TNO'00 rap 2000-CB...,28.1,24.8,30.4,37.8,46.4,43.9,True,,,6 20 9,Lucht,"pvb, 1 zijdig",6.0,20.0,9.0,,,,,,,,,catalogusGG.pdf
1088,D02065,2065,Glas,SGG Climalit Silence ...,glas,37.0,40.0,36.2,TNO'00 rap 2000-CB...,27.9,25.5,32.1,39.4,46.5,44.2,True,,,8 20 9,Lucht,"pvb, 1 zijdig",8.0,20.0,9.0,,,,,,,,,catalogusGG.pdf
1089,D02066,2066,Glas,SGG Climalit Silence ...,glas,41.0,40.0,36.4,TNO'00 rap 2000-CB...,29.6,25.4,32.5,39.7,45.3,44.1,True,,,8 24 9,Lucht,"pvb, 1 zijdig",8.0,24.0,9.0,,,,,,,,,catalogusGG.pdf
1090,D02068,2068,Glas,SGG Climalit Silence ...,glas,43.0,56.0,39.7,TNO'00 rap 2000-CB...,27.5,32.0,36.0,43.9,44.7,44.8,True,,,10 20 13,Lucht,"pvb, 1 zijdig",10.0,20.0,13.0,,,,,,,,,catalogusGG.pdf
1091,D02177,2177,Glas,SGG Climalit Silence ...,glas,48.0,65.0,42.8,TNO'02 rap. DGT-R...,29.5,34.2,40.1,46.0,52.3,50.6,True,,,13 20 15,Lucht,"pvb, 2 zijdig",13.0,20.0,15.0,,,,,,,,,catalogusGG.pdf
1092,D02178,2178,Glas,SGG Climalit Silence ...,glas,49.0,60.0,39.9,TNO'02 rap. DGT-R...,27.0,32.7,37.2,44.5,45.3,43.8,True,,,10 24 15,Lucht,"pvb, 1 zijdig",10.0,24.0,15.0,,,,,,,,,catalogusGG.pdf
1093,D02179,2179,Glas,SGG Climalit Silence ...,glas,48.0,55.0,41.8,TNO'02 rap. DGT-R...,29.0,31.7,40.1,45.7,53.4,51.9,True,,,13 24 11,Lucht,"pvb, 2 zijdig",13.0,24.0,11.0,,,,,,,,,catalogusGG.pdf
1094,D02202,2202,Glas,SGG Climalit Acousti...,glas,34.0,45.0,35.2,TNO-rapport DGT-R...,27.0,26.0,30.9,36.1,41.6,44.4,True,,,10 15 9,Lucht,"pvb, 1 zijdig",10.0,15.0,9.0,,,,,,,,,catalogusGG.pdf
1095,D02203,2203,Glas,SGG Climalit Acousti...,glas,32.0,40.0,32.9,TNO-rapport DGT-R...,26.7,24.1,26.6,35.1,42.4,42.0,True,,,6 15 11,Lucht,"pvb, 1 zijdig",6.0,15.0,11.0,,,,,,,,,catalogusGG.pdf
1096,D02204,2204,Glas,SGG Climalit Acousti...,glas,27.0,35.0,31.5,TNO-rapport DGT-R...,25.5,24.5,24.1,33.1,42.0,42.5,True,,,6 12 9,Lucht,"pvb, 1 zijdig",6.0,12.0,9.0,,,,,,,,,catalogusGG.pdf
1097,D02205,2205,Glas,SGG Climalit Silence ...,glas,34.0,45.0,36.9,TNO-rapport DGT-R...,29.4,27.7,31.6,40.2,42.4,46.1,True,,,10 15 9,Lucht,"pvb, 1 zijdig",10.0,15.0,9.0,,,,,,,,,catalogusGG.pdf
1098,D02206,2206,Glas,SGG Climalit Silence ...,glas,32.0,40.0,33.9,TNO-rapport DGT-R...,27.7,23.8,28.2,36.7,46.1,43.5,True,,,6 15 11,Lucht,"pvb, 1 zijdig",6.0,15.0,11.0,,,,,,,,,catalogusGG.pdf
1099,D02207,2207,Glas,SGG Climalit Silence ...,glas,27.0,35.0,32.0,TNO-rapport DGT-R...,27.9,24.0,24.4,34.7,45.1,43.6,True,,,6 12 9,Lucht,"pvb, 1 zijdig",6.0,12.0,9.0,,,,,,,,,catalogusGG.pdf
1100,D02208,2208,Glas,SGG Climalit Acousti...,glas,22.0,25.0,29.0,TNO-rapport DGT-R...,24.7,23.9,20.7,30.9,45.1,39.5,True,,,4 12 6,Gas,Niet,4.0,12.0,6.0,,,,,,,,,catalogusGG.pdf
1101,D02209,2209,Glas,SGG Climalit Acousti...,glas,17.0,25.0,29.1,TNO-rapport DGT-R...,26.4,24.8,22.2,27.5,38.0,37.1,True,,,4 7 6,Lucht,Niet,4.0,7.0,6.0,,,,,,,,,catalogusGG.pdf
1102,D02210,2210,Glas,SGG Climalit Acousti...,glas,19.0,25.0,28.9,TNO-rapport DGT-R...,26.8,24.3,21.7,27.7,38.6,37.8,True,,,4 9 6,Lucht,Niet,4.0,9.0,6.0,,,,,,,,,catalogusGG.pdf
1103,D02211,2211,Glas,SGG Climalit Acousti...,glas,22.0,25.0,28.7,TNO-rapport DGT-R...,23.8,24.1,20.9,29.0,40.4,38.2,True,,,4 12 6,Lucht,Niet,4.0,12.0,6.0,,,,,,,,,catalogusGG.pdf
1104,D02212,2212,Glas,SGG Climalit Acousti...,glas,25.0,25.0,28.4,TNO-rapport DGT-R...,24.6,22.5,20.6,29.4,41.2,39.2,True,,,4 15 6,Lucht,Niet,4.0,15.0,6.0,,,,,,,,,catalogusGG.pdf
1105,D02213,2213,Glas,SGG Climalit Acousti...,glas,30.0,25.0,28.5,TNO-rapport DGT-R...,24.0,19.2,21.9,30.8,41.7,38.3,True,,,4 20 6,Lucht,Niet,4.0,20.0,6.0,,,,,,,,,catalogusGG.pdf
1106,D02214,2214,Glas,SGG Climalit Acousti...,glas,34.0,25.0,28.8,TNO-rapport DGT-R...,22.8,19.2,22.4,31.7,42.4,38.6,True,,,4 24 6,Lucht,Niet,4.0,24.0,6.0,,,,,,,,,catalogusGG.pdf
1107,D02215,2215,Glas,SGG Climalit Acousti...,glas,22.0,25.0,28.5,TNO-rapport DGT-R...,23.5,24.3,21.1,27.6,40.1,38.9,True,,,4 12 6,Gas,Niet,4.0,12.0,6.0,,,,,,,,,catalogusGG.pdf
1108,D02216,2216,Glas,SGG Climalit Acousti...,glas,25.0,25.0,27.4,TNO-rapport DGT-R...,22.8,23.3,19.4,27.5,40.9,39.3,True,,,4 15 6,Gas,Niet,4.0,15.0,6.0,,,,,,,,,catalogusGG.pdf
1109,D02217,2217,Glas,SGG Climalit Acousti...,glas,30.0,25.0,28.4,TNO-rapport DGT-R...,24.8,21.1,20.9,29.8,42.0,39.5,True,,,4 20 6,Gas,Niet,4.0,20.0,6.0,,,,,,,,,catalogusGG.pdf
1110,D02218,2218,Glas,SGG Climalit Acousti...,glas,25.0,25.0,29.4,TNO-rapport DGT-R...,24.3,23.8,22.2,29.2,40.1,39.2,True,,,4 15 6,Lucht,Niet,4.0,15.0,6.0,,,,,,,,,catalogusGG.pdf
1111,D02219,2219,Glas,SGG Climalit Acousti...,glas,30.0,35.0,31.8,TNO-rapport DGT-R...,27.8,22.1,26.2,35.7,41.4,35.8,True,,,9 15 6,Lucht,"pvb, 1 zijdig",9.0,15.0,6.0,,,,,,,,,catalogusGG.pdf
1112,D02220,2220,Glas,SGG Climalit Acousti...,glas,31.0,40.0,32.6,TNO-rapport DGT-R...,27.8,24.1,27.0,34.8,39.7,35.8,True,,,6 15 10,Lucht,Niet,6.0,15.0,10.0,,,,,,,,,catalogusGG.pdf
1113,D02221,2221,Glas,SGG Climalit Acousti...,glas,40.0,40.0,34.1,TNO-rapport DGT-R...,25.1,25.4,31.0,37.0,39.9,35.9,True,,,6 24 10,Lucht,Niet,6.0,24.0,10.0,,,,,,,,,catalogusGG.pdf
1114,D02222,2222,Glas,SGG Climalit Silence ...,glas,52.0,65.0,42.3,TNO-rapport DGT-R...,26.6,37.5,40.9,46.4,51.0,53.0,True,,,13 24 15,Lucht,"pvb, 2 zijdig",13.0,24.0,15.0,,,,,,,,,catalogusGG.pdf
1115,D02223,2223,Glas,SGG Climalit Silence ...,glas,36.0,50.0,38.5,TNO-rapport DGT-R...,28.9,30.0,34.2,40.4,42.9,48.4,True,,,9 15 12,Lucht,"pvb, 1 zijdig",9.0,15.0,12.0,,,,,,,,,catalogusGG.pdf
1116,D02224,2224,Glas,SGG Climalit Silence ...,glas,41.0,50.0,39.4,TNO-rapport DGT-R...,27.9,31.0,36.5,41.9,43.1,48.8,True,,,9 20 12,Lucht,"pvb, 1 zijdig",9.0,20.0,12.0,,,,,,,,,catalogusGG.pdf
1117,D02225,2225,Glas,SGG Climalit Silence ...,glas,45.0,60.0,39.7,TNO-rapport DGT-R...,26.0,36.0,37.4,43.1,42.4,46.6,True,,,13 20 12,Lucht,"pvb, 1 zijdig",13.0,20.0,12.0,,,,,,,,,catalogusGG.pdf
1118,D02226,2226,Glas,SGG Climalit Silence ...,glas,49.0,60.0,40.8,TNO-rapport DGT-R...,27.7,37.0,38.6,43.7,42.7,47.1,True,,,13 24 12,Lucht,"pvb, 1 zijdig",13.0,24.0,12.0,,,,,,,,,catalogusGG.pdf
1119,D02227,2227,Glas,SGG Climalit Silence ...,glas,41.0,50.0,36.6,TNO-rapport DGT-R...,27.7,26.2,32.4,40.8,45.1,43.4,True,,,13 20 8,Lucht,"pvb, 1 zijdig",13.0,20.0,8.0,,,,,,,,,catalogusGG.pdf
1120,D02228,2228,Glas,SGG Climalit Acousti...,glas,37.0,50.0,35.4,TNO-rapport DGT-R...,25.5,27.0,31.9,38.9,39.2,40.4,True,,,9 15 13,Lucht,Niet,9.0,15.0,13.0,,,,,,,,,catalogusGG.pdf
1121,D02229,2229,Glas,SGG Climalit Acousti...,glas,32.0,40.0,29.3,TNO-rapport DGT-R...,25.6,20.4,22.9,32.4,38.0,35.3,True,,,9 15 8,Lucht,Niet,9.0,15.0,8.0,,,,,,,,,catalogusGG.pdf
1122,D02230,2230,Glas,SGG Climalit Acousti...,glas,28.0,33.0,30.7,TNO-rapport DGT-R...,29.3,22.3,24.1,32.6,41.3,36.2,True,,,5 15 8,Lucht,Niet,5.0,15.0,8.0,,,,,,,,,catalogusGG.pdf
1123,D02231,2231,Glas,SGG Climalit Acousti...,glas,36.0,40.0,33.9,TNO-rapport DGT-R...,26.6,25.3,30.5,36.5,39.1,35.4,True,,,6 20 10,Lucht,Niet,6.0,20.0,10.0,,,,,,,,,catalogusGG.pdf
1124,D02232,2232,Glas,SGG Climalit Acousti...,glas,33.0,33.0,31.7,TNO-rapport DGT-R...,27.8,21.5,27.5,33.7,41.5,35.6,True,,,5 20 8,Lucht,Niet,5.0,20.0,8.0,,,,,,,,,catalogusGG.pdf
1125,D02233,2233,Glas,SGG Climalit Acousti...,glas,37.0,33.0,32.1,TNO-rapport DGT-R...,26.3,21.1,28.8,34.5,42.3,37.0,True,,,5 24 8,Lucht,Niet,5.0,24.0,8.0,,,,,,,,,catalogusGG.pdf
1126,D02234,2234,Glas,SGG Climalit Acousti...,glas,20.0,20.0,25.8,TNO-rapport DGT-R...,20.8,23.8,17.9,25.3,36.1,39.1,True,,,4 12 4,Lucht,Niet,4.0,12.0,4.0,,,,,,,,,catalogusGG.pdf
1127,D02235,2235,Glas,SGG Climalit Acousti...,glas,21.0,23.0,28.9,TNO-rapport DGT-R...,24.5,23.9,21.1,29.6,39.4,37.8,True,,,4 12 5,Lucht,Niet,4.0,12.0,5.0,,,,,,,,,catalogusGG.pdf
1128,D02236,2236,Glas,SGG Climalit Acousti...,glas,24.0,23.0,28.6,TNO-rapport DGT-R...,24.3,23.1,20.6,30.1,40.3,39.0,True,,,4 15 5,Lucht,Niet,4.0,15.0,5.0,,,,,,,,,catalogusGG.pdf
1129,D02237,2237,Glas,SGG Climalit Acousti...,glas,33.0,40.0,30.8,TNO-rapport DGT-R...,28.4,22.5,23.7,33.6,40.3,38.2,True,,,9 15 9,Lucht,Niet,9.0,15.0,9.0,,,,,,,,,catalogusGG.pdf
1130,D02238,2238,Glas,SGG Climalit Silence ...,glas,24.0,28.0,30.7,TNO-rapport DGT-R...,26.2,24.1,22.8,32.7,44.0,45.8,True,,,7 12 5,Lucht,Niet,7.0,12.0,5.0,,,,,,,,,catalogusGG.pdf
1131,D02239,2239,Glas,SGG Climalit Silence ...,glas,19.0,28.0,31.2,TNO-rapport DGT-R...,26.2,25.8,23.9,30.8,41.4,44.5,True,,,7 7 5,Lucht,Niet,7.0,7.0,5.0,,,,,,,,,catalogusGG.pdf
1132,D02240,2240,Glas,SGG Climalit Silence ...,glas,30.0,35.0,32.8,TNO-rapport DGT-R...,28.1,23.1,26.4,35.7,46.3,44.6,True,,,9 15 6,Lucht,Niet,9.0,15.0,6.0,,,,,,,,,catalogusGG.pdf
1133,D02241,2241,Glas,SGG Climalit Silence ...,glas,32.0,40.0,34.4,TNO-rapport DGT-R...,27.9,24.4,28.4,38.3,46.7,45.2,True,,,9 15 8,Lucht,Niet,9.0,15.0,8.0,,,,,,,,,catalogusGG.pdf
1134,D02242,2242,Glas,SGG Climalit Silence ...,glas,39.0,45.0,38.5,TNO-rapport DGT-R...,28.0,28.9,34.3,41.4,46.2,47.5,True,,,9 20 10,Lucht,Niet,9.0,20.0,10.0,,,,,,,,,catalogusGG.pdf
1135,D02243,2243,Glas,SGG Stadip Silence ...,glas,11.0,25.0,34.1,TNO-rapport DGT-R...,25.0,28.1,28.4,34.5,39.6,40.7,True,,,11 0 0,n.v.t,"pvb, 1 zijdig",11.0,0.0,0.0,,,,,,,,,catalogusGG.pdf
1136,D02244,2244,Glas,SGG Stadip Silence ...,glas,13.0,30.0,35.2,TNO-rapport DGT-R...,26.2,29.2,29.8,35.4,40.4,42.0,True,,,13 0 0,n.v.t,"pvb, 1 zijdig",13.0,0.0,0.0,,,,,,,,,catalogusGG.pdf
1137,D02245,2245,Glas,SGG Stadip Silence ...,glas,15.0,35.0,36.0,TNO-rapport DGT-R...,25.9,30.5,30.8,36.4,40.7,43.6,True,,,15 0 0,n.v.t,"pvb, 1 zijdig",15.0,0.0,0.0,,,,,,,,,catalogusGG.pdf
1138,D02246,2246,Glas,SGG Stadip Silence ...,glas,17.0,40.0,37.0,TNO-rapport DGT-R...,26.7,32.0,31.7,37.2,41.2,45.6,True,,,17 0 0,n.v.t,"pvb, 1 zijdig",17.0,0.0,0.0,,,,,,,,,catalogusGG.pdf
1139,D02247,2247,Glas,SGG Stadip opbouw ...,glas,9.0,20.0,30.6,TNO-rapport DGT-R...,22.6,24.2,25.9,31.9,36.2,32.5,True,,,9 0 0,n.v.t,"pvb, 1 zijdig",9.0,0.0,0.0,,,,,,,,,catalogusGG.pdf
1140,D02248,2248,Glas,SGG Stadip Silence ...,glas,7.0,15.0,30.8,TNO-rapport DGT-R...,23.2,24.2,24.8,31.3,36.4,39.4,True,,,6 0 0,n.v.t,"pvb, 1 zijdig",6.0,0.0,0.0,,,,,,,,,catalogusGG.pdf
1141,D02249,2249,Glas,SGG Stadip opbouw ...,glas,17.0,40.0,33.1,TNO-rapport DGT-R...,22.2,29.3,31.0,35.0,33.3,42.8,True,,,17 0 0,n.v.t,"pvb, 1 zijdig",17.0,0.0,0.0,,,,,,,,,catalogusGG.pdf
1142,D02250,2250,Glas,SGG Stadip opbouw ...,glas,11.0,25.0,32.2,TNO-rapport DGT-R...,23.3,29.2,27.4,33.7,34.8,35.1,True,,,11 0 0,n.v.t,"pvb, 1 zijdig",11.0,0.0,0.0,,,,,,,,,catalogusGG.pdf
1143,D02251,2251,Glas,SGG Stadip opbouw ...,glas,13.0,30.0,32.8,TNO-rapport DGT-R...,23.1,30.1,29.4,34.6,33.2,38.2,True,,,13 0 0,n.v.t,"pvb, 1 zijdig",13.0,0.0,0.0,,,,,,,,,catalogusGG.pdf
1144,D02252,2252,Glas,SGG Stadip Silence ...,glas,7.0,15.0,30.8,TNO-rapport DGT-R...,22.0,24.5,25.0,31.1,36.5,39.4,True,,,7 0 0,n.v.t,"pvb, 1 zijdig",7.0,0.0,0.0,,,,,,,,,catalogusGG.pdf
1145,D02253,2253,Glas,SGG Stadip Silence ...,glas,9.0,20.0,32.7,TNO-rapport DGT-R...,25.2,25.8,26.9,33.1,38.2,39.9,True,,,9 0 0,n.v.t,"pvb, 1 zijdig",9.0,0.0,0.0,,,,,,,,,catalogusGG.pdf
1146,D02254,2254,Glas,SGG Stadip opbouw ...,glas,7.0,15.0,29.5,TNO-rapport DGT-R...,22.9,23.3,23.8,30.7,35.5,31.8,True,,,7 0 0,n.v.t,"pvb, 1 zijdig",7.0,0.0,0.0,,,,,,,,,catalogusGG.pdf
1147,D02255,2255,Glas,SGG Stadip opbouw ...,glas,7.0,15.0,29.0,TNO-rapport DGT-R...,20.7,22.2,24.1,30.7,35.4,30.7,True,,,6 0 0,n.v.t,"pvb, 1 zijdig",6.0,0.0,0.0,,,,,,,,,catalogusGG.pdf
1148,D02533,2533,Glas,AGC Phonibel ST 3141,glas,31.0,35.0,34.3,IFT Rozenheim 0403...,33.4,23.2,28.6,38.7,48.7,48.2,True,,,6 16 9,Lucht,"pvb, 1 zijdig",6.0,16.0,9.0,,,,,,,,,catalogusGG.pdf
1149,D02535,2535,Glas,AGC Phonibel ST 3342,glas,33.0,40.0,35.4,IFT Rozenheim 0403...,30.5,24.5,29.9,39.6,47.4,48.4,True,,,8 16 9,Lucht,"pvb, 1 zijdig",8.0,16.0,9.0,,,,,,,,,catalogusGG.pdf
1150,D02538,2538,Glas,AGC Phonibel ST 3743,glas,37.0,50.0,37.6,IFT Rozenheim 0403...,34.0,26.9,32.8,40.4,46.9,45.6,True,,,8 16 13,Lucht,"pvb, 1 zijdig",8.0,16.0,13.0,,,,,,,,,catalogusGG.pdf
1151,D02539,2539,Glas,AGC Phonibel ST 3843,glas,38.0,50.0,36.5,IFT Rozenheim 0403...,31.0,25.3,32.0,41.4,47.7,45.3,True,,,8 16 14,Lucht,"pvb, 1 zijdig",8.0,16.0,14.0,,,,,,,,,catalogusGG.pdf
1152,D02542,2542,Glas,AGC Phonibel ST 3545,glas,35.0,45.0,37.5,IFT Rozenheim 0403...,30.9,26.2,33.2,42.7,46.7,50.9,True,,,10 16 9,Lucht,"pvb, 1 zijdig",10.0,16.0,9.0,,,,,,,,,catalogusGG.pdf
1153,D02543,2543,Glas,AGC Phonibel ST 3445,glas,34.0,50.0,39.2,IFT Rozenheim 0403...,34.2,29.7,33.2,41.5,46.6,52.5,True,,,13 12 9,Lucht,"pvb, 2 zijdig",13.0,12.0,9.0,,,,,,,,,catalogusGG.pdf
1154,D02544,2544,Glas,AGC Phonibel ST 3846,glas,38.0,50.0,39.4,IFT Rozenheim 0403...,31.1,29.1,34.9,42.4,47.0,52.9,True,,,13 16 9,Lucht,"pvb, 2 zijdig",13.0,16.0,9.0,,,,,,,,,catalogusGG.pdf
1155,D02546,2546,Glas,AGC Phonibel ST 3447,glas,34.0,50.0,39.6,IFT Rozenheim 0403...,35.8,27.9,35.0,44.1,53.1,55.7,True,,,9 12 13,Lucht,"pvb, 2 zijdig",9.0,12.0,13.0,,,,,,,,,catalogusGG.pdf
1156,D02548,2548,Glas,AGC Phonibel ST 3849,glas,38.0,50.0,40.1,IFT Rozenheim 0403...,35.4,27.6,38.0,45.8,54.1,56.0,True,,,9 16 13,Lucht,"pvb, 2 zijdig",9.0,16.0,13.0,,,,,,,,,catalogusGG.pdf
1157,D02549,2549,Glas,AGC Phonibel ST 3949,glas,39.0,50.0,40.0,IFT Rozenheim 0403...,32.3,27.8,37.6,46.5,55.7,56.1,True,,,10 16 14,Lucht,"pvb, 2 zijdig",10.0,16.0,14.0,,,,,,,,,catalogusGG.pdf
1158,D02551,2551,Glas,AGC Phonibel ST 4250,glas,42.0,50.0,41.3,IFT Rozenheim 0403...,33.9,28.9,39.6,46.9,54.9,56.5,True,,,9 20 13,Lucht,"pvb, 2 zijdig",9.0,20.0,13.0,,,,,,,,,catalogusGG.pdf
1159,D02552,2552,Glas,AGC Phonibel ST 41...,glas,41.0,60.0,42.1,IFT Rozenheim 0404...,33.7,30.5,40.0,45.4,52.5,55.2,True,,,17 15 9,Lucht,"pvb, 2 zijdig",17.0,15.0,9.0,,,,,,,,,catalogusGG.pdf
1160,D02553,2553,Glas,AGC Phonibel ST 4551,glas,45.0,70.0,44.3,IFT Rozenheim 0404...,30.9,35.6,42.8,46.7,52.0,52.0,True,,,17 15 13,Lucht,"pvb, 2 zijdig",17.0,15.0,13.0,,,,,,,,,catalogusGG.pdf
1161,D02555,2555,Glas,AGC Stratophone 33.2,glas,7.0,15.0,30.3,WTCB (rapportnum...,19.1,22.1,26.5,31.6,36.1,39.6,True,,,0 0 0,n.v.t,"pvb, 1 zijdig",0.0,0.0,0.0,,,,,,,,,catalogusGG.pdf
1162,D02557,2557,Glas,AGC Stratophone 44.2,glas,9.0,20.0,32.7,WTCB (rapportnum...,19.5,26.6,29.9,34.1,38.1,39.1,True,,,0 0 0,n.v.t,"pvb, 1 zijdig",0.0,0.0,0.0,,,,,,,,,catalogusGG.pdf
1163,D02558,2558,Glas,AGC Stratophone 44.4,glas,10.0,20.0,32.6,WTCB (rapportnum...,21.8,24.1,28.7,34.3,38.5,40.0,True,,,0 0 0,n.v.t,"pvb, 1 zijdig",0.0,0.0,0.0,,,,,,,,,catalogusGG.pdf
1164,D02560,2560,Glas,AGC Stratophone 55.2,glas,11.0,25.0,34.4,WTCB (rapportnum...,24.2,26.7,31.1,35.5,38.8,39.2,True,,,0 0 0,n.v.t,"pvb, 1 zijdig",0.0,0.0,0.0,,,,,,,,,catalogusGG.pdf
1165,D02562,2562,Glas,AGC Stratophone 66.2,glas,13.0,30.0,36.1,WTCB (rapportnum...,25.2,29.1,32.7,37.7,40.3,40.2,True,,,0 0 0,n.v.t,"pvb, 1 zijdig",0.0,0.0,0.0,,,,,,,,,catalogusGG.pdf
1166,D02563,2563,Glas,AGC Stratophone 88.2,glas,17.0,40.0,36.9,WTCB (rapportnum...,25.5,32.3,35.1,36.8,38.6,45.4,True,,,0 0 0,n.v.t,"pvb, 1 zijdig",0.0,0.0,0.0,,,,,,,,,catalogusGG.pdf
1167,D02572,2572,Glas,SGG Climalit Silence ...,glas,30.0,35.0,33.2,DGT-RPT-040048,26.7,23.1,27.4,36.2,45.7,44.6,True,,,9 15 7,Lucht,"pvb, 2 zijdig",9.0,15.0,7.0,,,,,,,,,catalogusGG.pdf
1168,D02573,2573,Glas,SGG Climalit Silence ...,glas,30.0,35.0,33.1,DGT-RPT-040034,26.7,23.1,27.0,36.6,46.7,45.8,True,,,7 15 9,Lucht,"pvb, 2 zijdig",7.0,15.0,9.0,,,,,,,,,catalogusGG.pdf
1169,D02574,2574,Glas,SGG Climalit Silence ...,glas,33.0,40.0,32.1,DGT-RPT-040034,16.9,24.4,29.5,39.4,47.5,47.3,True,,,9 15 9,Lucht,"pvb, 2 zijdig",9.0,15.0,9.0,,,,,,,,,catalogusGG.pdf
1170,D02575,2575,Glas,SGG Climalit Silence ...,glas,33.0,40.0,36.3,DGT-RPT-040034,28.7,25.5,31.3,40.0,50.7,53.5,True,,,9 15 9,Lucht,"pvb, 2 zijdig",9.0,15.0,9.0,,,,,,,,,catalogusGG.pdf
1171,D02576,2576,Glas,SGG Climalit Silence ...,glas,39.0,45.0,38.9,DGT-RPT-040034,27.8,28.8,35.8,42.1,47.2,48.7,True,,,10 20 9,Lucht,"pvb, 1 zijdig",10.0,20.0,9.0,,,,,,,,,catalogusGG.pdf
1172,D02661,2661,Glas,SGG voorzetraam 86...,glas,180.0,95.0,47.7,Peutz rapport ATI 87...,34.2,38.7,43.8,55.6,58.1,58.5,True,,,13 115 52,Lucht,"pvb, 2 zijdig",13.0,115.0,52.0,,,,,,,,,catalogusGG.pdf
1173,D02662,2662,Glas,SGG voorzetraam 86...,glas,180.0,95.0,48.1,Peutz rapport ATI 87...,34.7,39.3,43.9,55.8,58.4,58.5,True,,,13 115 52,Lucht,"pvb, 2 zijdig",13.0,115.0,52.0,,,,,,,,,catalogusGG.pdf
1174,D02663,2663,Glas,SGG voorzetraam 86...,glas,180.0,95.0,42.7,Peutz rapport ATI 87...,29.1,34.6,40.0,46.7,50.3,50.6,True,,,13 115 52,Lucht,Niet,13.0,115.0,52.0,,,,,,,,,catalogusGG.pdf
1175,D02664,2664,Glas,SGG glazen wand m...,glas,0.0,35.0,34.6,TNO-rapport IS-RPT...,22.9,29.9,31.9,35.8,36.7,40.5,True,,,0 0 0,n.v.t,"pvb, 1 zijdig",0.0,0.0,0.0,,,,,,,,,catalogusGG.pdf
1176,D02665,2665,Glas,SGG glazen wand m...,glas,0.0,40.0,35.5,TNO rapport IS-RPT-...,24.8,29.9,32.9,36.3,37.4,41.7,True,,,0 0 0,Lucht,Niet,0.0,0.0,0.0,,,,,,,,,catalogusGG.pdf
1177,D02687,2687,Glas,Solarlux vouwwand S...,glas,29.0,0.0,33.3,Nusing Prufbericht N...,23.7,27.6,26.8,35.5,38.9,42.8,True,,,4 15 10,Lucht,Niet,4.0,15.0,10.0,,,,,,,,,catalogusGG.pdf
1178,D02688,2688,Glas,Solarlux vouwwand S...,glas,35.0,0.0,37.0,Nusing Prufbericht N...,22.3,29.1,34.8,42.7,45.8,48.5,True,,,11 15 9,Lucht,Niet,11.0,15.0,9.0,,,,,,,,,catalogusGG.pdf
1179,D02748,2748,Glas,SGG Climalit Silence ...,glas,31.0,45.0,34.4,TNO-rapport 97-CB...,26.9,25.9,27.7,38.3,45.6,42.5,True,,,0 0 0,Lucht,"pvb, 1 zijdig",0.0,0.0,0.0,,,,,,,,,catalogusGG.pdf
1180,D02749,2749,Glas,SGG Climalit Acousti...,glas,32.0,40.0,32.9,TNO-rapport DGT-R...,26.7,24.1,26.6,35.1,42.4,42.0,True,,,0 0 0,Lucht,"pvb, 1 zijdig",0.0,0.0,0.0,,,,,,,,,catalogusGG.pdf
1181,D02750,2750,Glas,SGG Climalit Acousti...,glas,22.0,25.0,28.7,TNO-rapport DGT-R...,23.8,24.1,20.9,29.0,40.4,38.2,True,,,0 0 0,Lucht,Niet,0.0,0.0,0.0,,,,,,,,,catalogusGG.pdf
1182,D02751,2751,Glas,SGG Climaplus Acou...,glas,32.0,25.0,28.5,TNO-rapport DGT-R...,23.5,24.3,21.1,27.6,40.1,38.9,True,,,0 0 0,Gas,Niet,0.0,0.0,0.0,,,,,,,,,catalogusGG.pdf
1183,D02752,2752,Glas,SGG Climalit Silence ...,glas,39.0,45.0,38.5,TNO-rapport DGT-R...,28.0,28.9,34.3,41.4,46.2,47.5,True,,,0 0 0,Lucht,"pvb, 1 zijdig",0.0,0.0,0.0,,,,,,,,,catalogusGG.pdf
1184,D02753,2753,Glas,SGG Climalit Silence ...,glas,31.0,45.0,34.6,TNO-rapport DGT-R...,29.3,26.2,27.7,37.7,44.8,42.5,True,,,0 0 0,Lucht,"pvb, 1 zijdig",0.0,0.0,0.0,,,,,,,,,catalogusGG.pdf
1185,D02754,2754,Glas,SGG Climalit Silence ...,glas,35.0,55.0,37.3,TNO-rapport DGT-R...,28.6,29.0,31.6,41.5,42.8,43.8,True,,,0 0 0,Lucht,"pvb, 1 zijdig",0.0,0.0,0.0,,,,,,,,,catalogusGG.pdf
1186,D02755,2755,Glas,SGG Climatop Acous...,glas,38.0,35.0,29.4,SIGHT P050249-01-...,22.4,20.3,23.3,30.8,40.6,40.9,True,,,0 0 0,Lucht,Niet,0.0,0.0,0.0,,,,,,,,,catalogusGG.pdf
1187,D02756,2756,Glas,SGG Climatop Acous...,glas,41.0,42.0,31.8,SIGHT P050249-01-...,24.1,22.0,27.4,33.5,40.9,38.3,True,,,0 0 0,Lucht,Niet,0.0,0.0,0.0,,,,,,,,,catalogusGG.pdf
1188,D02757,2757,Glas,SGG Climatop Acous...,glas,44.0,50.0,33.1,SIGHT P050249-01-...,23.6,24.5,29.6,34.4,39.5,37.0,True,,,0 0 0,Lucht,Niet,0.0,0.0,0.0,,,,,,,,,catalogusGG.pdf
1189,D02758,2758,Glas,SGG Climatop Acous...,glas,46.0,50.0,34.4,SIGHT P050249-01-...,23.6,25.3,30.8,35.2,42.3,42.9,True,,,0 0 0,Lucht,Niet,0.0,0.0,0.0,,,,,,,,,catalogusGG.pdf
1190,D02759,2759,Glas,SGG Climatop Silenc...,glas,43.0,45.0,33.1,SIGHT P050249-01-...,23.0,23.1,29.0,34.9,43.8,45.6,True,,,0 0 0,Lucht,Niet,0.0,0.0,0.0,,,,,,,,,catalogusGG.pdf
1191,D02760,2760,Glas,SGG Climatop Silenc...,glas,46.0,50.0,35.3,SIGHT P050249-01-...,25.2,26.0,31.4,35.6,44.3,48.0,True,,,0 0 0,Lucht,Niet,0.0,0.0,0.0,,,,,,,,,catalogusGG.pdf
1192,D02761,2761,Glas,SGG Climatop Silenc...,glas,56.0,75.0,36.9,SIGHT P050249-01-...,23.5,32.6,33.1,36.4,44.3,47.6,True,,,0 0 0,Lucht,Niet,0.0,0.0,0.0,,,,,,,,,catalogusGG.pdf
1193,D02762,2762,Glas,HR++ glas (4-15-6),glas,25.0,25.0,28.0,DGMR,20.0,22.0,21.0,29.0,37.0,37.0,True,,,4 12 6,Lucht,Niet,4.0,12.0,6.0,,,,,,,,,catalogusGG.pdf
1194,D02842,2842,Glas,Meta-glas M-View bal...,glas,6.0,0.0,18.3,Peutz RPT-A 2044-2...,16.3,16.2,16.1,15.8,19.7,22.5,True,,,0 16 4,n.v.t,Niet,0.0,16.0,4.0,,,,,,,,,catalogusGG.pdf
1195,D02845,2845,Glas,Meta-glas M-View bal...,glas,6.0,0.0,16.0,Peutz RPT-A 2044-2...,12.6,13.2,13.8,14.1,17.1,19.4,True,,,0 16 4,n.v.t,Niet,0.0,16.0,4.0,,,,,,,,,catalogusGG.pdf
1196,D02846,2846,Glas,Meta-glas M-View bal...,glas,8.0,0.0,19.3,Peutz RPT-A 2044-2...,18.4,18.0,17.6,16.9,20.3,22.8,True,,,0 0 0,n.v.t,Niet,0.0,0.0,0.0,,,,,,,,,catalogusGG.pdf
1197,D02847,2847,Glas,Meta-glas M-View bal...,glas,8.0,0.0,16.7,Peutz RPT-A 2044-2...,13.5,14.0,14.5,14.8,17.9,20.4,True,,,0 0 0,n.v.t,Niet,0.0,0.0,0.0,,,,,,,,,catalogusGG.pdf
1198,D02848,2848,Glas,Meta-glas M-View bal...,glas,10.0,0.0,19.5,Peutz RPT-A 2044-2...,17.8,17.7,17.6,16.9,20.6,24.1,True,,,0 0 0,n.v.t,Niet,0.0,0.0,0.0,,,,,,,,,catalogusGG.pdf
1199,D02849,2849,Glas,Meta-glas M-View bal...,glas,10.0,0.0,17.6,Peutz RPT-A 2044-2...,14.8,15.1,15.4,15.5,18.6,21.6,True,,,0 0 0,n.v.t,Niet,0.0,0.0,0.0,,,,,,,,,catalogusGG.pdf
1200,D02850,2850,Glas,Meta-glas M-View bal...,glas,12.0,0.0,19.9,Peutz RPT-A 2044-2...,21.2,20.0,18.8,17.4,20.0,25.7,True,,,0 0 0,n.v.t,Niet,0.0,0.0,0.0,,,,,,,,,catalogusGG.pdf
1201,D02851,2851,Glas,Meta-glas M-View bal...,glas,12.0,0.0,17.4,Peutz RPT-A 2044-2...,14.6,15.0,15.4,15.2,18.2,22.0,True,,,0 0 0,n.v.t,Niet,0.0,0.0,0.0,,,,,,,,,catalogusGG.pdf
1202,D02852,2852,Glas,Meta-glas Total Glas ...,glas,150.0,0.0,30.0,Peutz RPT-A 2044-3...,15.3,24.7,34.1,34.7,34.5,32.3,True,,,55 40 55,Lucht,Niet,55.0,40.0,55.0,,,,,,,,,catalogusGG.pdf
1203,D02853,2853,Glas,Meta-glas volglazen ...,glas,139.0,46.0,36.2,Peutz RPT-A 1190-1...,21.6,28.3,33.5,41.7,46.1,47.2,True,,,44 40 55,Lucht,"pvb, 2 zijdig",44.0,40.0,55.0,,,,,,,,,catalogusGG.pdf
1204,D02854,2854,Glas,Meta-glas volglazen ...,glas,150.0,51.0,37.6,Peutz RPT-A 1190-1 ...,23.8,29.7,34.2,41.6,46.1,48.0,True,,,55 40 55,Lucht,"pvb, 2 zijdig",55.0,40.0,55.0,,,,,,,,,catalogusGG.pdf
1205,D02855,2855,Glas,Meta-glas volglazen ...,glas,139.0,61.0,39.1,Peutz RPT-A 1190-1 ...,26.5,31.5,35.1,41.6,45.3,48.4,True,,,44 40 55,Lucht,"pvb, 2 zijdig",44.0,40.0,55.0,,,,,,,,,catalogusGG.pdf
1206,D02870,2870,Glas,Solarlux balkonbegla...,glas,8.0,0.0,22.4,Nusing Prufbericht N...,13.2,17.4,21.6,23.0,24.2,23.5,True,,,8 0 0,n.v.t,Niet,8.0,0.0,0.0,,,,,,,,,catalogusGG.pdf
1207,D02871,2871,Glas,Solarlux balkonbegla...,glas,8.0,0.0,14.6,Nusing Prufbericht N...,6.9,9.5,12.1,14.4,16.2,17.9,True,,,8 0 0,Lucht,Niet,8.0,0.0,0.0,,,,,,,,,catalogusGG.pdf
1208,D02872,2872,Glas,Solarlux balkonbegla...,glas,8.0,0.0,23.3,Nusing Prufbericht N...,13.7,17.7,21.7,23.5,25.7,25.6,True,,,8 0 0,Lucht,Niet,8.0,0.0,0.0,,,,,,,,,catalogusGG.pdf
1209,D02873,2873,Glas,Solarlux balkonbegla...,glas,8.0,0.0,22.7,Nusing Prufbericht N...,13.5,17.5,21.5,22.8,24.6,25.1,True,,,8 0 0,Lucht,Niet,8.0,0.0,0.0,,,,,,,,,catalogusGG.pdf
1210,D02874,2874,Glas,Solarlux vouwwand S...,glas,12.0,0.0,32.7,Nusing Prufbericht N...,24.6,27.1,28.2,32.2,35.6,39.4,True,,,12 0 0,n.v.t,"pvb, 1 zijdig",12.0,0.0,0.0,,,,,,,,,catalogusGG.pdf
1211,D02875,2875,Glas,Solarlux vouwwand S...,glas,27.0,0.0,31.5,Nusing Prufbericht N...,21.9,26.2,24.5,34.9,38.1,38.3,True,,,8 15 4,Lucht,Niet,8.0,15.0,4.0,,,,,,,,,catalogusGG.pdf
1212,D02876,2876,Glas,Solarlux vouwwand S...,glas,29.0,0.0,31.0,Nusing Prufbericht N...,18.5,23.8,26.1,34.4,38.1,40.4,True,,,4 15 10,Lucht,Niet,4.0,15.0,10.0,,,,,,,,,catalogusGG.pdf
1213,D02877,2877,Glas,Solarlux vouwwand S...,glas,35.0,0.0,32.6,Nusing Prufbericht N...,18.7,24.6,28.8,36.5,43.0,46.0,True,,,11 15 9,Lucht,Niet,11.0,15.0,9.0,,,,,,,,,catalogusGG.pdf
1214,D02878,2878,Glas,Solarlux vouwwand S...,glas,31.0,0.0,32.5,Nusing Prufbericht N...,17.0,24.9,31.2,40.7,45.2,43.3,True,,,0 0 0,Lucht,Niet,0.0,0.0,0.0,,,,,,,,,catalogusGG.pdf
1215,D02879,2879,Glas,Solarlux vouwwand S...,glas,9.0,0.0,27.3,Nusing Prufbericht N...,19.1,22.4,19.9,29.1,35.2,39.2,True,,,0 0 0,n.v.t,Niet,0.0,0.0,0.0,,,,,,,,,catalogusGG.pdf
1216,D02880,2880,Glas,Solarlux vouwwand S...,glas,35.0,0.0,35.4,Nusing Prufbericht N...,20.1,27.5,34.3,42.4,46.9,48.5,True,,,11 15 9,Lucht,Niet,11.0,15.0,9.0,,,,,,,,,catalogusGG.pdf
1217,D02881,2881,Glas,Solarlux vouwwand S...,glas,29.0,0.0,32.9,Nusing Prufbericht N...,23.5,27.4,26.2,35.2,38.5,41.8,True,,,4 15 10,Lucht,Niet,4.0,15.0,10.0,,,,,,,,,catalogusGG.pdf
1218,D02882,2882,Glas,Solarlux vouwwand S...,glas,35.0,0.0,37.6,Nusing Prufbericht N...,23.9,29.5,34.9,40.7,45.7,49.7,True,,,11 15 9,Lucht,Niet,11.0,15.0,9.0,,,,,,,,,catalogusGG.pdf
1219,D02883,2883,Glas,Solarlux voorzetgevel...,glas,8.0,0.0,25.0,Nusing Prufbericht N...,20.0,22.1,24.2,25.2,25.0,26.8,True,,,8 0 0,n.v.t,Niet,8.0,0.0,0.0,,,,,,,,,catalogusGG.pdf
1220,D02884,2884,Glas,Solarlux voorzetgevel...,glas,8.0,0.0,28.0,Nusing Prufbericht N...,23.4,24.5,25.1,26.8,30.0,30.1,True,,,8 0 0,n.v.t,Niet,8.0,0.0,0.0,,,,,,,,,catalogusGG.pdf
1221,D02885,2885,Glas,Solarlux voorzetgevel...,glas,8.0,0.0,19.5,Nusing Prufbericht N...,15.3,16.4,16.9,18.6,20.3,22.4,True,,,8 0 0,n.v.t,Niet,8.0,0.0,0.0,,,,,,,,,catalogusGG.pdf
1222,D02886,2886,Glas,Solarlux voorzetgevel...,glas,8.0,0.0,22.2,Nusing Prufbericht N...,20.3,21.1,21.3,22.8,22.0,23.2,True,,,8 0 0,n.v.t,Niet,8.0,0.0,0.0,,,,,,,,,catalogusGG.pdf
1223,D03076,3076,Glas,Interwand 10mm geh...,glas,3.0,25.0,28.2,Peutz rapport A 1703...,23.6,26.3,27.9,31.8,26.9,29.9,True,,,0 0 0,Lucht,Niet,0.0,0.0,0.0,,,,,,,,,catalogusGG.pdf
1224,D03077,3077,Glas,Interwand akoestisch ...,glas,0.0,26.0,31.4,Peutz rapport A 1709...,23.9,26.5,28.2,31.8,32.9,34.4,True,,,0 0 0,Lucht,"pvb, 1 zijdig",0.0,0.0,0.0,,,,,,,,,catalogusGG.pdf
1225,D03078,3078,Glas,Interwand 12mm geh...,glas,12.0,31.0,28.8,Peutz rapport A 1703...,25.6,28.1,29.9,33.2,26.3,34.2,True,,,0 0 0,Lucht,Niet,0.0,0.0,0.0,,,,,,,,,catalogusGG.pdf
1226,D03079,3079,Glas,Interwand akoestisch ...,glas,0.0,30.0,32.5,Peutz rapport A 1703...,25.9,28.2,30.1,32.9,32.5,38.8,True,,,0 0 0,Lucht,"pvb, 1 zijdig",0.0,0.0,0.0,,,,,,,,,catalogusGG.pdf
1227,D03086,3086,Glas,Interwand Line; 6 mm...,glas,93.0,0.0,26.9,Peutz rapport 1601-...,9.9,20.9,31.9,38.8,47.1,45.8,True,,,0 0 0,Lucht,"pvb, 1 zijdig",0.0,0.0,0.0,,,,,,,,,catalogusGG.pdf
1228,D03087,3087,Glas,Interwand Line; 2 x 3....,glas,93.0,0.0,19.5,Peutz rapport 1601-...,2.0,15.6,29.2,36.0,45.8,38.7,True,,,0 0 0,Lucht,"pvb, 1 zijdig",0.0,0.0,0.0,,,,,,,,,catalogusGG.pdf
1229,D03088,3088,Glas,Interwand Line; 3.3.1....,glas,0.0,0.0,36.4,Peutz rapport 1601-...,21.3,28.4,35.5,39.8,50.3,55.9,True,,,0 0 0,Lucht,"pvb, 2 zijdig",0.0,0.0,0.0,,,,,,,,,catalogusGG.pdf
1230,D03089,3089,Glas,Interglas Variant 6: A...,glas,93.0,0.0,33.8,Peutz rapport A 863,18.8,25.5,32.2,38.5,47.2,48.3,True,,,0 0 0,Lucht,"pvb, 1 zijdig",0.0,0.0,0.0,,,,,,,,,catalogusGG.pdf
1231,D03090,3090,Glas,Interglas Variant 1: A...,glas,93.0,0.0,24.8,Peutz rapport A 863,9.8,16.6,23.4,29.3,36.6,41.3,True,,,0 0 0,Lucht,Niet,0.0,0.0,0.0,,,,,,,,,catalogusGG.pdf
1232,D03091,3091,Glas,Interglas Variant 2: A...,glas,93.0,0.0,29.1,Peutz rapport A 863,15.6,21.0,26.4,30.9,39.0,38.2,True,,,0 0 0,Lucht,Niet,0.0,0.0,0.0,,,,,,,,,catalogusGG.pdf
1233,D03092,3092,Glas,Interglas Variant 5: A...,glas,93.0,0.0,28.1,Peutz rapport A 863,11.7,22.0,32.3,37.3,41.5,33.9,True,,,0 0 0,Lucht,Niet,0.0,0.0,0.0,,,,,,,,,catalogusGG.pdf
1234,D03287,3287,Glas,Alcoa AA 4110 enkel ...,glas,25.0,25.0,30.9,TNO IS-RPT-050077...,24.9,24.9,23.3,33.3,38.5,40.1,True,,,6 15 4,Gas,Niet,6.0,15.0,4.0,,,,,,,,,catalogusGG.pdf
1235,D03288,3288,Glas,Alcoa AA 4110 enkel ...,glas,30.0,35.0,33.5,TNO IS-RPT-050077...,20.8,25.2,29.6,38.6,41.4,39.3,True,,,6 15 44,Gas,"pvb, 1 zijdig",6.0,15.0,44.0,,,,,,,,,catalogusGG.pdf
1236,D03289,3289,Glas,Alcoa AA 4110 enkel ...,glas,30.0,35.0,34.6,TNO IS-RPT-050077...,24.8,24.7,30.1,39.3,42.1,43.6,True,,,0 15 44,Gas,"pvb, 1 zijdig",0.0,15.0,44.0,,,,,,,,,catalogusGG.pdf
1237,D03290,3290,Glas,Alcoa AA 4110 enkel ...,glas,33.0,40.0,34.2,TNO IS-RPT-050077...,21.7,25.5,30.6,38.9,41.6,41.7,True,,,0 15 44,Gas,"pvb, 2 zijdig",0.0,15.0,44.0,,,,,,,,,catalogusGG.pdf
1238,D03291,3291,Glas,Alcoa AA 4110 enkel ...,glas,37.0,50.0,36.5,TNO IS-RPT-050077...,25.6,27.7,33.8,40.0,40.3,42.7,True,,,0 15 44,Gas,"pvb, 2 zijdig",0.0,15.0,44.0,,,,,,,,,catalogusGG.pdf
1239,D03292,3292,Glas,Alcoa AA 4110 enkel ...,glas,35.0,45.0,37.5,TNO IS-RPT-050077...,25.9,27.9,34.6,41.8,43.3,46.4,True,,,0 0 0,Gas,"pvb, 2 zijdig",0.0,0.0,0.0,,,,,,,,,catalogusGG.pdf
1240,D03293,3293,Glas,Alcoa AA 4110 enkel ...,glas,37.0,40.0,36.4,TNO IS-RPT-050077...,22.8,28.2,34.2,41.0,42.8,44.5,True,,,0 0 0,Gas,"pvb, 2 zijdig",0.0,0.0,0.0,,,,,,,,,catalogusGG.pdf
1241,D03294,3294,Glas,Alcoa AA 4110 enkel ...,glas,36.0,50.0,37.7,TNO IS-RPT-050077...,25.4,29.3,35.3,41.3,41.9,45.1,True,,,0 0 0,Gas,"pvb, 2 zijdig",0.0,0.0,0.0,,,,,,,,,catalogusGG.pdf
1242,D03317,3317,Glas,Thermobel TG Strato...,glas,39.0,36.0,25.7,AGC Pocket,10.1,17.7,24.3,33.0,43.7,47.6,True,,,0 0 0,Lucht,"pvb, 1 zijdig",0.0,0.0,0.0,,,,,,,,,catalogusGG.pdf
1243,D03318,3318,Glas,Thermobel TG 4-12-4...,glas,36.0,30.0,25.6,AGC Pocket,13.9,18.7,19.0,28.4,41.6,46.7,True,,,0 0 0,Lucht,Niet,0.0,0.0,0.0,,,,,,,,,catalogusGG.pdf
1244,D03319,3319,Glas,Thermobel TG 6-12-6...,glas,42.0,45.0,25.9,AGC Pocket,11.3,18.5,21.9,32.9,40.3,36.7,True,,,0 0 0,Lucht,Niet,0.0,0.0,0.0,,,,,,,,,catalogusGG.pdf
1245,D03320,3320,Glas,Thermobel TG 6-15-4...,glas,44.0,35.0,21.6,AGC Pocket,4.8,15.0,25.2,33.0,43.5,42.2,True,,,0 0 0,Lucht,Niet,0.0,0.0,0.0,,,,,,,,,catalogusGG.pdf
1246,D03321,3321,Glas,Thermobel TG 8-12-4...,glas,40.0,40.0,28.6,AGC Pocket,14.0,20.6,25.1,33.8,44.3,48.0,True,,,0 0 0,Lucht,Niet,0.0,0.0,0.0,,,,,,,,,catalogusGG.pdf
1247,D03322,3322,Glas,Thermobel TG 8-12-4...,glas,42.0,45.0,30.2,AGC Pocket,15.0,22.2,28.8,36.7,44.0,40.1,True,,,0 0 0,Lucht,Niet,0.0,0.0,0.0,,,,,,,,,catalogusGG.pdf
1248,D03323,3323,Glas,Thermobel TG Strato...,glas,51.0,46.0,25.7,AGC Pocket,9.0,18.9,28.8,38.2,45.1,41.6,True,,,0 0 0,Lucht,"pvb, 1 zijdig",0.0,0.0,0.0,,,,,,,,,catalogusGG.pdf
1249,D03324,3324,Glas,Thermobel TG Strato...,glas,48.0,57.0,25.0,AGC Pocket,7.9,19.6,31.3,39.0,44.9,43.6,True,,,0 0 0,Lucht,"pvb, 1 zijdig",0.0,0.0,0.0,,,,,,,,,catalogusGG.pdf
1250,D03325,3325,Glas,Thermobel TG Strato...,glas,55.0,56.0,34.6,AGC Pocket,21.0,27.7,31.8,41.2,39.7,39.7,True,,,0 0 0,Lucht,"pvb, 1 zijdig",0.0,0.0,0.0,,,,,,,,,catalogusGG.pdf
1251,D03326,3326,Glas,Thermobel TG Strato...,glas,57.0,61.0,31.4,AGC Pocket,15.4,23.9,31.1,41.0,49.1,50.5,True,,,0 0 0,Lucht,"pvb, 1 zijdig",0.0,0.0,0.0,,,,,,,,,catalogusGG.pdf
1252,D03327,3327,Glas,Thermobel TG Strato...,glas,60.0,67.0,35.3,AGC Pocket,20.2,27.8,34.3,43.0,42.6,45.7,True,,,0 0 0,Lucht,"pvb, 1 zijdig",0.0,0.0,0.0,,,,,,,,,catalogusGG.pdf
1253,D03328,3328,Glas,Thermobel TG Strato...,glas,55.0,56.0,32.4,AGC Pocket,18.5,24.9,28.3,37.8,42.3,42.1,True,,,0 0 0,Lucht,"pvb, 1 zijdig",0.0,0.0,0.0,,,,,,,,,catalogusGG.pdf
1254,D03329,3329,Glas,Thermobel TG 10-12-...,glas,44.0,50.0,31.7,AGC Pocket,18.0,24.0,27.5,36.0,41.8,42.9,True,,,0 0 0,Lucht,Niet,0.0,0.0,0.0,,,,,,,,,catalogusGG.pdf
1255,D03330,3330,Glas,Thermobel TG Strato...,glas,41.0,41.0,29.0,AGC Pocket,14.1,21.2,25.7,35.4,46.4,49.5,True,,,0 0 0,Lucht,"pvb, 1 zijdig",0.0,0.0,0.0,,,,,,,,,catalogusGG.pdf
1256,D03331,3331,Glas,Thermobel TG Strato...,glas,43.0,46.0,25.6,AGC Pocket,8.6,19.4,30.2,38.6,47.2,45.9,True,,,0 0 0,Lucht,"pvb, 1 zijdig",0.0,0.0,0.0,,,,,,,,,catalogusGG.pdf
1257,D03332,3332,Glas,Thermobel TG Strato...,glas,45.0,51.0,31.4,AGC Pocket,15.5,23.6,31.0,39.9,49.2,51.1,True,,,0 0 0,Lucht,"pvb, 1 zijdig",0.0,0.0,0.0,,,,,,,,,catalogusGG.pdf
1258,D03333,3333,Glas,Thermobel TG Strato...,glas,46.0,52.0,31.4,AGC Pocket,15.4,23.9,31.1,41.0,49.1,50.5,True,,,0 0 0,Lucht,"pvb, 1 zijdig",0.0,0.0,0.0,,,,,,,,,catalogusGG.pdf
1259,D03334,3334,Glas,Thermobel TG Strato...,glas,47.0,56.0,32.1,AGC Pocket,15.9,24.8,32.4,42.6,46.1,49.8,True,,,0 0 0,Lucht,"pvb, 1 zijdig",0.0,0.0,0.0,,,,,,,,,catalogusGG.pdf
1260,D03335,3335,Glas,Thermobel TG Strato...,glas,57.0,61.0,37.5,AGC Pocket,23.9,30.3,32.5,43.2,47.9,46.7,True,,,0 0 0,Lucht,"pvb, 1 zijdig",0.0,0.0,0.0,,,,,,,,,catalogusGG.pdf
1261,D03336,3336,Glas,Thermobel TG Strato...,glas,46.0,52.0,34.6,AGC Pocket,18.8,26.9,33.5,43.2,54.8,59.5,True,,,0 0 0,Lucht,"pvb, 1 zijdig",0.0,0.0,0.0,,,,,,,,,catalogusGG.pdf
1262,D03337,3337,Glas,Thermobel TG Strato...,glas,49.0,61.0,37.6,AGC Pocket,24.3,30.0,32.7,41.5,48.4,52.1,True,,,0 0 0,Lucht,"pvb, 1 zijdig",0.0,0.0,0.0,,,,,,,,,catalogusGG.pdf
1263,D03338,3338,Glas,Thermobel TG Strato...,glas,61.0,71.0,42.0,AGC Pocket,32.0,36.1,36.2,44.4,46.8,48.7,True,,,0 0 0,Lucht,"pvb, 1 zijdig",0.0,0.0,0.0,,,,,,,,,catalogusGG.pdf
1264,D03339,3339,Glas,Thermobel TG Strato...,glas,46.0,62.0,35.0,AGC Pocket,18.9,27.4,35.9,44.1,53.0,55.2,True,,,0 0 0,Lucht,"pvb, 1 zijdig",0.0,0.0,0.0,,,,,,,,,catalogusGG.pdf
1265,D03340,3340,Glas,Thermobel TG Strato...,glas,52.0,67.0,34.9,AGC Pocket,18.4,27.9,36.9,47.0,53.9,54.6,True,,,0 0 0,Lucht,"pvb, 1 zijdig",0.0,0.0,0.0,,,,,,,,,catalogusGG.pdf
1266,D03341,3341,Glas,Thermobel TG Strato...,glas,60.0,87.0,40.0,AGC Pocket,23.6,33.2,42.8,49.3,52.5,52.8,True,,,0 0 0,Lucht,"pvb, 1 zijdig",0.0,0.0,0.0,,,,,,,,,catalogusGG.pdf
1267,D03342,3342,Glas,Planibel 6 mm [1],glas,6.0,15.0,26.5,AGC Pocket,14.5,19.5,23.4,29.5,35.5,27.6,True,,,6 0 0,Lucht,Niet,6.0,0.0,0.0,,,,,,,,,catalogusGG.pdf
1268,D03343,3343,Glas,Planibel 8 mm [1],glas,8.0,20.0,28.4,AGC Pocket,17.1,22.1,25.1,32.2,35.6,28.7,True,,,8 0 0,Lucht,Niet,8.0,0.0,0.0,,,,,,,,,catalogusGG.pdf
1269,D03344,3344,Glas,Stratobel 44.2 [1],glas,9.0,21.0,31.4,AGC Pocket,22.4,25.8,26.4,32.6,36.8,33.8,True,,,9 0 0,Lucht,"pvb, 1 zijdig",9.0,0.0,0.0,,,,,,,,,catalogusGG.pdf
1270,D03345,3345,Glas,Stratobel 66.2 [1],glas,13.0,31.0,31.5,AGC Pocket,20.8,25.3,28.2,34.4,33.2,38.3,True,,,13 0 0,Lucht,"pvb, 1 zijdig",13.0,0.0,0.0,,,,,,,,,catalogusGG.pdf
1271,D03346,3346,Glas,Stratophone 33.2st [1],glas,7.0,16.0,32.3,AGC Pocket,22.3,25.5,28.4,32.0,37.1,39.2,True,,,7 0 0,Lucht,"pvb, 1 zijdig",7.0,0.0,0.0,,,,,,,,,catalogusGG.pdf
1272,D03347,3347,Glas,Stratophone 44.2st [1],glas,9.0,21.0,33.6,AGC Pocket,22.9,26.6,29.9,34.1,38.1,39.2,True,,,9 0 0,Lucht,"pvb, 1 zijdig",9.0,0.0,0.0,,,,,,,,,catalogusGG.pdf
1273,D03348,3348,Glas,Stratophone 55.2st [1],glas,11.0,26.0,35.5,AGC Pocket,26.5,29.3,31.5,35.0,39.6,40.3,True,,,11 0 0,Lucht,"pvb, 1 zijdig",11.0,0.0,0.0,,,,,,,,,catalogusGG.pdf
1274,D03349,3349,Glas,Stratophone 66.2st [1],glas,13.0,31.0,36.0,AGC Pocket,24.8,29.1,32.7,37.7,40.3,40.2,True,,,13 0 0,Lucht,"pvb, 1 zijdig",13.0,0.0,0.0,,,,,,,,,catalogusGG.pdf
1275,D03350,3350,Glas,Stratophone 88.2st [1],glas,17.0,41.0,38.1,AGC Pocket,31.1,33.2,35.3,37.4,39.1,44.5,True,,,17 0 0,Lucht,"pvb, 1 zijdig",17.0,0.0,0.0,,,,,,,,,catalogusGG.pdf
1276,D03351,3351,Glas,Thermobel 4-16-4 [1],glas,24.0,20.0,24.8,AGC Pocket,17.9,20.5,16.8,25.7,36.4,41.4,True,,,4 16 4,Lucht,Niet,4.0,16.0,4.0,,,,,,,,,catalogusGG.pdf
1277,D03352,3352,Glas,Thermobel 6-15-6 [1],glas,27.0,30.0,27.5,AGC Pocket,16.8,21.5,21.4,31.0,38.7,30.8,True,,,6 15 6,Lucht,Niet,6.0,15.0,6.0,,,,,,,,,catalogusGG.pdf
1278,D03353,3353,Glas,Thermobel 6-15-4 [1],glas,25.0,25.0,29.3,AGC Pocket,17.1,22.0,23.5,31.8,43.1,41.9,True,,,6 15 4,Lucht,Niet,6.0,15.0,4.0,,,,,,,,,catalogusGG.pdf
1279,D03354,3354,Glas,Thermobel 8-16-4 [1],glas,28.0,30.0,30.4,AGC Pocket,18.9,23.2,24.6,31.9,41.1,43.6,True,,,8 16 4,Lucht,Niet,8.0,16.0,4.0,,,,,,,,,catalogusGG.pdf
1280,D03355,3355,Glas,Thermobel 10-15-6 [1],glas,31.0,40.0,29.9,AGC Pocket,14.8,22.0,28.7,36.4,40.7,39.1,True,,,10 15 6,Lucht,Niet,10.0,15.0,6.0,,,,,,,,,catalogusGG.pdf
1281,D03356,3356,Glas,Thermobel Stratobel ...,glas,29.0,31.0,29.1,AGC Pocket,16.2,22.0,23.2,33.6,43.3,48.6,True,,,4 16 9,Lucht,"pvb, 1 zijdig",4.0,16.0,9.0,,,,,,,,,catalogusGG.pdf
1282,D03357,3357,Glas,Thermobel Stratobel ...,glas,32.0,37.0,30.9,AGC Pocket,16.7,23.7,26.4,37.7,43.3,41.9,True,,,9 16 7,Lucht,"pvb, 1 zijdig",9.0,16.0,7.0,,,,,,,,,catalogusGG.pdf
1283,D03358,3358,Glas,Thermobel Stratobel ...,glas,32.0,41.0,31.4,AGC Pocket,17.0,23.5,28.6,36.5,43.2,39.6,True,,,6 15 11,Lucht,"pvb, 1 zijdig",6.0,15.0,11.0,,,,,,,,,catalogusGG.pdf
1284,D03359,3359,Glas,Thermobel Stratobel ...,glas,33.0,43.0,33.1,AGC Pocket,20.5,26.6,27.0,38.8,43.0,43.1,True,,,9 14 10,Lucht,"pvb, 1 zijdig",9.0,14.0,10.0,,,,,,,,,catalogusGG.pdf
1285,D03360,3360,Glas,Thermobel Stratobel ...,glas,34.0,46.0,33.8,AGC Pocket,19.4,26.1,32.3,39.5,41.0,40.2,True,,,8 15 11,Lucht,"pvb, 1 zijdig",8.0,15.0,11.0,,,,,,,,,catalogusGG.pdf
1286,D03361,3361,Glas,Thermobel Stratobel ...,glas,37.0,52.0,34.3,AGC Pocket,19.4,26.5,33.6,39.7,41.3,44.6,True,,,13 15 9,Lucht,"pvb, 1 zijdig",13.0,15.0,9.0,,,,,,,,,catalogusGG.pdf
1287,D03362,3362,Glas,Thermobel Stratobel ...,glas,44.0,67.0,37.7,AGC Pocket,25.1,30.5,35.5,41.3,40.1,46.9,True,,,17 16 11,Lucht,"pvb, 1 zijdig",17.0,16.0,11.0,,,,,,,,,catalogusGG.pdf
1288,D03363,3363,Glas,Thermobel Stratopho...,glas,28.0,31.0,32.1,AGC Pocket,20.8,25.0,26.0,33.4,44.1,46.0,True,,,4 15 9,Lucht,"pvb, 1 zijdig",4.0,15.0,9.0,,,,,,,,,catalogusGG.pdf
1289,D03364,3364,Glas,Thermobel Stratopho...,glas,31.0,36.0,30.9,AGC Pocket,15.5,23.2,28.6,38.7,48.7,48.2,True,,,6 16 9,Lucht,"pvb, 1 zijdig",6.0,16.0,9.0,,,,,,,,,catalogusGG.pdf
1290,D03365,3365,Glas,Thermobel Stratopho...,glas,33.0,41.0,32.3,AGC Pocket,17.0,24.5,29.9,39.6,47.4,48.4,True,,,8 16 9,Lucht,"pvb, 1 zijdig",8.0,16.0,9.0,,,,,,,,,catalogusGG.pdf
1291,D03366,3366,Glas,Thermobel Stratopho...,glas,34.0,46.0,34.9,AGC Pocket,21.2,27.2,30.7,39.3,44.7,44.8,True,,,6 15 13,Lucht,"pvb, 1 zijdig",6.0,15.0,13.0,,,,,,,,,catalogusGG.pdf
1292,D03367,3367,Glas,Thermobel Stratopho...,glas,36.0,51.0,35.9,AGC Pocket,21.9,28.2,33.3,40.9,42.8,43.8,True,,,8 15 13,Lucht,"pvb, 1 zijdig",8.0,15.0,13.0,,,,,,,,,catalogusGG.pdf
1293,D03368,3368,Glas,Thermobel Stratopho...,glas,33.0,42.0,34.9,AGC Pocket,19.9,27.3,31.5,42.2,53.0,56.3,True,,,9 15 9,Lucht,"pvb, 1 zijdig",9.0,15.0,9.0,,,,,,,,,catalogusGG.pdf
1294,D03369,3369,Glas,Thermobel Stratopho...,glas,35.0,46.0,34.9,AGC Pocket,19.9,27.3,31.5,42.2,53.0,56.3,True,,,10 16 9,Lucht,"pvb, 1 zijdig",10.0,16.0,9.0,,,,,,,,,catalogusGG.pdf
1295,D03370,3370,Glas,Thermobel Stratopho...,glas,37.0,51.0,35.9,AGC Pocket,20.3,28.8,34.1,45.8,46.2,49.3,True,,,10 16 11,Lucht,"pvb, 1 zijdig",10.0,16.0,11.0,,,,,,,,,catalogusGG.pdf
1296,D03371,3371,Glas,Thermobel Stratopho...,glas,39.0,56.0,37.8,AGC Pocket,23.4,31.0,33.7,46.2,45.7,48.6,True,,,10 16 13,Lucht,"pvb, 1 zijdig",10.0,16.0,13.0,,,,,,,,,catalogusGG.pdf
1297,D03372,3372,Glas,Thermobel Stratopho...,glas,38.0,52.0,34.0,AGC Pocket,17.2,27.6,38.0,45.8,54.1,56.1,True,,,13 16 9,Lucht,"pvb, 1 zijdig",13.0,16.0,9.0,,,,,,,,,catalogusGG.pdf
1298,D03373,3373,Glas,Thermobel Stratopho...,glas,41.0,62.0,37.4,AGC Pocket,21.0,30.5,40.0,45.4,52.5,55.2,True,,,17 16 9,Lucht,"pvb, 1 zijdig",17.0,16.0,9.0,,,,,,,,,catalogusGG.pdf
1299,D03374,3374,Glas,Thermobel Stratopho...,glas,42.0,62.0,37.8,AGC Pocket,21.5,30.4,39.3,46.7,53.9,54.0,True,,,13 16 13,Lucht,"pvb, 1 zijdig",13.0,16.0,13.0,,,,,,,,,catalogusGG.pdf
1300,D03375,3375,Glas,Thermobel Stratopho...,glas,46.0,72.0,43.5,AGC Pocket,28.2,35.9,43.6,47.8,52.6,55.1,True,,,17 16 13,Lucht,"pvb, 1 zijdig",17.0,16.0,13.0,,,,,,,,,catalogusGG.pdf
1301,D03706,3706,Glas,Vacüm glas Fineo 8,glas,0.0,0.0,29.4,190118 AC8008 AG...,21.9,18.2,26.8,32.0,37.4,38.2,True,,,0 0 0,Gas,Niet,0.0,0.0,0.0,,,,,,,,,catalogusGG.pdf
1302,D03707,3707,Glas,Vacüm glas Fineo 10,glas,0.0,0.0,32.1,190118 AC8010 AG...,26.4,25.3,26.7,34.1,38.6,33.5,True,,,0 0 0,Gas,Niet,0.0,0.0,0.0,,,,,,,,,catalogusGG.pdf
1303,D03720,3720,Glas,Trisolide Phon II 38/40,glas,40.0,0.0,30.9,"IFT, Rosenheim 12-0...",30.5,19.5,25.6,34.9,47.4,45.3,True,,,0 0 0,Gas,Niet,0.0,0.0,0.0,,,,,,,,,catalogusGG.pdf
1304,D03721,3721,Glas,Trisolide Phon II 38/44,glas,44.0,0.0,30.5,"IFT, Rosenheim 12-0...",30.6,18.2,26.7,35.4,47.8,45.8,True,,,0 0 0,Gas,Niet,0.0,0.0,0.0,,,,,,,,,catalogusGG.pdf
1305,D03722,3722,Glas,Trisolide Phon II 38/4...,glas,44.0,0.0,30.5,"PFB, Rosenheim 20...",27.3,19.7,24.5,34.8,49.1,58.1,True,,,0 0 0,Gas,Niet,0.0,0.0,0.0,,,,,,,,,catalogusGG.pdf
1306,D03723,3723,Glas,Trisolide Phon II 38/46,glas,46.0,0.0,30.0,"PFB, Rosenheim 20...",28.2,17.9,26.1,35.2,46.4,45.0,True,,,0 0 0,Gas,Niet,0.0,0.0,0.0,,,,,,,,,catalogusGG.pdf
1307,D03724,3724,Glas,Trisolide Phon II 39/52,glas,52.0,0.0,31.2,"IFT, Rosenheim 10-0...",30.9,19.2,26.9,35.3,47.9,49.2,True,,,0 0 0,Gas,Niet,0.0,0.0,0.0,,,,,,,,,catalogusGG.pdf
1308,D03725,3725,Glas,Trisolide Phon II 40/42,glas,42.0,0.0,34.1,"IFT, Rosenheim PB ...",34.3,23.6,28.3,37.1,45.3,44.1,True,,,0 0 0,Gas,Niet,0.0,0.0,0.0,,,,,,,,,catalogusGG.pdf
1309,D03726,3726,Glas,Trisolide Phon II 40/48,glas,48.0,0.0,32.8,PfB-Rosenheim 201...,28.6,23.5,25.7,37.2,45.2,49.8,True,,,0 0 0,Gas,Niet,0.0,0.0,0.0,,,,,,,,,catalogusGG.pdf
1310,D03727,3727,Glas,Trisolide Phon II 41/43,glas,43.0,0.0,35.1,"IFT, Rosenheim 170...",34.4,25.3,28.8,36.8,47.3,45.4,True,,,0 0 0,Gas,Niet,0.0,0.0,0.0,,,,,,,,,catalogusGG.pdf
1311,D03728,3728,Glas,Trisolide Phon II 41/45,glas,45.0,0.0,34.6,"IFT, Rosenheim 10-0...",33.2,25.2,27.9,36.9,46.0,48.4,True,,,0 0 0,Gas,Niet,0.0,0.0,0.0,,,,,,,,,catalogusGG.pdf
1312,D03729,3729,Glas,Trisolide Phon II 41/47,glas,47.0,0.0,34.7,"IFT, Rosenheim 10-0...",32.7,25.6,27.7,37.9,45.7,46.8,True,,,0 0 0,Gas,Niet,0.0,0.0,0.0,,,,,,,,,catalogusGG.pdf
1313,D03730,3730,Glas,Trisolide Phon II 42/47,glas,47.0,0.0,35.7,"IFT, Rosenheim PB ...",31.4,24.8,31.3,38.3,43.1,47.7,True,,,0 0 0,Gas,Niet,0.0,0.0,0.0,,,,,,,,,catalogusGG.pdf
1314,D03731,3731,Glas,Trisolide Phon II 42/4...,glas,47.0,0.0,34.3,PfB-Rosenheim 201...,28.1,24.2,28.1,38.1,49.1,49.9,True,,,0 0 0,Gas,Niet,0.0,0.0,0.0,,,,,,,,,catalogusGG.pdf
1315,D03732,3732,Glas,Trisolide Phon II 42/4...,glas,48.0,0.0,34.0,PfB-Rosenheim 201...,28.9,22.7,28.6,39.4,52.4,54.8,True,,,0 0 0,Gas,Niet,0.0,0.0,0.0,,,,,,,,,catalogusGG.pdf
1316,D03733,3733,Glas,Trisolide Phon II 42/49,glas,49.0,0.0,36.7,"IFT, Rosenheim PB ...",31.1,26.4,33.4,39.9,40.7,44.6,True,,,0 0 0,Gas,Niet,0.0,0.0,0.0,,,,,,,,,catalogusGG.pdf
1317,D03734,3734,Glas,Trisolide Phon II 42/51,glas,51.0,0.0,35.1,"IFT, Rosenheim 12-0...",31.0,25.7,28.1,39.9,46.3,45.9,True,,,0 0 0,Gas,Niet,0.0,0.0,0.0,,,,,,,,,catalogusGG.pdf
1318,D03735,3735,Glas,Trisolide Phon II 42/5...,glas,51.0,0.0,34.7,PfB-Rosenheim 201...,28.1,23.1,31.4,39.5,43.4,44.5,True,,,0 0 0,Gas,Niet,0.0,0.0,0.0,,,,,,,,,catalogusGG.pdf
1319,D03736,3736,Glas,Trisolide Phon II 43/51,glas,51.0,0.0,37.9,"IFT, Rosenheim 10-0...",31.9,30.1,31.2,40.3,44.3,49.3,True,,,0 0 0,Gas,Niet,0.0,0.0,0.0,,,,,,,,,catalogusGG.pdf
1320,D03737,3737,Glas,Trisolide Phon II 44/50,glas,50.0,0.0,36.6,PfB-Rosenheim 201...,29.3,25.2,31.6,42.3,55.3,61.1,True,,,0 0 0,Gas,Niet,0.0,0.0,0.0,,,,,,,,,catalogusGG.pdf
1321,D03738,3738,Glas,Trisolide Phon II 45/49,glas,49.0,0.0,38.4,"IFT, Rosenheim 12-0...",32.2,29.4,32.0,40.7,48.4,49.4,True,,,0 0 0,Gas,Niet,0.0,0.0,0.0,,,,,,,,,catalogusGG.pdf
1322,D03739,3739,Glas,Trisolide Phon II 45/51,glas,51.0,0.0,38.0,PfB-Rosenheim 201...,28.3,28.5,32.2,41.5,49.3,54.3,True,,,0 0 0,Gas,Niet,0.0,0.0,0.0,,,,,,,,,catalogusGG.pdf
1323,D03740,3740,Glas,Trisolide Phon II 45/65,glas,65.0,0.0,40.7,IFT-Rosenheim 10-0...,31.6,34.7,36.8,41.3,42.1,53.9,True,,,0 0 0,Gas,Niet,0.0,0.0,0.0,,,,,,,,,catalogusGG.pdf
1324,D03741,3741,Glas,Trisolide Phon II 46/52,glas,52.0,0.0,38.8,PfB-Rosenheim 201...,28.4,29.1,33.3,43.3,50.1,55.4,True,,,0 0 0,Gas,Niet,0.0,0.0,0.0,,,,,,,,,catalogusGG.pdf
1325,D03742,3742,Glas,Trisolide Phon S 41/42,glas,42.0,0.0,34.5,IFT-Rosenheim PB 7...,29.4,22.7,30.7,38.2,49.5,51.1,True,,,0 0 0,Gas,Niet,0.0,0.0,0.0,,,,,,,,,catalogusGG.pdf
1326,D03743,3743,Glas,Trisolide Phon S 45/47,glas,47.0,0.0,38.5,IFT-Rosenheim PB 1...,32.0,27.8,33.7,41.7,48.8,49.3,True,,,0 0 0,Gas,Niet,0.0,0.0,0.0,,,,,,,,,catalogusGG.pdf
1327,D03744,3744,Glas,Trisolide Phon S 49/51,glas,51.0,0.0,40.8,IFT-Rosenheim PB 9...,29.9,30.4,36.5,45.4,54.5,57.9,True,,,0 0 0,Gas,Niet,0.0,0.0,0.0,,,,,,,,,catalogusGG.pdf
1328,D01472,1472,Ventilatievoorzieningen,CA Turbolux 107 sta...,,,,,TPD jun'94 projectn...,23.5,25.3,27.1,26.6,23.5,31.2,True,,,,,,,,,-3.0,14.0,25.5,107.0,0.0,1000.0,,,catalogusGG.pdf
1329,D01473,1473,Ventilatievoorzieningen,CA Turbolux 142 sta...,,,,,TPD jun'94 projectn...,20.8,22.8,24.8,24.3,24.7,25.4,True,,,,,,,,,-1.8,23.0,24.6,142.0,0.0,1000.0,,,catalogusGG.pdf
1330,D01474,1474,Ventilatievoorzieningen,Climacomfort (Heyc...,,,,,v.Dorsser'94 rap. K...,28.6,26.8,24.0,23.3,24.6,23.2,True,,,,,,,,,-2.6,22.1,24.0,102.0,0.0,,,,catalogusGG.pdf
1331,D01475,1475,Ventilatievoorzieningen,Heycop Climacomfo...,,,,,v.Dorsser'94 rap. K...,29.7,27.9,25.3,24.3,25.4,24.4,True,,,,,,,,,-1.5,22.6,25.0,102.0,0.0,,,,catalogusGG.pdf
1332,D01476,1476,Ventilatievoorzieningen,Heycop Climadecor ...,,,,,v.Dorsser'94 rap. K...,31.5,29.2,26.2,24.6,24.9,26.3,True,,,,,,,,,-1.4,21.0,25.4,102.0,0.0,,,,catalogusGG.pdf
1333,D01477,1477,Ventilatievoorzieningen,Heycop Climadecor ...,,,,,v.Dorsser'94 rap. K...,31.5,29.2,26.5,24.6,25.0,25.9,True,,,,,,,,,-1.4,20.8,25.4,102.0,0.0,,,,catalogusGG.pdf
1334,D01478,1478,Ventilatievoorzieningen,Heycop Climacomfo...,,,,,v.Dorsser'94 rap. K...,34.3,31.2,27.3,25.1,29.8,36.9,True,,,,,,,,,2.8,24.7,28.8,102.0,0.0,,,,catalogusGG.pdf
1335,D01479,1479,Ventilatievoorzieningen,Heycop Climacomfo...,,,,,v.Dorsser'94 rap. K...,34.3,31.3,27.5,25.4,30.0,37.1,True,,,,,,,,,2.6,22.5,29.1,102.0,0.0,,,,catalogusGG.pdf
1336,D01480,1480,Ventilatievoorzieningen,Heycop Climadecor ...,,,,,v.Dorsser'94 rap. K...,33.5,30.3,26.3,24.0,28.7,37.0,True,,,,,,,,,1.3,22.4,27.8,102.0,0.0,,,,catalogusGG.pdf
1337,D01481,1481,Ventilatievoorzieningen,Heycop Climadecor ...,,,,,v.Dorsser'94 rap. K...,35.2,32.0,28.2,25.6,30.2,38.9,True,,,,,,,,,2.8,21.7,29.4,102.0,0.0,,,,catalogusGG.pdf
1338,D01579,1579,Ventilatievoorzieningen,Buva Slidestream (E...,,,,,v.Dorsser'95 rap. K...,26.4,26.1,25.5,25.5,31.1,28.9,True,,,,,,,,,-1.4,11.6,27.9,90.0,50.0,,,,catalogusGG.pdf
1339,D01580,1580,Ventilatievoorzieningen,Buva Whitco 5 mm ...,,,,,v.Dorsser'95 rap. K...,25.6,26.5,26.9,28.3,29.0,25.4,True,,,,,,,,,-1.9,11.9,27.3,670.0,25.0,,,,catalogusGG.pdf
1340,D01581,1581,Ventilatievoorzieningen,Buva Whitco 10 mm...,,,,,v.Dorsser'95 rap. K...,24.1,24.9,25.2,26.5,26.8,23.6,True,,,,,,,,,-2.3,16.9,25.4,670.0,25.0,,,,catalogusGG.pdf
1341,D01582,1582,Ventilatievoorzieningen,Buva Whitco 15 mm...,,,,,v.Dorsser'95 rap. K...,24.2,24.6,24.2,25.5,25.6,23.1,True,,,,,,,,,-1.9,22.6,24.6,670.0,25.0,,,,catalogusGG.pdf
1342,D01583,1583,Ventilatievoorzieningen,Buva Whitco 20 mm...,,,,,v.Dorsser'95 rap. K...,23.3,23.8,23.5,24.8,24.8,23.0,True,,,,,,,,,-1.6,27.2,24.1,670.0,25.0,,,,catalogusGG.pdf
1343,D01584,1584,Ventilatievoorzieningen,Buva Whitco 25 mm...,,,,,v.Dorsser'95 rap. K...,23.2,23.4,22.7,23.8,23.8,22.8,True,,,,,,,,,-2.5,26.1,23.4,670.0,25.0,,,,catalogusGG.pdf
1344,D01696,1696,Ventilatievoorzieningen,AluArt type 65/08/0 ...,,,,,v.Dorsser'95 rap. K...,35.0,32.8,30.6,27.6,30.9,34.6,True,,,,,,,,,-0.4,8.0,30.6,65.0,82.0,,,,catalogusGG.pdf
1345,D01697,1697,Ventilatievoorzieningen,AluArt type 65/09/-1 ...,,,,,v.Dorsser'95 rap. K...,32.6,30.4,28.2,26.0,29.8,32.3,True,,,,,,,,,-1.3,9.3,29.0,65.0,82.0,,,,catalogusGG.pdf
1346,D01698,1698,Ventilatievoorzieningen,AluArt type 65/10/1 ...,,,,,v.Dorsser'95 rap. K...,31.8,31.1,30.4,29.3,30.3,33.5,True,,,,,,,,,0.5,9.5,30.7,,,,,,catalogusGG.pdf
1347,D01699,1699,Ventilatievoorzieningen,AluArt type 420 vlind...,,,,,v.Dorsser'94 rap. K...,27.4,26.6,25.8,24.2,22.2,25.7,True,,,,,,,,,-4.3,15.8,23.8,60.0,80.0,,,,catalogusGG.pdf
1348,D01700,1700,Ventilatievoorzieningen,AluArt type 420+ont...,,,,,v.Dorsser'94 rap. K...,28.8,27.6,26.4,24.9,22.8,26.6,True,,,,,,,,,-3.4,16.5,24.4,60.0,80.0,,,,catalogusGG.pdf
1349,D01701,1701,Ventilatievoorzieningen,AluArt type 420-2 vli...,,,,,v.Dorsser'94 rap. K...,31.4,29.4,25.6,25.4,24.8,27.5,True,,,,,,,,,-2.3,15.9,25.7,,,,,,catalogusGG.pdf
1350,D01702,1702,Ventilatievoorzieningen,AluArt type 122/10/1...,,,,,v.Dorsser'95 rap. K...,32.2,35.8,34.8,43.0,41.2,46.9,True,,,,,,,,,9.8,9.5,40.1,,,,,,catalogusGG.pdf
1351,D01703,1703,Ventilatievoorzieningen,AluArt type 122/17/8...,,,,,v.Dorsser'95 rap. K...,27.6,30.7,28.3,36.9,40.1,40.6,True,,,,,,,,,7.4,17.0,35.1,,,,,,catalogusGG.pdf
1352,D01704,1704,Ventilatievoorzieningen,AluArt type Isosus-3...,,,,,v.Dorsser'93 rap. K...,33.2,33.0,29.4,32.7,39.0,42.1,True,,,,,,,,,5.0,10.0,35.0,,,,,,catalogusGG.pdf
1353,D02004,2004,Ventilatievoorzieningen,Duco Ducoton 10 'Z...,,,,,Cauberg-Huygen 2...,23.4,25.9,28.4,26.9,25.6,27.6,True,,,,,,,,,-3.4,10.3,26.5,94.0,0.0,,,,catalogusGG.pdf
1354,D02005,2005,Ventilatievoorzieningen,Duco DucoTon 10A '...,,,,,v.Dorsser'94 rap Ke...,34.7,31.9,28.2,26.4,25.7,34.4,True,,,,,,,,,-2.8,9.5,27.4,94.0,0.0,,,,catalogusGG.pdf
1355,D02006,2006,Ventilatievoorzieningen,Duco DucoTon 18 [1],,,,,v.Dorsser'92 rap Sa...,25.5,25.7,25.9,22.6,21.9,25.1,True,,,,,,,,,-4.2,18.5,23.1,135.0,0.0,,,,catalogusGG.pdf
1356,D02007,2007,Ventilatievoorzieningen,Duco DucoTon 18A [1],,,,,v.Dorsser'94 rap Ke...,28.1,27.0,25.2,24.9,23.8,27.4,True,,,,,,,,,-2.5,17.7,25.0,135.0,0.0,,,,catalogusGG.pdf
1357,D02056,2056,Ventilatievoorzieningen,Alu Art Inventus 48/...,,,,,v.Dorsser'97 rap Ke...,30.2,32.2,34.2,29.4,30.2,36.9,True,,,,,,,,,1.3,9.9,31.3,,,,,,catalogusGG.pdf
1358,D02057,2057,Ventilatievoorzieningen,Alu Art Inventus 48/...,,,,,v.Dorsser'97 rap Ke...,28.2,29.4,30.6,25.7,26.9,30.8,True,,,,,,,,,-1.6,12.0,27.7,,,,,,catalogusGG.pdf
1359,D02058,2058,Ventilatievoorzieningen,Alu Art Inventus 65/...,,,,,v.Dorsser'97 rap Ke...,29.8,32.2,34.6,29.4,30.3,36.2,True,,,,,,,,,1.1,9.5,31.3,,,,,,catalogusGG.pdf
1360,D02059,2059,Ventilatievoorzieningen,Alu Art Inventus 65/...,,,,,v.Dorsser'97 rap Ke...,27.8,29.1,30.4,25.8,27.1,32.1,True,,,,,,,,,-1.9,10.5,27.9,,,,,,catalogusGG.pdf
1361,D02060,2060,Ventilatievoorzieningen,Alu Art Inventus 100...,,,,,v.Dorsser'97 rap Ke...,33.5,32.7,31.9,27.4,29.0,34.1,True,,,,,,,,,0.5,11.9,29.8,,,,,,catalogusGG.pdf
1362,D02061,2061,Ventilatievoorzieningen,Alu Art Inventus 100...,,,,,v.Dorsser'97 rap Ke...,29.4,29.7,30.0,24.9,26.7,30.3,True,,,,,,,,,-1.1,14.7,27.2,,,,,,catalogusGG.pdf
1363,D02069,2069,Ventilatievoorzieningen,Heycop Climacoust ...,,,,,v.Dorsser'99 rap Ke...,32.3,34.3,35.7,38.3,41.8,34.1,True,,,,,,,,,6.9,10.1,36.9,,,,,,catalogusGG.pdf
1364,D02070,2070,Ventilatievoorzieningen,Heycop Climacoust ...,,,,,v.Dorsser'99 rap Ke...,32.1,32.9,33.1,34.5,37.0,32.2,True,,,,,,,,,7.6,22.1,34.2,,,,,,catalogusGG.pdf
1365,D02071,2071,Ventilatievoorzieningen,Heycop Climacoust ...,,,,,v.Dorsser'99 rap Ke...,30.6,31.4,31.7,33.0,33.8,31.0,True,,,,,,,,,6.4,25.0,32.4,,,,,,catalogusGG.pdf
1366,D02072,2072,Ventilatievoorzieningen,Heycop Climacoust ...,,,,,v.Dorsser'99 rap Ke...,29.6,30.1,30.2,31.1,31.9,30.3,True,,,,,,,,,5.3,26.9,31.0,,,,,,catalogusGG.pdf
1367,D02073,2073,Ventilatievoorzieningen,Heycop Climacoust ...,,,,,v.Dorsser'99 rap Ke...,30.7,34.1,34.9,40.9,44.0,41.4,True,,,,,,,,,11.0,13.9,39.5,,,,,,catalogusGG.pdf
1368,D02074,2074,Ventilatievoorzieningen,Heycop Climacoust ...,,,,,v.Dorsser'99 rap Ke...,29.0,31.8,32.7,37.4,41.1,39.9,True,,,,,,,,,10.2,20.2,37.1,,,,,,catalogusGG.pdf
1369,D02075,2075,Ventilatievoorzieningen,Heycop Climacoust ...,,,,,v.Dorsser'99 rap Ke...,29.8,31.7,29.7,35.5,38.9,38.2,True,,,,,,,,,9.5,26.3,35.3,,,,,,catalogusGG.pdf
1370,D02076,2076,Ventilatievoorzieningen,Heycop Climacoust ...,,,,,v.Dorsser'99 rap Ke...,29.8,30.6,27.8,32.2,35.7,35.4,True,,,,,,,,,7.2,27.0,32.9,,,,,,catalogusGG.pdf
1371,D02077,2077,Ventilatievoorzieningen,Heycop Climacoust ...,,,,,v.Dorsser'99 rap Ke...,30.9,35.2,37.9,43.9,44.9,44.6,True,,,,,,,,,12.9,13.9,41.5,,,,,,catalogusGG.pdf
1372,D02078,2078,Ventilatievoorzieningen,Heycop Climacoust ...,,,,,v.Dorsser'99 rap Ke...,29.4,32.7,33.4,39.4,41.7,41.5,True,,,,,,,,,10.9,18.8,38.2,,,,,,catalogusGG.pdf
1373,D02079,2079,Ventilatievoorzieningen,Heycop Climacoust ...,,,,,v.Dorsser'99 rap Ke...,29.8,32.2,31.2,37.1,39.2,40.4,True,,,,,,,,,10.4,24.6,36.5,,,,,,catalogusGG.pdf
1374,D02080,2080,Ventilatievoorzieningen,Heycop Climacoust ...,,,,,v.Dorsser'99 rap Ke...,30.2,31.4,29.5,33.8,36.9,38.1,True,,,,,,,,,8.6,26.2,34.4,,,,,,catalogusGG.pdf
1375,D02081,2081,Ventilatievoorzieningen,Heycop Climacoust ...,,,,,v.Dorsser'99 rap Ke...,27.6,34.2,37.9,47.5,49.7,51.3,True,,,,,,,,,12.8,13.2,41.6,,,,,,catalogusGG.pdf
1376,D02082,2082,Ventilatievoorzieningen,Heycop Climacoust ...,,,,,v.Dorsser'99 rap Ke...,25.3,31.5,35.5,43.9,44.8,45.8,True,,,,,,,,,11.5,18.7,38.8,,,,,,catalogusGG.pdf
1377,D02083,2083,Ventilatievoorzieningen,Heycop Climacoust ...,,,,,v.Dorsser'99 rap Ke...,27.1,31.2,31.6,39.4,41.5,43.3,True,,,,,,,,,11.0,24.4,37.1,,,,,,catalogusGG.pdf
1378,D02084,2084,Ventilatievoorzieningen,Heycop Climacoust ...,,,,,v.Dorsser'99 rap Ke...,27.7,30.6,29.8,36.5,39.9,42.0,True,,,,,,,,,9.8,25.5,35.7,,,,,,catalogusGG.pdf
1379,D02085,2085,Ventilatievoorzieningen,Heycop Climacoust ...,,,,,v.Dorsser'99 rap Ke...,27.8,35.6,40.6,51.2,51.0,48.0,True,,,,,,,,,13.7,12.9,42.6,,,,,,catalogusGG.pdf
1380,D02086,2086,Ventilatievoorzieningen,Heycop Climacoust ...,,,,,v.Dorsser'99 rap Ke...,26.7,32.6,36.5,44.4,45.1,45.6,True,,,,,,,,,12.8,20.0,39.8,,,,,,catalogusGG.pdf
1381,D02087,2087,Ventilatievoorzieningen,Heycop Climacoust ...,,,,,v.Dorsser'99 rap Ke...,26.0,30.7,32.0,40.2,41.2,45.3,True,,,,,,,,,10.9,23.9,37.1,,,,,,catalogusGG.pdf
1382,D02088,2088,Ventilatievoorzieningen,Heycop Climacoust ...,,,,,v.Dorsser'99 rap Ke...,24.3,28.8,30.4,37.8,41.2,43.5,True,,,,,,,,,9.8,26.7,35.6,,,,,,catalogusGG.pdf
1383,D02089,2089,Ventilatievoorzieningen,Heycop Climacoust ...,,,,,v.Dorsser'99 rap Ke...,27.7,35.8,41.8,52.1,53.6,54.1,True,,,,,,,,,14.5,13.4,43.2,,,,,,catalogusGG.pdf
1384,D02090,2090,Ventilatievoorzieningen,Heycop Climacoust ...,,,,,v.Dorsser'99 rap Ke...,26.2,33.4,37.2,47.9,49.6,49.2,True,,,,,,,,,13.3,18.5,40.7,,,,,,catalogusGG.pdf
1385,D02091,2091,Ventilatievoorzieningen,Heycop Climacoust ...,,,,,v.Dorsser'99 rap Ke...,25.0,31.3,34.0,44.0,42.5,44.2,True,,,,,,,,,11.8,24.2,38.0,,,,,,catalogusGG.pdf
1386,D02092,2092,Ventilatievoorzieningen,Heycop Climacoust ...,,,,,v.Dorsser'99 rap Ke...,23.2,29.3,31.3,41.6,42.2,45.0,True,,,,,,,,,10.2,25.4,36.2,,,,,,catalogusGG.pdf
1387,D02093,2093,Ventilatievoorzieningen,Heycop Climacoust ...,,,,,v.Dorsser'99 rap Ke...,30.5,37.3,42.2,51.0,53.6,57.8,True,,,,,,,,,16.0,12.5,45.0,,,,,,catalogusGG.pdf
1388,D02094,2094,Ventilatievoorzieningen,Heycop Climacoust ...,,,,,v.Dorsser'99 rap Ke...,26.4,33.8,40.1,48.6,49.8,53.5,True,,,,,,,,,14.0,17.7,41.5,,,,,,catalogusGG.pdf
1389,D02095,2095,Ventilatievoorzieningen,Heycop Climacoust ...,,,,,v.Dorsser'99 rap Ke...,24.2,31.4,34.3,45.8,44.0,49.3,True,,,,,,,,,12.0,23.6,38.2,,,,,,catalogusGG.pdf
1390,D02096,2096,Ventilatievoorzieningen,Heycop Climacoust ...,,,,,v.Dorsser'99 rap Ke...,25.0,30.6,32.7,41.9,41.0,47.4,True,,,,,,,,,11.3,25.1,37.3,,,,,,catalogusGG.pdf
1391,D02131,2131,Ventilatievoorzieningen,Duco DucoTop 50 'Z...,,,,,v.Dorsser'96 rap Ke...,31.5,29.7,27.9,23.1,25.3,29.3,True,,,,,,,,,-2.6,14.8,25.7,50.0,0.0,,,,catalogusGG.pdf
1392,D02506,2506,Ventilatievoorzieningen,Buva SusStream Lu...,,,,,Rapport Sight P030...,28.3,32.7,33.9,41.6,54.0,57.0,True,,,,,,,,,11.5,14.4,39.9,,,,,,catalogusGG.pdf
1393,D02507,2507,Ventilatievoorzieningen,Buva SusStream Lu...,,,,,Rapport Sight P030...,27.7,31.4,32.4,38.9,42.9,38.4,True,,,,,,,,,10.9,24.0,37.1,,,,,,catalogusGG.pdf
1394,D02508,2508,Ventilatievoorzieningen,Buva SusStream Lu...,,,,,Rapport Sight P030...,26.3,30.3,30.2,38.4,41.2,40.2,True,,,,,,,,,10.1,25.8,36.0,,,,,,catalogusGG.pdf
1395,D02509,2509,Ventilatievoorzieningen,Buva SusStream Lu...,,,,,Rapport Sight P030...,26.7,29.1,28.1,34.0,39.6,37.6,True,,,,,,,,,8.3,27.4,33.9,,,,,,catalogusGG.pdf
1396,D02510,2510,Ventilatievoorzieningen,Buva SusStream Ma...,,,,,Rapport Sight P030...,26.8,32.6,35.3,44.3,51.0,56.6,True,,,,,,,,,11.7,14.2,40.2,,,,,,catalogusGG.pdf
1397,D02511,2511,Ventilatievoorzieningen,Buva SusStream Ma...,,,,,Rapport Sight P030...,26.6,31.3,30.9,40.8,49.7,53.3,True,,,,,,,,,11.1,21.5,37.8,,,,,,catalogusGG.pdf
1398,D02512,2512,Ventilatievoorzieningen,Buva SusStream Ma...,,,,,Rapport Sight P030...,28.7,32.4,32.3,39.8,45.5,48.6,True,,,,,,,,,12.9,27.0,38.6,,,,,,catalogusGG.pdf
1399,D02513,2513,Ventilatievoorzieningen,Buva SusStream Ma...,,,,,Rapport Sight P030...,26.1,29.1,26.3,35.1,43.2,44.1,True,,,,,,,,,8.3,27.6,33.8,,,,,,catalogusGG.pdf
1400,D02514,2514,Ventilatievoorzieningen,Buva SusStream Ter...,,,,,Rapport Sight P030...,25.3,32.8,37.3,47.8,57.1,62.5,True,,,,,,,,,11.6,13.1,40.4,,,,,,catalogusGG.pdf
1401,D02515,2515,Ventilatievoorzieningen,Buva SusStream Ter...,,,,,Rapport Sight P030...,24.8,31.9,35.5,46.1,55.2,62.1,True,,,,,,,,,12.6,20.7,39.5,,,,,,catalogusGG.pdf
1402,D02516,2516,Ventilatievoorzieningen,Buva SusStream Ter...,,,,,Rapport Sight P030...,24.4,30.0,29.9,41.3,49.9,51.9,True,,,,,,,,,10.7,26.0,36.6,,,,,,catalogusGG.pdf
1403,D02517,2517,Ventilatievoorzieningen,Buva SusStream Ter...,,,,,Rapport Sight P030...,24.9,29.2,27.6,37.8,47.4,50.4,True,,,,,,,,,9.3,27.1,35.0,,,,,,catalogusGG.pdf
1404,D02518,2518,Ventilatievoorzieningen,Buva SusStream Su...,,,,,Rapport Sight P030...,30.6,36.6,40.0,48.7,58.1,50.7,True,,,,,,,,,14.9,11.7,44.2,,,,,,catalogusGG.pdf
1405,D02519,2519,Ventilatievoorzieningen,Buva SusStream Su...,,,,,Rapport Sight P030...,30.4,36.5,36.3,48.7,49.4,51.6,True,,,,,,,,,15.0,17.5,42.5,,,,,,catalogusGG.pdf
1406,D02520,2520,Ventilatievoorzieningen,Buva SusStream Su...,,,,,Rapport Sight P030...,24.6,31.0,32.5,43.9,51.9,56.1,True,,,,,,,,,12.1,25.2,38.1,,,,,,catalogusGG.pdf
1407,D02521,2521,Ventilatievoorzieningen,Buva SusStream Su...,,,,,Rapport Sight P030...,23.3,29.9,30.2,43.2,49.3,53.8,True,,,,,,,,,10.7,26.5,36.5,,,,,,catalogusGG.pdf
1408,D02565,2565,Ventilatievoorzieningen,Duco MiniMax 10 Z...,,,,,Cauberg-Huygen R...,21.6,25.0,23.8,31.9,36.0,37.6,True,,,,,,,,,2.0,14.7,30.3,,,,,,catalogusGG.pdf
1409,D02566,2566,Ventilatievoorzieningen,Duco MiniMax 15 Z...,,,,,Cauberg-Huygen R...,21.0,24.4,23.5,31.2,33.9,35.0,True,,,,,,,,,2.5,19.6,29.5,,,,,,catalogusGG.pdf
1410,D02567,2567,Ventilatievoorzieningen,Duco MiniMax 20 Z...,,,,,Cauberg-Huygen R...,20.8,23.8,22.9,29.8,34.9,35.7,True,,,,,,,,,2.9,23.7,29.2,,,,,,catalogusGG.pdf
1411,D02671,2671,Ventilatievoorzieningen,Buva AcouStream V...,,,,,Rapport Sight P050...,39.0,37.6,36.2,28.3,33.0,44.0,True,,,,,,,,,4.3,14.5,32.7,,,,,,catalogusGG.pdf
1412,D02672,2672,Ventilatievoorzieningen,Buva AcouStream V...,,,,,Rapport Sight P050...,37.6,36.6,35.6,28.2,32.6,43.3,True,,,,,,,,,5.1,18.3,32.4,,,,,,catalogusGG.pdf
1413,D02673,2673,Ventilatievoorzieningen,Buva AcouStream V...,,,,,Rapport Sight P050...,38.5,37.1,35.7,27.5,32.1,43.2,True,,,,,,,,,5.5,22.8,31.9,,,,,,catalogusGG.pdf
1414,D02674,2674,Ventilatievoorzieningen,Buva AcouStream G...,,,,,Rapport Sight P050...,38.4,36.2,34.0,31.0,35.3,39.4,True,,,,,,,,,5.8,13.5,34.5,,,,,,catalogusGG.pdf
1415,D02675,2675,Ventilatievoorzieningen,Buva AcouStream G...,,,,,Rapport Sight P050...,36.4,35.0,33.6,30.4,34.3,37.6,True,,,,,,,,,6.3,18.4,33.6,,,,,,catalogusGG.pdf
1416,D02676,2676,Ventilatievoorzieningen,Buva AcouStream G...,,,,,Rapport Sight P050...,35.1,33.8,32.5,29.7,33.3,33.3,True,,,,,,,,,5.9,23.4,32.3,,,,,,catalogusGG.pdf
1417,D02677,2677,Ventilatievoorzieningen,Climarad 5.6 dm3/s [1],,,,,Rapport Cauberg-H...,33.8,37.5,40.1,45.0,51.8,58.2,True,,,,,,,,,12.3,5.6,44.8,0.0,0.0,,,,catalogusGG.pdf
1418,D02678,2678,Ventilatievoorzieningen,Climarad 11.1 dm3/s...,,,,,Rapport Cauberg-H...,33.8,37.5,40.1,45.0,51.8,58.2,True,,,,,,,,,15.3,11.1,44.8,0.0,0.0,,,,catalogusGG.pdf
1419,D02679,2679,Ventilatievoorzieningen,Climarad 16.7 dm3/s...,,,,,Rapport Cauberg-H...,33.8,37.5,40.1,45.0,51.8,58.2,True,,,,,,,,,17.1,16.7,44.8,0.0,0.0,,,,catalogusGG.pdf
1420,D02680,2680,Ventilatievoorzieningen,Climarad 22.2 dm3/s...,,,,,Rapport Cauberg-H...,33.8,37.5,40.1,45.0,51.8,58.2,True,,,,,,,,,18.3,22.2,44.8,0.0,0.0,,,,catalogusGG.pdf
1421,D02681,2681,Ventilatievoorzieningen,Climarad 27.8 dm3/s...,,,,,Rapport Cauberg-H...,33.8,37.5,40.1,45.0,51.8,58.2,True,,,,,,,,,19.3,27.8,44.8,0.0,0.0,,,,catalogusGG.pdf
1422,D02682,2682,Ventilatievoorzieningen,Climarad 5.6 dm3/s ...,,,,,Rapport Cauberg-H...,33.2,37.4,40.5,45.9,52.4,58.5,True,,,,,,,,,12.5,5.6,45.0,0.0,0.0,,,,catalogusGG.pdf
1423,D02683,2683,Ventilatievoorzieningen,Climarad 11.1 dm3/s...,,,,,Rapport Cauberg-H...,33.2,37.4,40.5,45.9,52.4,58.5,True,,,,,,,,,15.5,11.1,45.0,0.0,0.0,,,,catalogusGG.pdf
1424,D02684,2684,Ventilatievoorzieningen,Climarad 16.7 dm3/s...,,,,,Rapport Cauberg-H...,33.2,37.4,40.5,45.9,52.4,58.5,True,,,,,,,,,17.2,16.7,45.0,0.0,0.0,,,,catalogusGG.pdf
1425,D02685,2685,Ventilatievoorzieningen,Climarad 22.2 dm3/s...,,,,,Rapport Cauberg-H...,33.2,37.4,40.5,45.9,52.4,58.5,True,,,,,,,,,18.5,22.2,45.0,0.0,0.0,,,,catalogusGG.pdf
1426,D02686,2686,Ventilatievoorzieningen,Climarad 27.8 dm3/s...,,,,,Rapport Cauberg-H...,33.2,37.4,40.5,45.9,52.4,58.5,True,,,,,,,,,19.5,27.8,45.0,0.0,0.0,,,,catalogusGG.pdf
1427,D02692,2692,Ventilatievoorzieningen,Buva SusStream Plu...,,,,,contactpersoon Raf ...,31.4,30.5,25.3,28.8,39.1,38.8,True,,,,,,,,,5.9,26.6,31.6,,,,,,catalogusGG.pdf
1428,D02693,2693,Ventilatievoorzieningen,Buva SusStream Pl...,,,,,contactpersoon Raf ...,31.4,30.5,25.3,28.8,39.1,38.8,True,,,,,,,,,4.1,17.8,31.6,0.0,0.0,,,,catalogusGG.pdf
1429,D02694,2694,Ventilatievoorzieningen,Buva SusStream Lu...,,,,,contactpersoon Raf ...,28.3,32.7,33.9,41.6,54.0,57.0,True,,,,,,,,,9.7,9.4,39.9,0.0,0.0,,,,catalogusGG.pdf
1430,D02695,2695,Ventilatievoorzieningen,Buva SusStream Lu...,,,,,contactpersoon Raf ...,27.7,31.4,32.4,38.9,42.9,38.4,True,,,,,,,,,9.0,15.6,37.1,0.0,0.0,,,,catalogusGG.pdf
1431,D02696,2696,Ventilatievoorzieningen,Buva SusStream Lu...,,,,,contactpersoon Raf ...,26.3,30.3,30.2,38.4,41.2,40.2,True,,,,,,,,,8.2,16.7,36.0,0.0,0.0,,,,catalogusGG.pdf
1432,D02697,2697,Ventilatievoorzieningen,Buva SusStream Lu...,,,,,contactpersoon Raf ...,26.7,29.1,28.1,34.0,39.6,37.6,True,,,,,,,,,6.4,17.8,33.9,0.0,0.0,,,,catalogusGG.pdf
1433,D02698,2698,Ventilatievoorzieningen,Buva SusStream Ma...,,,,,contactpersoon Raf ...,26.8,32.6,35.3,44.3,51.0,56.6,True,,,,,,,,,9.8,9.2,40.2,0.0,0.0,,,,catalogusGG.pdf
1434,D02699,2699,Ventilatievoorzieningen,Buva SusStream Ma...,,,,,contactpersoon Raf ...,26.6,31.3,30.9,40.8,49.7,53.3,True,,,,,,,,,9.2,14.0,37.8,0.0,0.0,,,,catalogusGG.pdf
1435,D02700,2700,Ventilatievoorzieningen,Buva SusStream Ma...,,,,,contactpersoon Raf ...,28.7,32.4,32.3,39.8,45.5,48.6,True,,,,,,,,,11.0,17.5,38.6,0.0,0.0,,,,catalogusGG.pdf
1436,D02701,2701,Ventilatievoorzieningen,Buva SusStream Ma...,,,,,contactpersoon Raf ...,26.1,29.1,26.3,35.1,43.2,44.1,True,,,,,,,,,6.4,17.9,33.8,0.0,0.0,,,,catalogusGG.pdf
1437,D02702,2702,Ventilatievoorzieningen,Buva SusStream Ter...,,,,,contactpersoon Raf ...,25.3,32.8,37.3,47.8,57.1,62.5,True,,,,,,,,,9.7,8.5,40.4,0.0,0.0,,,,catalogusGG.pdf
1438,D02703,2703,Ventilatievoorzieningen,Buva SusStream Ter...,,,,,contactpersoon Raf ...,24.8,31.9,35.5,46.1,55.2,62.1,True,,,,,,,,,10.8,13.4,39.5,0.0,0.0,,,,catalogusGG.pdf
1439,D02704,2704,Ventilatievoorzieningen,Buva SusStream Ter...,,,,,contactpersoon Raf ...,24.4,30.0,29.9,41.3,49.9,51.9,True,,,,,,,,,8.9,16.9,36.6,0.0,0.0,,,,catalogusGG.pdf
1440,D02705,2705,Ventilatievoorzieningen,Buva SusStream Ter...,,,,,contactpersoon Raf ...,24.9,29.2,27.6,37.8,47.4,50.4,True,,,,,,,,,7.5,17.6,35.0,0.0,0.0,,,,catalogusGG.pdf
1441,D02706,2706,Ventilatievoorzieningen,Buva SusStream Su...,,,,,contactpersoon Raf ...,30.6,36.6,40.0,48.7,58.1,50.7,True,,,,,,,,,13.0,7.6,44.2,0.0,0.0,,,,catalogusGG.pdf
1442,D02707,2707,Ventilatievoorzieningen,Buva SusStream Su...,,,,,contactpersoon Raf ...,30.4,36.5,36.3,48.7,49.4,51.6,True,,,,,,,,,13.1,11.3,42.5,0.0,0.0,,,,catalogusGG.pdf
1443,D02708,2708,Ventilatievoorzieningen,Buva SusStream Su...,,,,,contactpersoon Raf ...,24.6,31.0,32.5,43.9,51.9,56.1,True,,,,,,,,,10.2,16.3,38.1,0.0,0.0,,,,catalogusGG.pdf
1444,D02709,2709,Ventilatievoorzieningen,Buva SusStream Su...,,,,,contactpersoon Raf ...,23.3,29.9,30.2,43.2,49.3,53.8,True,,,,,,,,,8.8,17.2,36.5,0.0,0.0,,,,catalogusGG.pdf
1445,D02710,2710,Ventilatievoorzieningen,Buva Topstream 14-...,,,,,contactpersoon Raf ...,30.9,29.5,28.1,23.6,27.2,29.9,True,,,,,,,,,-1.7,14.3,26.8,0.0,0.0,,,,catalogusGG.pdf
1446,D02711,2711,Ventilatievoorzieningen,Buva Topstream 21-...,,,,,contactpersoon Raf ...,31.0,29.3,27.6,23.5,25.8,28.4,True,,,,,,,,,-0.8,21.1,26.0,0.0,0.0,,,,catalogusGG.pdf
1447,D02712,2712,Ventilatievoorzieningen,Buva Fitstream 11-Z...,,,,,contactpersoon Raf ...,31.6,30.1,28.0,27.1,26.8,35.4,True,,,,,,,,,-1.2,11.4,28.2,0.0,0.0,,,,catalogusGG.pdf
1448,D02713,2713,Ventilatievoorzieningen,Buva Fitstream 14-Z...,,,,,contactpersoon Raf ...,31.4,29.9,28.2,26.9,26.6,35.1,True,,,,,,,,,-0.5,13.9,28.1,0.0,0.0,,,,catalogusGG.pdf
1449,D02714,2714,Ventilatievoorzieningen,Buva Fitstream 16-Z...,,,,,contactpersoon Raf ...,30.6,29.3,27.7,26.8,26.9,34.0,True,,,,,,,,,0.2,16.5,28.1,0.0,0.0,,,,catalogusGG.pdf
1450,D02715,2715,Ventilatievoorzieningen,Buva Fitstream 21-Z...,,,,,contactpersoon Raf ...,30.7,29.3,27.6,26.6,26.2,33.1,True,,,,,,,,,0.8,20.9,27.6,0.0,0.0,,,,catalogusGG.pdf
1451,D02716,2716,Ventilatievoorzieningen,Buva SunStream 14...,,,,,contactpersoon Raf ...,36.5,32.9,28.8,25.7,28.8,32.4,True,,,,,,,,,0.0,13.7,28.7,0.0,0.0,,,,catalogusGG.pdf
1452,D02717,2717,Ventilatievoorzieningen,Buva SunStream 17...,,,,,contactpersoon Raf ...,35.4,32.5,28.4,26.7,28.4,32.5,True,,,,,,,,,0.3,14.1,28.8,0.0,0.0,,,,catalogusGG.pdf
1453,D02718,2718,Ventilatievoorzieningen,Buva SunStream 20...,,,,,contactpersoon Raf ...,34.9,33.3,27.8,30.1,29.2,33.6,True,,,,,,,,,1.3,13.2,30.1,0.0,0.0,,,,catalogusGG.pdf
1454,D02738,2738,Ventilatievoorzieningen,Duco Ducoklep 15 Z...,,,,,Cauberg Huygen 20...,22.8,24.2,25.6,24.9,23.3,25.7,True,,,,,,,,,-3.9,15.2,24.3,95.0,0.0,,,,catalogusGG.pdf
1455,D02742,2742,Ventilatievoorzieningen,Duco DucoFit 50 ZR...,,,,,Cauberg Huygen 20...,24.5,26.8,29.1,23.6,26.0,29.9,True,,,,,,,,,-1.2,18.3,26.2,50.0,81.0,,,,catalogusGG.pdf
1456,D02743,2743,Ventilatievoorzieningen,Duco DucoSmart 60...,,,,,Sight HO 208,28.1,29.0,29.9,28.9,29.1,28.4,True,,,,,,,,,-0.1,12.7,28.9,75.0,0.0,,,,catalogusGG.pdf
1457,D02745,2745,Ventilatievoorzieningen,Duco FireMax EW 3...,,,,,Contactpersoon duc...,34.8,32.9,31.0,27.9,36.2,40.5,True,,,,,,,,,5.9,21.1,32.6,,,,,,catalogusGG.pdf
1458,D02746,2746,Ventilatievoorzieningen,Duco FireMax EW 9...,,,,,Contactpersoon duc...,34.8,32.9,31.0,27.9,36.2,40.5,True,,,,,,,,,5.5,19.6,32.6,,,,,,catalogusGG.pdf
1459,D02747,2747,Ventilatievoorzieningen,Duco FireMax EW 9...,,,,,Contactpersoon duc...,35.3,33.2,31.1,27.9,24.8,38.6,True,,,,,,,,,1.2,23.7,27.5,,,,,,catalogusGG.pdf
1460,D02780,2780,Ventilatievoorzieningen,Acoustair AGV type ...,,,,,van Dorsser BV. rap...,29.6,33.2,32.4,40.4,40.8,43.4,True,,,,,,,,,6.7,7.4,38.0,20.0,0.0,,,,catalogusGG.pdf
1461,D02781,2781,Ventilatievoorzieningen,Acoustair AGV type ...,,,,,van Dorsser BV. rap...,28.8,32.4,31.6,39.6,40.0,42.6,True,,,,,,,,,6.7,8.9,37.2,20.0,0.0,,,,catalogusGG.pdf
1462,D02782,2782,Ventilatievoorzieningen,Acoustair AGV type ...,,,,,van Dorsser BV. rap...,28.0,31.6,30.8,38.8,39.2,41.8,True,,,,,,,,,6.7,10.6,36.4,20.0,0.0,,,,catalogusGG.pdf
1463,D02783,2783,Ventilatievoorzieningen,Acoustair AGV type ...,,,,,van Dorsser BV. rap...,27.2,30.8,30.0,38.0,38.4,41.0,True,,,,,,,,,6.8,12.9,35.6,20.0,0.0,,,,catalogusGG.pdf
1464,D02784,2784,Ventilatievoorzieningen,Acoustair AGV type ...,,,,,van Dorsser BV. rap...,26.3,29.9,29.1,37.1,37.5,40.1,True,,,,,,,,,6.7,15.7,34.7,20.0,0.0,,,,catalogusGG.pdf
1465,D02785,2785,Ventilatievoorzieningen,Acoustair AGV type ...,,,,,van Dorsser BV. rap...,25.6,29.2,28.4,36.4,36.8,39.4,True,,,,,,,,,6.6,18.2,34.0,20.0,0.0,,,,catalogusGG.pdf
1466,D02786,2786,Ventilatievoorzieningen,Acoustair AGV 2000...,,,,,van Dorsser BV. rap...,29.6,33.2,32.4,40.4,40.8,43.4,True,,,,,,,,,6.8,7.5,38.0,20.0,0.0,,,,catalogusGG.pdf
1467,D02787,2787,Ventilatievoorzieningen,Acoustair AGV 2000...,,,,,van Dorsser BV. rap...,28.8,32.4,31.6,39.6,40.0,42.6,True,,,,,,,,,6.8,9.0,37.2,20.0,0.0,,,,catalogusGG.pdf
1468,D02788,2788,Ventilatievoorzieningen,Acoustair AGV 2000...,,,,,van Dorsser BV. rap...,28.0,31.6,30.8,38.8,39.2,41.8,True,,,,,,,,,6.7,10.7,36.4,20.0,0.0,,,,catalogusGG.pdf
1469,D02789,2789,Ventilatievoorzieningen,Acoustair AGV 2000...,,,,,van Dorsser BV. rap...,27.2,30.8,30.0,38.0,38.4,41.0,True,,,,,,,,,6.8,13.0,35.6,20.0,0.0,,,,catalogusGG.pdf
1470,D02790,2790,Ventilatievoorzieningen,Acoustair AGV 2000...,,,,,van Dorsser BV. rap...,26.3,29.9,29.1,37.1,37.5,40.1,True,,,,,,,,,6.7,15.8,34.7,20.0,0.0,,,,catalogusGG.pdf
1471,D02791,2791,Ventilatievoorzieningen,Acoustair AGV 2000...,,,,,van Dorsser BV. rap...,25.6,29.2,28.4,36.4,36.8,39.4,True,,,,,,,,,6.7,18.3,34.0,20.0,0.0,,,,catalogusGG.pdf
1472,D02792,2792,Ventilatievoorzieningen,Acoustair Aeropac SN,,,,,Kramer Schalltechni...,34.6,44.5,39.1,44.2,51.9,53.6,True,,,,,,,,,17.4,16.7,45.2,0.0,0.0,,,,catalogusGG.pdf
1473,D02810,2810,Ventilatievoorzieningen,Renson Multicoust 1...,,,,,A-2016_ES_74-H06...,31.3,35.5,28.9,29.5,37.2,41.4,True,,,,,,,,,4.7,14.0,33.3,0.0,0.0,,,,catalogusGG.pdf
1474,D02811,2811,Ventilatievoorzieningen,Renson Multicoust 1...,,,,,A-2016_ES_74-H06...,31.3,35.4,28.8,29.6,36.8,40.7,True,,,,,,,,,5.8,18.0,33.2,0.0,0.0,,,,catalogusGG.pdf
1475,D02812,2812,Ventilatievoorzieningen,Renson Multicoust 2...,,,,,A-2016_ES_74-H06...,30.7,35.0,28.6,29.3,35.3,37.5,True,,,,,,,,,5.9,21.7,32.5,0.0,0.0,,,,catalogusGG.pdf
1476,D02856,2856,Ventilatievoorzieningen,Duco Twin 50 Medio...,,,,,Cauberg - Huygen ...,28.1,29.0,29.9,28.8,30.2,29.1,True,,,,,,,,,0.8,13.5,29.5,50.0,0.0,,,,catalogusGG.pdf
1477,D02857,2857,Ventilatievoorzieningen,Duco Twin 50 Largo ...,,,,,Cauberg-Huygen 2...,28.9,29.7,30.5,24.9,29.3,28.4,True,,,,,,,,,-0.5,14.5,27.9,50.0,0.0,,,,catalogusGG.pdf
1478,D02858,2858,Ventilatievoorzieningen,Duco Flat 12 'ZR' [1],,,,,rapport PEUTZ A 1...,27.1,27.2,27.3,24.3,25.6,27.3,True,,,,,,,,,-3.5,11.5,25.9,95.0,0.0,,,,catalogusGG.pdf
1479,D02860,2860,Ventilatievoorzieningen,Duco Twin 120 Cort...,,,,,Peutz A 2016-1-RA ...,30.1,30.2,28.8,30.4,34.4,37.5,True,,,,,,,,,3.3,11.9,32.5,,,,,,catalogusGG.pdf
1480,D02861,2861,Ventilatievoorzieningen,Duco Twin 120 Bass...,,,,,Peutz A 2016-1-RA ...,29.8,29.3,27.0,28.4,36.8,39.4,True,,,,,,,,,3.1,13.4,31.8,,,,,,catalogusGG.pdf
1481,D02862,2862,Ventilatievoorzieningen,Duco Twin 120 Medi...,,,,,Peutz A 2016-1-RA ...,30.5,30.9,28.5,31.8,41.1,46.1,True,,,,,,,,,5.8,13.6,34.5,,,,,,catalogusGG.pdf
1482,D02863,2863,Ventilatievoorzieningen,Duco Twin 120 Alto '...,,,,,Peutz A 2016-1-RA ...,29.0,30.5,29.0,33.5,43.2,47.6,True,,,,,,,,,6.6,13.3,35.3,,,,,,catalogusGG.pdf
1483,D02864,2864,Ventilatievoorzieningen,Duco Twin 120 Larg...,,,,,Peutz A 2016-1-RA ...,29.3,31.5,31.1,36.0,46.5,52.8,True,,,,,,,,,8.6,13.4,37.3,,,,,,catalogusGG.pdf
1484,D02865,2865,Ventilatievoorzieningen,Duco Twin 120 Cort...,,,,,Peutz A 2016-1-RA ...,30.1,29.9,27.9,29.5,33.6,33.0,True,,,,,,,,,4.0,18.6,31.3,,,,,,catalogusGG.pdf
1485,D02866,2866,Ventilatievoorzieningen,Duco Twin 120 Bass...,,,,,Peutz A 2016-1-RA ...,30.0,29.2,25.7,27.7,36.2,33.4,True,,,,,,,,,3.1,18.2,30.5,,,,,,catalogusGG.pdf
1486,D02867,2867,Ventilatievoorzieningen,Duco Twin 120 Medi...,,,,,Peutz A 2016-1-RA ...,29.7,29.4,26.0,28.9,35.8,33.1,True,,,,,,,,,3.6,18.2,31.0,,,,,,catalogusGG.pdf
1487,D02868,2868,Ventilatievoorzieningen,Duco Twin 120 Alto '...,,,,,Peutz A 2016-1-RA ...,29.4,29.6,26.2,30.1,38.8,37.7,True,,,,,,,,,5.0,18.7,32.3,,,,,,catalogusGG.pdf
1488,D02869,2869,Ventilatievoorzieningen,Duco Twin 120 Larg...,,,,,Peutz A 2016-1-RA ...,28.9,30.4,27.5,33.4,40.4,41.6,True,,,,,,,,,6.9,18.5,34.2,,,,,,catalogusGG.pdf
1489,D02905,2905,Ventilatievoorzieningen,Duco Reno Top 60 Z...,,,,,Cauberg Huygen 20...,25.4,27.1,28.8,26.7,29.0,31.1,True,,,,,,,,,-0.6,12.1,28.6,,,,,,catalogusGG.pdf
1490,D02906,2906,Ventilatievoorzieningen,Duco Reno Top 60 Z...,,,,,Cauberg-Huygen 2...,25.1,27.0,28.9,26.8,29.9,36.0,True,,,,,,,,,0.2,12.1,29.4,,,,,,catalogusGG.pdf
1491,D02923,2923,Ventilatievoorzieningen,Duco GlasMax 10 Z...,glas,,,,Peutz A 2198-1-RA-...,36.3,33.7,31.1,28.6,39.2,46.4,True,,,,,,,,,5.7,15.9,33.7,,,,,,catalogusGG.pdf
1492,D02924,2924,Ventilatievoorzieningen,Duco GlasMax 15 Z...,glas,,,,Peutz A 2198-1-RA-...,34.8,32.9,31.0,27.9,36.2,40.5,True,,,,,,,,,5.9,21.1,32.6,,,,,,catalogusGG.pdf
1493,D02925,2925,Ventilatievoorzieningen,Duco GlasMax 20 Z...,glas,,,,Peutz A 2198-1-RA-...,35.3,33.2,31.1,27.9,34.8,38.6,True,,,,,,,,,6.1,24.1,32.3,,,,,,catalogusGG.pdf
1494,D02926,2926,Ventilatievoorzieningen,Duco GlasMax 25 Z...,glas,,,,Cauberg Huygen 20...,22.7,24.7,26.7,24.9,26.8,28.0,True,,,,,,,,,0.9,28.6,26.4,,,,,,catalogusGG.pdf
1495,D02927,2927,Ventilatievoorzieningen,RoofMax ZR [1],,,,,Peutz BA 1944-2-R...,37.9,35.1,29.3,29.6,35.7,47.7,True,,,,,,,,,3.1,9.5,33.3,0.0,0.0,,,,catalogusGG.pdf
1496,D02934,2934,Ventilatievoorzieningen,Renson VariaCoust ...,,,,,Samenvattend rapp...,37.3,38.4,33.5,40.7,45.9,47.5,True,,,,,,,,,12.2,14.1,40.7,0.0,0.0,,,,catalogusGG.pdf
1497,D02935,2935,Ventilatievoorzieningen,Renson VariaCoust ...,,,,,Samenvattend rapp...,37.9,37.8,30.7,37.6,41.0,41.5,True,,,,,,,,,10.7,20.9,37.5,0.0,0.0,,,,catalogusGG.pdf
1498,D02936,2936,Ventilatievoorzieningen,Renson VariaCoust ...,,,,,Samenvattend rapp...,39.3,38.2,30.7,36.1,37.0,39.5,True,,,,,,,,,9.7,23.4,36.0,0.0,0.0,,,,catalogusGG.pdf
1499,D02937,2937,Ventilatievoorzieningen,Renson VariaCoust ...,,,,,Samenvattend rapp...,39.8,37.8,29.4,33.8,35.9,38.6,True,,,,,,,,,9.0,27.2,34.6,0.0,0.0,,,,catalogusGG.pdf
1500,D02938,2938,Ventilatievoorzieningen,Renson VariaCoust ...,,,,,Samenvattend rapp...,36.1,38.4,35.1,43.0,48.3,50.6,True,,,,,,,,,13.7,13.9,42.3,0.0,0.0,,,,catalogusGG.pdf
1501,D02939,2939,Ventilatievoorzieningen,Renson VariaCoust ...,,,,,Samenvattend rapp...,37.1,38.3,33.5,40.8,44.7,47.6,True,,,,,,,,,13.7,20.5,40.6,0.0,0.0,,,,catalogusGG.pdf
1502,D02940,2940,Ventilatievoorzieningen,Renson VariaCoust ...,,,,,Samenvattend rapp...,39.2,39.1,32.9,39.0,43.8,47.2,True,,,,,,,,,13.4,23.1,39.8,0.0,0.0,,,,catalogusGG.pdf
1503,D02941,2941,Ventilatievoorzieningen,Renson VariaCoust ...,,,,,Samenvattend rapp...,38.9,37.6,29.6,35.0,38.4,42.9,True,,,,,,,,,10.3,26.9,36.0,0.0,0.0,,,,catalogusGG.pdf
1504,D02942,2942,Ventilatievoorzieningen,Renson VariaCoust ...,,,,,Samenvattend rapp...,34.5,38.0,36.4,45.0,51.5,53.5,True,,,,,,,,,14.8,13.6,43.5,0.0,0.0,,,,catalogusGG.pdf
1505,D02943,2943,Ventilatievoorzieningen,Renson VariaCoust ...,,,,,Samenvattend rapp...,34.9,37.9,34.8,43.9,48.8,51.6,True,,,,,,,,,15.3,20.1,42.2,0.0,0.0,,,,catalogusGG.pdf
1506,D02944,2944,Ventilatievoorzieningen,Renson VariaCoust ...,,,,,Samenvattend rapp...,35.8,37.3,32.3,40.3,44.4,49.3,True,,,,,,,,,13.3,22.7,39.7,0.0,0.0,,,,catalogusGG.pdf
1507,D02945,2945,Ventilatievoorzieningen,Renson VariaCoust ...,,,,,Samenvattend rapp...,36.2,36.9,30.7,38.3,41.9,48.0,True,,,,,,,,,12.3,26.6,38.1,0.0,0.0,,,,catalogusGG.pdf
1508,D02946,2946,Ventilatievoorzieningen,Renson VariaCoust ...,,,,,Samenvattend rapp...,32.7,37.6,39.0,47.4,54.0,57.4,True,,,,,,,,,16.0,13.4,44.7,0.0,0.0,,,,catalogusGG.pdf
1509,D02947,2947,Ventilatievoorzieningen,Renson VariaCoust ...,,,,,Samenvattend rapp...,32.7,37.1,37.0,45.9,51.2,55.7,True,,,,,,,,,16.4,19.7,43.5,0.0,0.0,,,,catalogusGG.pdf
1510,D02948,2948,Ventilatievoorzieningen,Renson VariaCoust ...,,,,,Samenvattend rapp...,34.2,37.6,35.0,44.5,47.4,53.7,True,,,,,,,,,15.7,22.4,42.2,0.0,0.0,,,,catalogusGG.pdf
1511,D02949,2949,Ventilatievoorzieningen,Renson VariaCoust ...,,,,,Samenvattend rapp...,34.2,36.4,33.2,40.9,44.4,50.8,True,,,,,,,,,14.4,26.3,40.2,0.0,0.0,,,,catalogusGG.pdf
1512,D02950,2950,Ventilatievoorzieningen,Renson VariaCoust ...,,,,,Samenvattend rapp...,30.5,37.6,41.3,51.9,55.8,59.2,True,,,,,,,,,16.2,13.1,45.1,0.0,0.0,,,,catalogusGG.pdf
1513,D02951,2951,Ventilatievoorzieningen,Duco DoorVent [1],,,,,PEUTZ A 1902-2 d....,37.6,36.6,35.6,30.7,28.5,35.7,True,,,,,,,,,-2.5,4.7,30.8,58.0,47.0,,,,catalogusGG.pdf
1514,D02952,2952,Ventilatievoorzieningen,Duco DucoLine 10 '...,,,,,Cauberg-Huygen 2...,24.6,26.4,28.0,30.0,24.7,29.4,True,,,,,,,,,-3.0,10.7,26.7,100.0,0.0,,,,catalogusGG.pdf
1515,D02953,2953,Ventilatievoorzieningen,Duco DucoLine 17 '...,,,,,Cauberg-Huygen 2...,22.0,24.7,27.4,28.5,24.7,28.3,True,,,,,,,,,-1.4,17.4,26.2,100.0,0.0,,,,catalogusGG.pdf
1516,D02954,2954,Ventilatievoorzieningen,Duco DucoLine 23 '...,,,,,Cauberg-Huygen 2...,20.9,23.9,26.9,28.1,24.5,26.3,True,,,,,,,,,-0.9,22.6,25.5,100.0,0.0,,,,catalogusGG.pdf
1517,D02955,2955,Ventilatievoorzieningen,Duco Silenzio 'ZR' [1],,,,,PEUTZ A 2311-1-R...,25.8,27.8,27.5,31.9,46.2,56.8,True,,,,,,,,,5.9,16.6,33.7,,,,,,catalogusGG.pdf
1518,D02956,2956,Ventilatievoorzieningen,Duco Silenzio 'ZR' A...,,,,,PEUTZ A 231-1-RA...,31.9,35.5,36.3,42.7,65.4,70.7,True,,,,,,,,,12.1,9.0,42.5,,,,,,catalogusGG.pdf
1519,D02957,2957,Ventilatievoorzieningen,Duco DucoTop 60 'Z...,,,,,PEUTZ A 2431-1-R...,30.9,29.9,29.0,22.4,24.3,29.8,True,,,,,,,,,-3.8,12.9,25.1,60.0,88.0,,,,catalogusGG.pdf
1520,D02958,2958,Ventilatievoorzieningen,Duco DucoTop 60 'Z...,,,,,PEUTZ A 2431-1-R...,29.6,30.3,28.4,22.9,24.7,27.7,True,,,,,,,,,-3.7,12.9,25.2,,,,,,catalogusGG.pdf
1521,D02959,2959,Ventilatievoorzieningen,Duco DucoTop 60 'Z...,,,,,PEUTZ A 2431-1-R...,28.8,30.5,28.5,23.5,25.7,27.7,True,,,,,,,,,-3.1,12.6,25.9,,,,,,catalogusGG.pdf
1522,D02960,2960,Ventilatievoorzieningen,Duco DucoTop 60 'Z...,,,,,PEUTZ A 2431-1-R...,29.4,30.4,28.1,23.4,26.5,28.5,True,,,,,,,,,-2.7,12.8,26.3,,,,,,catalogusGG.pdf
1523,D02961,2961,Ventilatievoorzieningen,Duco DucoTop 60 'Z...,,,,,PEUTZ A 2431-1-R...,29.9,30.3,28.2,24.0,26.2,28.7,True,,,,,,,,,-2.5,13.0,26.4,,,,,,catalogusGG.pdf
1524,D02962,2962,Ventilatievoorzieningen,Duco DucoTop 60 'Z...,,,,,PEUTZ A 2431-1-R...,29.0,31.2,27.8,24.3,26.7,29.4,True,,,,,,,,,-2.1,12.8,26.8,,,,,,catalogusGG.pdf
1525,D02963,2963,Ventilatievoorzieningen,Duco DucoTop 60 'Z...,,,,,PEUTZ A 2431-1-R...,29.4,31.5,29.0,22.4,25.9,34.2,True,,,,,,,,,-2.6,13.5,26.1,,,,,,catalogusGG.pdf
1526,D02964,2964,Ventilatievoorzieningen,Duco DucoTop 60 'Z...,,,,,PEUTZ A 2431-1-R...,29.8,32.2,30.0,23.8,27.6,34.9,True,,,,,,,,,-1.2,13.3,27.6,,,,,,catalogusGG.pdf
1527,D02965,2965,Ventilatievoorzieningen,Duco DucoTop 60 'Z...,,,,,PEUTZ A 2431-1-R...,30.0,32.4,30.1,24.2,28.9,35.7,True,,,,,,,,,-0.6,13.0,28.3,,,,,,catalogusGG.pdf
1528,D02966,2966,Ventilatievoorzieningen,Duco DucoTop 60 'Z...,,,,,PEUTZ A 2431-1-R...,30.8,33.3,30.3,25.5,30.7,38.0,True,,,,,,,,,0.9,13.1,29.7,,,,,,catalogusGG.pdf
1529,D02967,2967,Ventilatievoorzieningen,Duco DucoTop 60 'Z...,,,,,PEUTZ A 2431-1-R...,31.8,33.9,30.3,26.3,31.7,41.1,True,,,,,,,,,1.7,12.9,30.6,,,,,,catalogusGG.pdf
1530,D02968,2968,Ventilatievoorzieningen,Duco DucoTop 60 'Z...,,,,,PEUTZ A 2431-1-R...,31.5,33.8,29.7,26.5,31.6,39.4,True,,,,,,,,,1.5,12.6,30.5,,,,,,catalogusGG.pdf
1531,D02969,2969,Ventilatievoorzieningen,Duco DucoTop 60 'Z...,,,,,PEUTZ A 2431-1-R...,30.5,33.2,30.8,24.7,27.6,36.3,True,,,,,,,,,-2.4,8.9,28.1,60.0,88.0,,,,catalogusGG.pdf
1532,D02970,2970,Ventilatievoorzieningen,Duco DucoTop 60 'Z...,,,,,PEUTZ A 2431-1-R...,30.7,34.4,31.5,26.3,30.4,40.9,True,,,,,,,,,-0.6,8.3,30.2,,,,,,catalogusGG.pdf
1533,D02971,2971,Ventilatievoorzieningen,Duco DucoTop 60 'Z...,,,,,PEUTZ A 2431-1-R...,32.7,34.7,32.1,28.1,32.8,43.0,True,,,,,,,,,1.2,8.1,32.1,,,,,,catalogusGG.pdf
1534,D02972,2972,Ventilatievoorzieningen,Duco DucoTop 60 'Z...,,,,,PEUTZ A 2431-1-R...,33.1,35.0,31.7,29.2,33.1,41.9,True,,,,,,,,,1.8,8.1,32.7,,,,,,catalogusGG.pdf
1535,D02973,2973,Ventilatievoorzieningen,Duco DucoTop 60 'Z...,,,,,PEUTZ A 2431-1-R...,33.6,35.9,32.5,31.1,36.5,47.9,True,,,,,,,,,3.8,7.7,34.9,,,,,,catalogusGG.pdf
1536,D02974,2974,Ventilatievoorzieningen,Duco DucoTop 60 'Z...,,,,,PEUTZ A 2431-1-R...,33.6,36.8,33.7,32.4,38.8,49.3,True,,,,,,,,,5.4,7.9,36.4,,,,,,catalogusGG.pdf
1537,D02975,2975,Ventilatievoorzieningen,Duco RoofMax 'ZR' [1],,,,,Peutz BA 1944-2-R...,37.7,35.1,29.0,30.0,35.7,47.7,True,,,,,,,,,3.2,9.5,33.5,0.0,0.0,,,,catalogusGG.pdf
1538,D03131,3131,Ventilatievoorzieningen,Buva SusStream Ko...,,,,,Buva,31.0,39.2,42.9,55.6,65.6,63.1,True,,,,,,,,,16.8,11.1,46.3,,,,,,catalogusGG.pdf
1539,D03132,3132,Ventilatievoorzieningen,Buva SusStream Ko...,,,,,Buva,32.1,38.0,38.3,49.8,63.7,58.0,True,,,,,,,,,16.4,14.8,44.7,,,,,,catalogusGG.pdf
1540,D03133,3133,Ventilatievoorzieningen,Buva SusStream Ko...,,,,,Buva,34.3,37.2,35.3,43.1,57.6,53.9,True,,,,,,,,,15.8,20.5,42.6,,,,,,catalogusGG.pdf
1541,D03134,3134,Ventilatievoorzieningen,Buva SusStream Ko...,,,,,Buva,35.6,36.4,32.0,38.1,54.8,50.6,True,,,,,,,,,13.7,26.3,39.5,,,,,,catalogusGG.pdf
1542,D03142,3142,Ventilatievoorzieningen,Ventilatie RMG2012,,,,,Rekenmethode RM...,0.0,0.0,0.0,0.0,0.0,0.0,True,,,,,,,,,0.0,0.0,0.0,0.0,0.0,0.0,,,catalogusGG.pdf
1543,D03180,3180,Ventilatievoorzieningen,Duco DucoMax Cort...,,,,,Contactpersoon duc...,33.5,31.5,31.6,40.6,45.9,40.4,True,,,,,,,,,9.2,13.0,38.1,,,,,,catalogusGG.pdf
1544,D03181,3181,Ventilatievoorzieningen,Duco DucoMax Cort...,,,,,Contactpersoon duc...,30.9,29.2,28.9,35.0,40.1,37.9,True,,,,,,,,,7.9,20.7,34.8,,,,,,catalogusGG.pdf
1545,D03182,3182,Ventilatievoorzieningen,Duco DucoMax Cort...,,,,,Contactpersoon duc...,29.9,28.6,27.9,32.7,38.5,36.8,True,,,,,,,,,7.8,26.9,33.5,,,,,,catalogusGG.pdf
1546,D03183,3183,Ventilatievoorzieningen,Duco DucoMax Cort...,,,,,Contactpersoon duc...,29.4,28.0,27.3,31.8,37.0,35.2,True,,,,,,,,,7.6,32.0,32.6,,,,,,catalogusGG.pdf
1547,D03184,3184,Ventilatievoorzieningen,Duco DucoMax Med...,,,,,Contactpersoon duc...,33.2,32.5,31.2,42.8,48.5,45.9,True,,,,,,,,,9.4,11.2,38.9,,,,,,catalogusGG.pdf
1548,D03185,3185,Ventilatievoorzieningen,Duco DucoMax Med...,,,,,Contactpersoon duc...,31.5,30.7,28.4,37.2,42.6,43.3,True,,,,,,,,,8.3,17.7,35.8,,,,,,catalogusGG.pdf
1549,D03186,3186,Ventilatievoorzieningen,Duco DucoMax Med...,,,,,Contactpersoon duc...,30.7,29.1,26.8,35.6,40.8,41.6,True,,,,,,,,,8.3,25.6,34.2,,,,,,catalogusGG.pdf
1550,D03187,3187,Ventilatievoorzieningen,Duco DucoMax Med...,,,,,Contactpersoon duc...,29.9,28.6,26.2,33.7,38.6,39.8,True,,,,,,,,,8.1,30.8,33.2,,,,,,catalogusGG.pdf
1551,D03188,3188,Ventilatievoorzieningen,Duco DucoMax Alto ...,,,,,Contactpersoon duc...,36.9,32.4,30.7,44.8,52.3,50.2,True,,,,,,,,,9.9,11.9,39.1,,,,,,catalogusGG.pdf
1552,D03189,3189,Ventilatievoorzieningen,Duco DucoMax Alto ...,,,,,Contactpersoon duc...,34.8,30.7,28.6,39.1,45.9,47.1,True,,,,,,,,,9.1,17.5,36.6,,,,,,catalogusGG.pdf
1553,D03190,3190,Ventilatievoorzieningen,Duco DucoMax Alto ...,,,,,Contactpersoon duc...,33.4,30.2,27.2,36.7,43.5,44.5,True,,,,,,,,,9.4,26.3,35.2,,,,,,catalogusGG.pdf
1554,D03191,3191,Ventilatievoorzieningen,Duco DucoMax Alto ...,,,,,Contactpersoon duc...,32.3,29.7,26.2,35.1,41.0,42.1,True,,,,,,,,,8.7,29.7,34.0,,,,,,catalogusGG.pdf
1555,D03192,3192,Ventilatievoorzieningen,Duco DucoMax Larg...,,,,,Contactpersoon duc...,41.5,34.8,36.2,45.5,54.4,56.1,True,,,,,,,,,14.1,11.9,43.4,,,,,,catalogusGG.pdf
1556,D03193,3193,Ventilatievoorzieningen,Duco DucoMax Larg...,,,,,Contactpersoon duc...,38.4,32.2,31.5,39.0,45.6,48.6,True,,,,,,,,,11.2,17.9,38.6,,,,,,catalogusGG.pdf
1557,D03194,3194,Ventilatievoorzieningen,Duco DucoMax Larg...,,,,,Contactpersoon duc...,36.9,30.9,28.6,36.3,44.0,45.0,True,,,,,,,,,10.4,26.9,36.1,,,,,,catalogusGG.pdf
1558,D03195,3195,Ventilatievoorzieningen,Duco DucoMax Larg...,,,,,Contactpersoon duc...,36.7,30.8,28.1,34.0,39.3,41.9,True,,,,,,,,,9.4,28.9,34.8,,,,,,catalogusGG.pdf
1559,D03196,3196,Ventilatievoorzieningen,Duco DucoMax Cort...,,,,,Contactpersoon duc...,33.5,31.5,31.6,40.6,45.9,40.4,True,,,,,,,,,7.7,9.1,38.1,,,,,,catalogusGG.pdf
1560,D03197,3197,Ventilatievoorzieningen,Duco DucoMax Cort...,,,,,Contactpersoon duc...,30.9,29.2,28.9,35.0,40.1,37.9,True,,,,,,,,,6.4,14.5,34.8,,,,,,catalogusGG.pdf
1561,D03198,3198,Ventilatievoorzieningen,Duco DucoMax Cort...,,,,,Contactpersoon duc...,29.9,28.6,27.9,32.7,38.5,36.8,True,,,,,,,,,5.9,17.5,33.5,,,,,,catalogusGG.pdf
1562,D03199,3199,Ventilatievoorzieningen,Duco DucoMax Cort...,,,,,Contactpersoon duc...,29.4,28.0,27.3,31.8,37.0,35.2,True,,,,,,,,,5.7,20.8,32.6,,,,,,catalogusGG.pdf
1563,D03200,3200,Ventilatievoorzieningen,Duco DucoMax Med...,,,,,Contactpersoon duc...,33.2,32.5,31.2,42.8,48.5,45.9,True,,,,,,,,,7.8,7.8,38.9,,,,,,catalogusGG.pdf
1564,D03201,3201,Ventilatievoorzieningen,Duco DucoMax Med...,,,,,Contactpersoon duc...,31.5,30.7,28.4,37.2,42.6,43.3,True,,,,,,,,,6.8,12.4,35.8,,,,,,catalogusGG.pdf
1565,D03202,3202,Ventilatievoorzieningen,Duco DucoMax Med...,,,,,Contactpersoon duc...,30.7,29.1,26.8,35.6,40.8,41.6,True,,,,,,,,,6.6,17.2,34.2,,,,,,catalogusGG.pdf
1566,D03203,3203,Ventilatievoorzieningen,Duco DucoMax Med...,,,,,Contactpersoon duc...,29.9,28.6,26.2,33.7,38.6,39.8,True,,,,,,,,,6.2,20.0,33.2,,,,,,catalogusGG.pdf
1567,D03204,3204,Ventilatievoorzieningen,Duco DucoMax Alto ...,,,,,Contactpersoon duc...,36.9,32.4,30.7,44.8,52.3,50.2,True,,,,,,,,,8.3,8.3,39.1,,,,,,catalogusGG.pdf
1568,D03205,3205,Ventilatievoorzieningen,Duco DucoMax Alto ...,,,,,Contactpersoon duc...,34.8,30.7,28.6,39.1,45.9,47.1,True,,,,,,,,,7.5,12.3,36.6,,,,,,catalogusGG.pdf
1569,D03206,3206,Ventilatievoorzieningen,Duco DucoMax Alto ...,,,,,Contactpersoon duc...,33.4,30.2,27.2,36.7,43.5,44.5,True,,,,,,,,,7.5,17.1,35.2,,,,,,catalogusGG.pdf
1570,D03207,3207,Ventilatievoorzieningen,Duco DucoMax Alto ...,,,,,Contactpersoon duc...,32.3,29.7,26.2,35.1,41.0,42.1,True,,,,,,,,,6.8,19.3,34.0,,,,,,catalogusGG.pdf
1571,D03208,3208,Ventilatievoorzieningen,Duco DucoMax Larg...,,,,,Contactpersoon duc...,41.5,34.8,36.2,45.5,54.4,56.1,True,,,,,,,,,12.6,8.3,43.4,,,,,,catalogusGG.pdf
1572,D03209,3209,Ventilatievoorzieningen,Duco DucoMax Larg...,,,,,Contactpersoon duc...,38.4,32.2,31.5,39.0,45.6,48.6,True,,,,,,,,,9.6,12.5,38.6,,,,,,catalogusGG.pdf
1573,D03210,3210,Ventilatievoorzieningen,Duco DucoMax Larg...,,,,,Contactpersoon duc...,36.9,30.9,28.6,36.3,44.0,45.0,True,,,,,,,,,8.6,17.5,36.1,,,,,,catalogusGG.pdf
1574,D03211,3211,Ventilatievoorzieningen,Duco DucoMax Larg...,,,,,Contactpersoon duc...,36.7,30.8,28.1,34.0,39.3,41.9,True,,,,,,,,,7.5,18.8,34.8,,,,,,catalogusGG.pdf
1575,D03212,3212,Ventilatievoorzieningen,Duco SkyMax Corto ...,,,,,Contactpersoon Be...,33.5,31.5,31.6,40.6,45.9,40.4,True,,,,,,,,,9.2,13.0,38.1,,,,,,catalogusGG.pdf
1576,D03213,3213,Ventilatievoorzieningen,Duco SkyMax Corto ...,,,,,Contactpersoon Be...,30.9,29.2,28.9,35.0,40.1,37.9,True,,,,,,,,,7.9,20.7,34.8,,,,,,catalogusGG.pdf
1577,D03214,3214,Ventilatievoorzieningen,Duco SkyMax Corto ...,,,,,Contactpersoon Be...,29.9,28.6,27.9,32.7,38.5,36.8,True,,,,,,,,,7.8,26.9,33.5,,,,,,catalogusGG.pdf
1578,D03215,3215,Ventilatievoorzieningen,Duco SkyMax Corto ...,,,,,Contactpersoon Be...,29.4,28.0,27.3,31.8,37.0,35.2,True,,,,,,,,,7.6,32.0,32.6,,,,,,catalogusGG.pdf
1579,D03216,3216,Ventilatievoorzieningen,Duco SkyMax Medio...,,,,,Contactpersoon Be...,33.2,32.5,31.2,42.8,48.5,45.9,True,,,,,,,,,9.4,11.2,38.9,,,,,,catalogusGG.pdf
1580,D03217,3217,Ventilatievoorzieningen,Duco SkyMax Medio...,,,,,Contactpersoon Be...,31.5,30.7,28.4,37.2,42.6,43.3,True,,,,,,,,,8.3,17.7,35.8,,,,,,catalogusGG.pdf
1581,D03218,3218,Ventilatievoorzieningen,Duco SkyMax Medio...,,,,,Contactpersoon Be...,30.7,29.1,26.8,35.6,40.8,41.6,True,,,,,,,,,8.3,25.6,34.2,,,,,,catalogusGG.pdf
1582,D03219,3219,Ventilatievoorzieningen,Duco SkyMax Medio...,,,,,Contactpersoon Be...,29.9,28.6,26.2,33.7,38.6,39.8,True,,,,,,,,,8.1,30.8,33.2,,,,,,catalogusGG.pdf
1583,D03220,3220,Ventilatievoorzieningen,Duco SkyMax Alto 1...,,,,,Contactpersoon Be...,36.9,32.4,30.7,44.8,52.3,50.2,True,,,,,,,,,9.9,11.9,39.1,,,,,,catalogusGG.pdf
1584,D03221,3221,Ventilatievoorzieningen,Duco SkyMax Alto 1...,,,,,Contactpersoon Be...,34.8,30.7,28.6,39.1,45.9,47.1,True,,,,,,,,,9.1,17.5,36.6,,,,,,catalogusGG.pdf
1585,D03222,3222,Ventilatievoorzieningen,Duco SkyMax Alto 2...,,,,,Contactpersoon Be...,33.4,30.2,27.2,36.7,43.5,44.5,True,,,,,,,,,9.4,26.3,35.2,,,,,,catalogusGG.pdf
1586,D03223,3223,Ventilatievoorzieningen,Duco SkyMax Alto 2...,,,,,Contactpersoon Be...,32.3,29.7,26.2,35.1,41.0,42.1,True,,,,,,,,,8.7,29.7,34.0,,,,,,catalogusGG.pdf
1587,D03224,3224,Ventilatievoorzieningen,Duco SkyMax Largo...,,,,,Contactpersoon Be...,41.5,34.8,36.2,45.5,54.4,56.1,True,,,,,,,,,14.1,11.9,43.4,,,,,,catalogusGG.pdf
1588,D03225,3225,Ventilatievoorzieningen,Duco SkyMax Largo...,,,,,Contactpersoon Be...,38.4,32.2,31.5,39.0,45.6,48.6,True,,,,,,,,,11.2,17.9,38.6,,,,,,catalogusGG.pdf
1589,D03226,3226,Ventilatievoorzieningen,Duco SkyMax Largo...,,,,,Contactpersoon Be...,36.9,30.9,28.6,36.3,44.0,45.0,True,,,,,,,,,10.4,26.9,36.1,,,,,,catalogusGG.pdf
1590,D03227,3227,Ventilatievoorzieningen,Duco SkyMax Largo...,,,,,Contactpersoon Be...,36.7,30.8,28.1,34.0,39.3,41.9,True,,,,,,,,,9.4,28.9,34.8,,,,,,catalogusGG.pdf
1591,D03228,3228,Ventilatievoorzieningen,"Innoventus G2, 100...",,,,,Rapport Peutz A 13...,34.2,40.5,43.7,53.2,51.0,60.0,True,,,,,,,,,25.2,60.0,47.4,0.0,0.0,,,,catalogusGG.pdf
1592,D03229,3229,Ventilatievoorzieningen,"Innoventus G2, 120...",,,,,Rapport Peutz A 13...,33.2,38.3,39.5,48.6,49.2,57.0,True,,,,,,,,,23.2,68.0,44.8,0.0,0.0,,,,catalogusGG.pdf
1593,D03230,3230,Ventilatievoorzieningen,"Sonair F+, G2 [1]",,,,,Rapport Peutz A 13...,33.1,40.0,44.7,53.9,53.7,61.8,True,,,,,,,,,26.6,82.0,47.5,0.0,0.0,,,,catalogusGG.pdf
1594,D03231,3231,Ventilatievoorzieningen,"Sonair F+, F6 [1]",,,,,Rapport Peutz A 13...,32.0,40.1,45.7,56.3,53.8,55.4,True,,,,,,,,,24.4,53.0,47.1,0.0,0.0,,,,catalogusGG.pdf
1595,D03232,3232,Ventilatievoorzieningen,"Sonair A+, G2 [1]",,,,,Rapport Peutz A 13...,35.1,40.4,44.1,51.0,50.0,54.6,True,,,,,,,,,25.5,67.0,47.2,0.0,0.0,,,,catalogusGG.pdf
1596,D03233,3233,Ventilatievoorzieningen,"Sonair A+, F6 [1]",,,,,Rapport Peutz A 13...,34.4,40.4,44.8,52.5,50.2,51.8,True,,,,,,,,,24.1,50.0,47.1,0.0,0.0,,,,catalogusGG.pdf
1597,D03239,3239,Ventilatievoorzieningen,Renson Invisivent N...,,,,,VL132 - Invisivent E...,38.2,36.5,34.8,31.5,32.5,36.8,True,,,,,,,,,3.6,10.6,33.4,0.0,0.0,,,,catalogusGG.pdf
1598,D03240,3240,Ventilatievoorzieningen,Renson Invisivent N...,,,,,VL134 - Invisivent E...,42.3,39.8,36.9,34.9,37.1,43.6,True,,,,,,,,,6.1,7.3,37.5,0.0,0.0,,,,catalogusGG.pdf
1599,D03242,3242,Ventilatievoorzieningen,Duco GlasMax 'ZR' ...,glas,,,,Cauberg - Huygen ...,22.7,24.7,26.7,24.9,26.8,28.0,True,,,,,,,,,3.8,54.9,26.4,,,,,,catalogusGG.pdf
1600,D03243,3243,Ventilatievoorzieningen,Duco MiniMax 'ZR' 5...,,,,,Cauberg Huygen B...,20.8,23.8,22.9,29.8,34.9,35.7,True,,,,,,,,,6.1,49.6,29.2,,,,,,catalogusGG.pdf
1601,D03244,3244,Ventilatievoorzieningen,Duco FireMax EW 3...,,,,,Contactpersoon duc...,35.3,33.2,31.1,27.9,34.8,38.6,True,,,,,,,,,6.1,24.1,32.3,,,,,,catalogusGG.pdf
1602,D03245,3245,Ventilatievoorzieningen,Duco FireMax EW 3...,,,,,Contactpersoon duc...,22.7,24.7,26.7,24.9,26.8,28.0,True,,,,,,,,,0.9,28.6,26.4,,,,,,catalogusGG.pdf
1603,D03249,3249,Ventilatievoorzieningen,Duco DucoTwin 120 ...,,,,,PEUTZ A 2016-1-R...,30.1,29.9,27.9,29.5,33.6,33.0,True,,,,,,,,,7.7,43.2,31.3,,,,,,catalogusGG.pdf
1604,D03250,3250,Ventilatievoorzieningen,Duco DucoTwin 120 ...,,,,,PEUTZ A 2016-1-R...,30.0,29.2,25.7,27.7,36.2,33.4,True,,,,,,,,,6.9,43.2,30.5,,,,,,catalogusGG.pdf
1605,D03251,3251,Ventilatievoorzieningen,Duco DucoTwin 120 ...,,,,,PEUTZ A 2016-1-R...,29.7,29.4,26.0,28.9,35.8,33.1,True,,,,,,,,,7.3,43.2,31.0,,,,,,catalogusGG.pdf
1606,D03252,3252,Ventilatievoorzieningen,Duco DucoTwin 120 ...,,,,,PEUTZ A 2016-1-R...,29.4,29.6,26.2,30.1,38.8,37.7,True,,,,,,,,,8.6,43.2,32.3,,,,,,catalogusGG.pdf
1607,D03253,3253,Ventilatievoorzieningen,Duco DucoTwin 120 ...,,,,,PEUTZ A 2016-1-R...,28.9,30.4,27.5,33.4,40.4,41.6,True,,,,,,,,,10.6,43.2,34.2,,,,,,catalogusGG.pdf
1608,D03254,3254,Ventilatievoorzieningen,Duco DucoTwin 120 ...,,,,,PEUTZ A 2016-1-R...,30.1,30.2,28.8,30.4,34.4,37.5,True,,,,,,,,,7.4,30.8,32.5,,,,,,catalogusGG.pdf
1609,D03255,3255,Ventilatievoorzieningen,Duco DucoTwin 120 ...,,,,,PEUTZ A 2016-1-R...,29.8,29.3,27.0,28.4,36.8,39.4,True,,,,,,,,,6.7,30.8,31.8,,,,,,catalogusGG.pdf
1610,D03256,3256,Ventilatievoorzieningen,Duco DucoTwin 120 ...,,,,,PEUTZ A 2016-1-R...,30.5,30.9,28.5,31.8,41.1,46.1,True,,,,,,,,,9.4,30.8,34.5,,,,,,catalogusGG.pdf
1611,D03257,3257,Ventilatievoorzieningen,Duco DucoTwin 120 ...,,,,,PEUTZ A 2016-1-R...,29.0,30.5,29.0,33.5,43.2,47.6,True,,,,,,,,,10.2,30.8,35.3,,,,,,catalogusGG.pdf
1612,D03258,3258,Ventilatievoorzieningen,Duco DucoTwin 120 ...,,,,,PEUTZ A 2016-1-R...,29.3,31.5,31.1,36.0,46.5,52.8,True,,,,,,,,,12.2,30.8,37.3,,,,,,catalogusGG.pdf
1613,D03259,3259,Ventilatievoorzieningen,Duco Silenzio Retro ...,,,,,Eco-Scan A-2015_...,38.8,37.4,33.7,40.8,42.3,44.7,True,,,,,,,,,10.3,10.7,40.0,350.0,69.0,,,,catalogusGG.pdf
1614,D03264,3264,Ventilatievoorzieningen,Renson type AR90 [1],,,,,VL034 AR90 Van D...,28.6,28.9,29.2,29.0,25.5,33.2,True,,,,,,,,,-1.8,11.2,27.7,0.0,0.0,,,,catalogusGG.pdf
1615,D03266,3266,Ventilatievoorzieningen,Renson type Invisiv...,,,,,VL132 - Invisivent E...,38.2,36.5,34.8,31.5,32.5,36.8,True,,,,,,,,,3.6,10.6,33.4,0.0,0.0,,,,catalogusGG.pdf
1616,D03268,3268,Ventilatievoorzieningen,Renson type Invisiv...,,,,,VL140 - Invisivent E...,42.3,39.8,36.9,34.9,37.1,43.6,True,,,,,,,,,6.1,7.3,37.5,0.0,0.0,,,,catalogusGG.pdf
1617,D03276,3276,Ventilatievoorzieningen,Renson type Oxyve...,,,,,VL107 - THK170 - v...,33.6,29.3,25.0,20.5,25.6,36.7,True,,,,,,,,,-4.5,11.8,24.8,0.0,0.0,,,,catalogusGG.pdf
1618,D03277,3277,Ventilatievoorzieningen,Renson type Sonosl...,,,,,AC12-110 GB Sono...,52.7,46.6,37.9,34.4,38.2,43.3,True,,,,,,,,,-1.3,1.2,37.9,0.0,0.0,,,,catalogusGG.pdf
1619,D03278,3278,Ventilatievoorzieningen,Renson type Sonosl...,,,,,AC11-010 GB Sleuf...,38.2,40.5,42.8,40.5,35.7,39.5,True,,,,,,,,,-2.2,1.0,37.8,0.0,0.0,,,,catalogusGG.pdf
1620,D03279,3279,Ventilatievoorzieningen,Renson type Sonosl...,,,,,AC11-011 GB Sleufr...,43.5,42.0,40.5,39.1,34.7,38.2,True,,,,,,,,,-2.1,1.3,36.8,0.0,0.0,,,,catalogusGG.pdf
1621,D03280,3280,Ventilatievoorzieningen,Renson type Sonosl...,,,,,AC11-012 GB Sleuf...,46.4,43.6,38.9,38.0,34.0,36.6,True,,,,,,,,,-1.8,1.7,35.8,0.0,0.0,,,,catalogusGG.pdf
1622,D03281,3281,Ventilatievoorzieningen,Renson type Sonosl...,,,,,AC11-013 GB Sleuf...,44.4,41.7,37.1,36.3,32.5,34.9,True,,,,,,,,,-1.8,2.5,34.3,0.0,0.0,,,,catalogusGG.pdf
1623,D03282,3282,Ventilatievoorzieningen,Renson type THM90...,,,,,"VL022 TH90, THAK...",24.4,25.0,25.6,24.7,26.5,26.9,True,,,,,,,,,-4.4,9.3,26.0,0.0,0.0,,,,catalogusGG.pdf
1624,D03283,3283,Ventilatievoorzieningen,Acoustair AGV K ve...,,,,,Peutz Rapportnum...,34.5,39.6,35.0,42.8,44.3,46.6,True,,,,,,,,,11.2,9.5,41.4,,,,,,catalogusGG.pdf
1625,D03284,3284,Ventilatievoorzieningen,Acoustair AGV K zel...,,,,,Peutz Rapportnum...,34.4,37.5,32.8,42.0,40.9,47.3,True,,,,,,,,,11.7,17.1,39.4,,,,,,catalogusGG.pdf
1626,D03313,3313,Ventilatievoorzieningen,Renson VariaCoust ...,,,,,Samenvattend rapp...,41.9,38.9,29.1,32.9,38.6,42.1,True,,,,,,,,,6.8,14.4,35.2,0.0,0.0,,,,catalogusGG.pdf
1627,D03314,3314,Ventilatievoorzieningen,Renson VariaCoust ...,,,,,Samenvattend rapp...,41.2,38.1,27.7,31.9,37.5,41.0,True,,,,,,,,,7.3,21.3,34.0,0.0,0.0,,,,catalogusGG.pdf
1628,D03315,3315,Ventilatievoorzieningen,Renson VariaCoust ...,,,,,Samenvattend rapp...,42.3,37.7,26.9,28.5,34.1,39.6,True,,,,,,,,,5.4,23.7,31.7,0.0,0.0,,,,catalogusGG.pdf
1629,D03316,3316,Ventilatievoorzieningen,Renson VariaCoust ...,,,,,Samenvattend rapp...,41.8,36.9,26.3,27.2,32.6,38.7,True,,,,,,,,,5.0,27.5,30.6,0.0,0.0,,,,catalogusGG.pdf
1630,D03378,3378,Ventilatievoorzieningen,ClimaRad S-Fan qv...,,,,,Peutz Meetrapport ...,37.5,39.6,33.8,42.1,48.3,53.5,True,,,,,,,,,10.9,8.3,41.7,,,,,,catalogusGG.pdf
1631,D03379,3379,Ventilatievoorzieningen,ClimaRad S-Fan qv...,,,,,Peutz Meetrapport ...,37.5,39.6,33.8,42.1,48.3,53.5,True,,,,,,,,,13.9,16.7,41.7,,,,,,catalogusGG.pdf
1632,D03380,3380,Ventilatievoorzieningen,ClimaRad S-Fan qv...,,,,,Peutz Meetrapport ...,37.5,39.6,33.8,42.1,48.3,53.5,True,,,,,,,,,15.6,25.0,41.7,,,,,,catalogusGG.pdf
1633,D03381,3381,Ventilatievoorzieningen,ClimaRad S-Fan qv...,,,,,Peuts Meetrapport ...,37.5,39.6,33.8,42.1,48.3,53.5,True,,,,,,,,,16.9,33.3,41.7,,,,,,catalogusGG.pdf
1634,D03382,3382,Ventilatievoorzieningen,ClimaRad S-Fan qv...,,,,,Peutz Meetrapport ...,37.5,39.6,33.8,42.1,48.3,53.5,True,,,,,,,,,17.9,41.7,41.7,,,,,,catalogusGG.pdf
1635,D03389,3389,Ventilatievoorzieningen,Alara Lukagro buite...,,,,,Peutz Luchtgeluidis...,9.6,8.3,9.7,14.1,20.7,21.6,True,,,,,,,,,0.0,0.0,15.1,,,,,,catalogusGG.pdf
1636,D03390,3390,Ventilatievoorzieningen,Alara Lukagro buite...,,,,,Peutz Luchtgeluidis...,10.0,7.4,9.4,15.4,22.1,24.2,True,,,,,,,,,0.0,0.0,15.3,,,,,,catalogusGG.pdf
1637,D03391,3391,Ventilatievoorzieningen,Alara Lukagro buite...,,,,,Peutz Luchtgeluidis...,11.9,8.2,14.4,24.4,37.6,39.5,True,,,,,,,,,0.0,0.0,19.4,,,,,,catalogusGG.pdf
1638,D03392,3392,Ventilatievoorzieningen,Alara Lukagro buite...,,,,,Peutz Luchtgeluidis...,7.3,7.1,7.7,9.5,12.7,13.4,True,,,,,,,,,0.0,0.0,10.8,,,,,,catalogusGG.pdf
1639,D03490,3490,Ventilatievoorzieningen,Duco EasyFit 50 'ZR...,,,,,,24.5,26.8,29.1,23.6,26.0,29.9,True,,,,,,,,,-4.8,7.9,26.2,,,,,,catalogusGG.pdf
1640,D03493,3493,Ventilatievoorzieningen,"Renson VariaCoust ... -27,2",,,,,,0.0,0.0,0.0,0.0,0.0,0.0,True,,,,,,,,,,19.3,0.0,0.0,0.0,,,,catalogusGG.pdf
1641,D03494,3494,Ventilatievoorzieningen,"Renson VariaCoust ... -26,6",,,,,,0.0,0.0,0.0,0.0,0.0,0.0,True,,,,,,,,,,22.1,0.0,0.0,0.0,,,,catalogusGG.pdf
1642,D03495,3495,Ventilatievoorzieningen,"Renson VariaCoust ... -25,9",,,,,,0.0,0.0,0.0,0.0,0.0,0.0,True,,,,,,,,,,26.0,0.0,0.0,0.0,,,,catalogusGG.pdf
1643,D03496,3496,Ventilatievoorzieningen,Renson FireCatch 1...,,,,,finaal rapport FireC...,47.7,40.1,29.3,25.0,25.5,33.5,True,,,,,,,,,-1.5,14.0,27.0,0.0,0.0,,,,catalogusGG.pdf
1644,D03497,3497,Ventilatievoorzieningen,"Renson FireCatch 19 -27,2",,,,,finaal rapport FireC...,0.0,0.0,0.0,0.0,0.0,0.0,True,,,,,,,,,,19.0,0.0,0.0,0.0,,,,catalogusGG.pdf
1645,D03498,3498,Ventilatievoorzieningen,Renson Junior 150 ...,,,,,P050080-01-conce...,29.4,29.0,28.6,25.3,22.5,28.2,True,,,,,,,,,-4.7,11.7,24.7,0.0,0.0,,,,catalogusGG.pdf
1646,D03499,3499,Ventilatievoorzieningen,Renson MultiTop EP...,,,,,090416-145-R-HV-r...,47.5,42.7,33.7,33.2,30.5,30.7,True,,,,,,,,,4.8,21.2,31.5,0.0,0.0,,,,catalogusGG.pdf
1647,D03500,3500,Ventilatievoorzieningen,Renson MultiAir EP...,,,,,HO202-01 - definitief,30.6,29.3,28.0,26.4,24.4,31.0,True,,,,,,,,,-2.2,14.1,26.3,0.0,0.0,,,,catalogusGG.pdf
1648,D03501,3501,Ventilatievoorzieningen,Renson MultiAir EP...,,,,,HO202-01 - definitief,30.6,29.3,28.0,26.4,24.4,31.0,True,,,,,,,,,-1.1,18.0,26.3,0.0,0.0,,,,catalogusGG.pdf
1649,D03502,3502,Ventilatievoorzieningen,Renson MultiAir EP...,,,,,HO202-01 - definitief,30.6,29.3,28.0,26.4,24.4,31.0,True,,,,,,,,,-0.7,19.7,26.3,0.0,0.0,,,,catalogusGG.pdf
1650,D03503,3503,Ventilatievoorzieningen,Renson MultiAir EP...,,,,,HO202-01 - definitief,30.6,29.3,28.0,26.4,24.4,31.0,True,,,,,,,,,-2.2,14.1,26.3,0.0,0.0,,,,catalogusGG.pdf
1651,D03504,3504,Ventilatievoorzieningen,Renson MultiAir EP...,,,,,HO202-01 - definitief,30.6,29.3,28.0,26.4,24.4,31.0,True,,,,,,,,,-1.1,18.0,26.3,0.0,0.0,,,,catalogusGG.pdf
1652,D03505,3505,Ventilatievoorzieningen,Renson MultiAir EP...,,,,,HO202-01 - definitief,30.6,29.3,28.0,26.4,24.4,31.0,True,,,,,,,,,-0.7,19.7,26.3,0.0,0.0,,,,catalogusGG.pdf
1653,D03506,3506,Ventilatievoorzieningen,Renson FlexAir EPC...,,,,,R085025aaA4 em_...,27.4,27.5,27.6,24.5,22.5,25.5,True,,,,,,,,,-4.5,14.0,24.1,0.0,0.0,,,,catalogusGG.pdf
1654,D03507,3507,Ventilatievoorzieningen,Renson FlexAir EPC...,,,,,R085025aaA4 em_...,27.4,27.5,27.6,24.5,22.5,25.5,True,,,,,,,,,-3.4,18.0,24.1,0.0,0.0,,,,catalogusGG.pdf
1655,D03508,3508,Ventilatievoorzieningen,Renson FlexAir EPC...,,,,,R085025aaA4 em_...,27.4,27.5,27.6,24.5,22.5,25.5,True,,,,,,,,,-2.3,22.9,24.1,0.0,0.0,,,,catalogusGG.pdf
1656,D03509,3509,Ventilatievoorzieningen,Renson TC 60 [1],,,,,AC2002001 TC60 o...,25.4,26.2,25.4,27.9,27.9,27.9,True,,,,,,,,,-1.7,12.3,27.4,0.0,0.0,,,,catalogusGG.pdf
1657,D03510,3510,Ventilatievoorzieningen,Renson THK90 [1],,,,,"VL022 TH90, THAK...",26.4,26.1,25.5,25.5,31.1,28.9,True,,,,,,,,,-1.4,11.6,27.9,0.0,0.0,,,,catalogusGG.pdf
1658,D03511,3511,Ventilatievoorzieningen,Renson Invisivent N...,,,,,VL125 - Invisivent E...,28.2,28.3,28.4,27.6,24.8,26.8,True,,,,,,,,,-3.5,10.8,26.2,0.0,0.0,,,,catalogusGG.pdf
1659,D03512,3512,Ventilatievoorzieningen,Renson Invisivent N...,,,,,VL131 - Invisivent E...,28.8,29.9,31.0,26.9,23.8,30.5,True,,,,,,,,,-2.4,14.1,26.1,0.0,0.0,,,,catalogusGG.pdf
1660,D03513,3513,Ventilatievoorzieningen,Renson Invisivent N...,,,,,VL156 - Invisivent E...,53.2,47.3,37.5,35.5,43.3,54.6,True,,,,,,,,,7.7,5.5,40.3,0.0,0.0,,,,catalogusGG.pdf
1661,D03514,3514,Ventilatievoorzieningen,Renson Invisivent N...,,,,,VL132 - Invisivent E...,38.2,36.5,34.8,31.5,32.5,36.8,True,,,,,,,,,3.6,10.6,33.4,0.0,0.0,,,,catalogusGG.pdf
1662,D03515,3515,Ventilatievoorzieningen,Renson Invisivent N...,,,,,VL134 - Invisivent E...,42.3,39.8,36.9,34.9,37.1,43.6,True,,,,,,,,,6.1,7.3,37.5,0.0,0.0,,,,catalogusGG.pdf
1663,D03516,3516,Ventilatievoorzieningen,Renson Invisivent N...,,,,,VL156 - Invisivent E...,53.2,47.3,37.5,35.5,41.3,54.6,True,,,,,,,,,7.2,5.5,39.8,0.0,0.0,,,,catalogusGG.pdf
1664,D03517,3517,Ventilatievoorzieningen,Renson Invisivent AI...,,,,,VL183 - Renson Inv...,25.4,33.5,31.6,28.3,27.6,33.7,True,,,,,,,,,-0.6,10.6,29.1,0.0,0.0,,,,catalogusGG.pdf
1665,D03518,3518,Ventilatievoorzieningen,Renson Invisivent AI...,,,,,VL185 - Renson Inv...,25.7,36.0,33.7,28.9,32.8,42.6,True,,,,,,,,,2.7,10.6,32.4,0.0,0.0,,,,catalogusGG.pdf
1666,D03519,3519,Ventilatievoorzieningen,Renson Invisivent C...,,,,,VL187 - Renson Inv...,27.1,36.5,33.6,28.8,33.5,43.4,True,,,,,,,,,-2.0,3.4,32.7,0.0,0.0,,,,catalogusGG.pdf
1667,D03520,3520,Ventilatievoorzieningen,Renson Invisivent C...,,,,,VL189 - Renson Inv...,28.6,38.5,35.5,32.4,39.4,55.1,True,,,,,,,,,0.3,2.3,36.6,0.0,0.0,,,,catalogusGG.pdf
1668,D03521,3521,Ventilatievoorzieningen,Renson Invisivent C...,,,,,VL191 - Renson Inv...,28.7,39.1,36.1,34.6,44.5,61.6,True,,,,,,,,,1.5,1.9,38.7,0.0,0.0,,,,catalogusGG.pdf
1669,D03522,3522,Ventilatievoorzieningen,Renson Invisivent AI...,,,,,VL185 - Renson Inv...,25.7,36.0,33.7,28.9,32.8,42.6,True,,,,,,,,,2.6,10.4,32.4,0.0,0.0,,,,catalogusGG.pdf
1670,D03523,3523,Ventilatievoorzieningen,Renson Invisivent C...,,,,,VL187 - Renson Inv...,27.1,36.5,33.6,28.8,33.5,43.4,True,,,,,,,,,-2.4,3.1,32.7,0.0,0.0,,,,catalogusGG.pdf
1671,D03524,3524,Ventilatievoorzieningen,Renson Invisivent C...,,,,,VL189 - Renson Inv...,28.6,38.5,35.5,32.4,39.4,55.1,True,,,,,,,,,0.1,2.2,36.6,0.0,0.0,,,,catalogusGG.pdf
1672,D03525,3525,Ventilatievoorzieningen,Renson Invisivent C...,,,,,VL191 - Renson Inv...,28.7,39.1,36.1,34.6,44.5,61.6,True,,,,,,,,,1.3,1.8,38.7,0.0,0.0,,,,catalogusGG.pdf
1673,D03526,3526,Ventilatievoorzieningen,Duco FireMax EW 9...,,,,,Contactpersoon duc...,22.7,24.7,26.7,24.9,26.8,28.0,True,,,,,,,,,0.9,28.6,26.4,,,,,,catalogusGG.pdf
1674,D03527,3527,Ventilatievoorzieningen,Silenzio Retro met D...,,,,,Contactpersoon duc...,35.7,37.4,33.7,40.8,42.3,44.7,True,,,,,,,,,9.4,9.0,39.9,0.0,0.0,0.0,,,catalogusGG.pdf
1675,D03528,3528,Ventilatievoorzieningen,Silenzio Retro zond...,,,,,Contactpersoon duc...,35.7,37.4,33.7,40.8,42.3,44.7,True,,,,,,,,,10.2,10.7,39.9,0.0,0.0,0.0,,,catalogusGG.pdf
1676,D03529,3529,Ventilatievoorzieningen,Ducotop 50 'ZR' met...,,,,,Contactpersoon duc...,31.5,29.7,27.9,23.1,25.3,29.3,True,,,,,,,,,-3.3,12.6,25.7,0.0,0.0,0.0,,,catalogusGG.pdf
1677,D03530,3530,Ventilatievoorzieningen,Duco TronicTop 50 [1],,,,,Contactpersoon duc...,31.5,29.7,27.9,23.1,25.3,29.3,True,,,,,,,,,-2.6,14.8,25.7,0.0,0.0,0.0,,,catalogusGG.pdf
1678,D03531,3531,Ventilatievoorzieningen,DucoTon 10 'ZR' me...,,,,,Contactpersoon duc...,23.4,25.9,28.4,26.9,25.6,27.6,True,,,,,,,,,-4.1,8.7,26.5,0.0,0.0,0.0,,,catalogusGG.pdf
1679,D03532,3532,Ventilatievoorzieningen,DucoKlep 15 'ZR' m...,,,,,Contactpersoon duc...,22.8,24.2,25.6,24.9,23.3,25.7,True,,,,,,,,,-4.6,12.9,24.3,0.0,0.0,0.0,,,catalogusGG.pdf
1680,D03533,3533,Ventilatievoorzieningen,DucoLine 10 'ZR' m...,,,,,Contactpersoon duc...,24.6,26.4,28.0,30.0,24.7,29.4,True,,,,,,,,,-3.7,9.1,26.7,0.0,0.0,0.0,,,catalogusGG.pdf
1681,D03534,3534,Ventilatievoorzieningen,DucoLine 17 'ZR' m...,,,,,Contactpersoon duc...,22.0,24.7,27.4,28.5,24.7,28.3,True,,,,,,,,,-2.1,14.8,26.2,0.0,0.0,0.0,,,catalogusGG.pdf
1682,D03535,3535,Ventilatievoorzieningen,Ducoline 23 'ZR' me...,,,,,Contactpersoon duc...,20.9,23.9,26.9,28.1,24.5,26.3,True,,,,,,,,,-1.6,19.2,25.5,0.0,0.0,0.0,,,catalogusGG.pdf
1683,D03537,3537,Ventilatievoorzieningen,Duco TronicGlasma...,glas,,,,Contactpersoon duc...,36.3,33.7,31.1,28.6,39.2,46.4,True,,,,,,,,,5.7,15.9,33.7,0.0,0.0,0.0,,,catalogusGG.pdf
1684,D03538,3538,Ventilatievoorzieningen,Duco TronicGlasma...,glas,,,,Contactpersoon duc...,34.8,32.9,31.0,27.9,36.2,40.5,True,,,,,,,,,5.9,21.1,32.6,0.0,0.0,0.0,,,catalogusGG.pdf
1685,D03539,3539,Ventilatievoorzieningen,Duco TronicGlasma...,glas,,,,Contactpersoon duc...,35.3,33.2,31.1,27.9,24.8,28.6,True,,,,,,,,,0.6,24.1,26.8,0.0,0.0,0.0,,,catalogusGG.pdf
1686,D03540,3540,Ventilatievoorzieningen,Duco TronicGlasma...,glas,,,,Contactpersoon duc...,22.7,24.7,26.7,24.9,26.8,28.0,True,,,,,,,,,0.9,28.6,26.4,0.0,0.0,0.0,,,catalogusGG.pdf
1687,D03541,3541,Ventilatievoorzieningen,Duco TronicMinimax...,,,,,Contactpersoon duc...,21.0,24.4,23.5,31.2,33.9,35.0,True,,,,,,,,,2.5,19.6,29.5,0.0,0.0,0.0,,,catalogusGG.pdf
1688,D03542,3542,Ventilatievoorzieningen,Duco TronicMinimax...,,,,,Contactpersoon duc...,21.6,25.0,23.8,31.9,36.0,37.6,True,,,,,,,,,2.0,14.7,30.3,0.0,0.0,0.0,,,catalogusGG.pdf
1689,D03543,3543,Ventilatievoorzieningen,Duco TronicMinimax...,,,,,Contactpersoon duc...,20.8,23.8,22.9,29.8,34.9,35.7,True,,,,,,,,,2.9,23.7,29.2,0.0,0.0,0.0,,,catalogusGG.pdf
1690,D03544,3544,Ventilatievoorzieningen,Duco DucoTop 60 'Z...,,,,,Contactpersoon duc...,32.5,30.5,28.5,23.5,25.7,27.7,True,,,,,,,,,-3.0,12.8,25.9,0.0,0.0,0.0,,,catalogusGG.pdf
1691,D03545,3545,Ventilatievoorzieningen,Duco DucoTop 60 'Z...,,,,,Contactpersoon duc...,37.5,33.9,30.3,26.3,31.7,41.1,True,,,,,,,,,1.8,13.1,30.6,0.0,0.0,0.0,,,catalogusGG.pdf
1692,D03546,3546,Ventilatievoorzieningen,Duco DucoTop 60 'Z...,,,,,Contactpersoon duc...,39.0,36.8,33.7,32.4,38.8,49.3,True,,,,,,,,,5.6,8.1,36.5,0.0,0.0,0.0,,,catalogusGG.pdf
1693,D03547,3547,Ventilatievoorzieningen,Duco DucoTop 60 'Z...,,,,,Contactpersoon duc...,32.5,30.5,28.5,23.5,25.7,27.7,True,,,,,,,,,-3.0,12.9,25.9,0.0,0.0,0.0,,,catalogusGG.pdf
1694,D03548,3548,Ventilatievoorzieningen,Duco DucoTop 60 'Z...,,,,,Contactpersoon duc...,37.5,33.9,30.3,26.3,31.7,41.1,True,,,,,,,,,1.8,13.3,30.6,0.0,0.0,0.0,,,catalogusGG.pdf
1695,D03549,3549,Ventilatievoorzieningen,Duco DucoTop 60 'Z...,,,,,Contactpersoon duc...,39.0,36.8,33.7,32.4,38.8,49.3,True,,,,,,,,,5.7,8.3,36.5,0.0,0.0,0.0,,,catalogusGG.pdf
1696,D03550,3550,Ventilatievoorzieningen,Duco DucoTop 60 'Z...,,,,,Contactpersoon duc...,32.5,30.5,28.5,23.5,25.7,27.7,True,,,,,,,,,-3.0,12.9,25.9,0.0,0.0,0.0,,,catalogusGG.pdf
1697,D03551,3551,Ventilatievoorzieningen,Duco DucoTop 60 'Z...,,,,,Contactpersoon duc...,37.5,33.9,30.3,26.3,31.7,41.1,True,,,,,,,,,1.9,13.5,30.6,0.0,0.0,0.0,,,catalogusGG.pdf
1698,D03552,3552,Ventilatievoorzieningen,Duco Ducotop 60 'Z...,,,,,Contactpersoon duc...,39.0,36.8,33.7,32.4,38.8,49.3,True,,,,,,,,,6.0,8.9,36.5,0.0,0.0,0.0,,,catalogusGG.pdf
1699,D03553,3553,Ventilatievoorzieningen,Duco DucoTop 60 'Z...,,,,,Contactpersoon Bre...,32.5,30.5,28.5,23.5,25.7,27.7,True,,,,,,,,,-3.0,12.8,25.9,0.0,0.0,0.0,,,catalogusGG.pdf
1700,D03554,3554,Ventilatievoorzieningen,Duco DucoTop 60 'Z...,,,,,Contactpersoon Bre...,37.5,33.9,30.3,26.3,31.7,41.1,True,,,,,,,,,1.6,12.6,30.6,0.0,0.0,0.0,,,catalogusGG.pdf
1701,D03555,3555,Ventilatievoorzieningen,Duco DucoTop 60 'Z...,,,,,Contactpersoon Bre...,39.0,36.8,33.7,32.4,38.8,49.3,True,,,,,,,,,5.5,7.9,36.5,0.0,0.0,0.0,,,catalogusGG.pdf
1702,D03556,3556,Ventilatievoorzieningen,Duco DucoTop 60 'Z...,,,,,Contactpersoon Bre...,32.5,30.5,28.5,23.5,25.7,27.7,True,,,,,,,,,-3.0,13.0,25.9,0.0,0.0,0.0,,,catalogusGG.pdf
1703,D03557,3557,Ventilatievoorzieningen,Duco DucoTop 60 'Z...,,,,,Contactpersoon Bre...,37.5,33.9,30.3,26.3,31.7,41.1,True,,,,,,,,,1.7,12.9,30.6,0.0,0.0,0.0,,,catalogusGG.pdf
1704,D03558,3558,Ventilatievoorzieningen,Duco DucoTop 60 'Z...,,,,,Contactpersoon Bre...,39.0,36.8,33.7,32.4,38.8,49.3,True,,,,,,,,,5.4,7.7,36.5,0.0,0.0,0.0,,,catalogusGG.pdf
1705,D03559,3559,Ventilatievoorzieningen,Duco DucoTop 60 'Z...,,,,,Contactpersoon Bre...,32.5,30.5,28.5,23.5,25.7,27.7,True,,,,,,,,,-3.1,12.6,25.9,0.0,0.0,0.0,,,catalogusGG.pdf
1706,D03560,3560,Ventilatievoorzieningen,Duco DucoTop 60 'Z...,,,,,Contactpersoon Bre...,37.5,33.9,30.3,26.3,31.7,41.1,True,,,,,,,,,1.8,13.0,30.6,0.0,0.0,0.0,,,catalogusGG.pdf
1707,D03561,3561,Ventilatievoorzieningen,Duco DucoTop 60 'Z...,,,,,Contactpersoon Bre...,39.0,36.8,33.7,32.4,38.8,49.3,True,,,,,,,,,5.6,8.1,36.5,0.0,0.0,0.0,,,catalogusGG.pdf
1708,D03562,3562,Ventilatievoorzieningen,Duco TronicMax Cor...,,,,,Contactpersoon: Br...,33.5,31.5,31.6,40.6,45.9,40.4,True,,,,,,,,,9.2,13.0,38.1,0.0,0.0,0.0,,,catalogusGG.pdf
1709,D03563,3563,Ventilatievoorzieningen,Duco TronicMax Cor...,,,,,Contactpersoon: Br...,30.9,29.2,28.9,35.0,40.1,37.9,True,,,,,,,,,7.9,20.7,34.8,0.0,0.0,0.0,,,catalogusGG.pdf
1710,D03564,3564,Ventilatievoorzieningen,Duco TronicMax Cor...,,,,,Contactpersoon: Br...,29.9,28.6,27.9,32.7,38.5,36.8,True,,,,,,,,,7.8,26.9,33.5,0.0,0.0,0.0,,,catalogusGG.pdf
1711,D03565,3565,Ventilatievoorzieningen,Duco TronicMax Cor...,,,,,Contactpersoon: Br...,29.4,28.0,27.3,31.8,37.0,35.2,True,,,,,,,,,7.6,32.0,32.6,0.0,0.0,0.0,,,catalogusGG.pdf
1712,D03566,3566,Ventilatievoorzieningen,Duco TronicMax Me...,,,,,Contactpersoon: Br...,33.2,32.5,31.2,42.8,48.5,45.9,True,,,,,,,,,9.4,11.2,38.9,0.0,0.0,0.0,,,catalogusGG.pdf
1713,D03567,3567,Ventilatievoorzieningen,Duco TronicMax Me...,,,,,Contactpersoon: Br...,31.5,30.7,28.4,37.2,42.6,43.3,True,,,,,,,,,8.3,17.7,35.8,0.0,0.0,0.0,,,catalogusGG.pdf
1714,D03568,3568,Ventilatievoorzieningen,Duco TronicMax Me...,,,,,Contactpersoon: Br...,30.7,29.1,26.8,35.6,40.8,41.6,True,,,,,,,,,8.3,25.6,34.2,0.0,0.0,0.0,,,catalogusGG.pdf
1715,D03569,3569,Ventilatievoorzieningen,Duco TronicMax Me...,,,,,Contactpersoon: Br...,29.9,28.6,26.2,33.7,38.6,39.8,True,,,,,,,,,8.1,30.8,33.2,0.0,0.0,0.0,,,catalogusGG.pdf
1716,D03570,3570,Ventilatievoorzieningen,Duco TronicMax Alto...,,,,,Contactpersoon: Br...,36.9,32.4,30.7,44.8,52.3,50.2,True,,,,,,,,,9.9,11.9,39.1,0.0,0.0,0.0,,,catalogusGG.pdf
1717,D03571,3571,Ventilatievoorzieningen,Duco TronicMax Alto...,,,,,Contactpersoon: Br...,34.8,30.7,28.6,39.1,45.9,47.1,True,,,,,,,,,9.1,17.5,36.6,0.0,0.0,0.0,,,catalogusGG.pdf
1718,D03572,3572,Ventilatievoorzieningen,Duco TronicMax Alto...,,,,,Contactpersoon: Br...,33.4,30.2,27.2,36.7,43.5,44.5,True,,,,,,,,,9.4,26.3,35.2,0.0,0.0,0.0,,,catalogusGG.pdf
1719,D03573,3573,Ventilatievoorzieningen,Duco TronicMax Alto...,,,,,Contactpersoon: Br...,32.3,29.7,26.2,35.1,41.0,42.1,True,,,,,,,,,8.7,29.7,34.0,0.0,0.0,0.0,,,catalogusGG.pdf
1720,D03574,3574,Ventilatievoorzieningen,Duco TronicMax Lar...,,,,,Contactpersoon: Br...,41.5,34.8,36.2,45.5,54.4,56.1,True,,,,,,,,,14.1,11.9,43.4,0.0,0.0,0.0,,,catalogusGG.pdf
1721,D03575,3575,Ventilatievoorzieningen,Duco TronicMax Lar...,,,,,Contactpersoon: Br...,38.4,32.2,31.5,39.0,45.6,48.6,True,,,,,,,,,11.2,17.9,38.6,0.0,0.0,0.0,,,catalogusGG.pdf
1722,D03576,3576,Ventilatievoorzieningen,Duco TronicMax Lar...,,,,,Contactpersoon: Br...,36.9,30.9,28.6,36.3,44.0,45.0,True,,,,,,,,,10.4,26.9,36.1,0.0,0.0,0.0,,,catalogusGG.pdf
1723,D03577,3577,Ventilatievoorzieningen,Duco TronicMax Lar...,,,,,Contactpersoon: Br...,36.7,30.8,28.1,34.0,39.3,41.9,True,,,,,,,,,9.4,28.9,34.8,0.0,0.0,0.0,,,catalogusGG.pdf
1724,D03578,3578,Ventilatievoorzieningen,Duco TronicMax Cor...,,,,,Contactpersoon: Br...,33.5,31.5,31.6,40.6,45.9,40.4,True,,,,,,,,,7.7,9.1,38.1,0.0,0.0,0.0,,,catalogusGG.pdf
1725,D03579,3579,Ventilatievoorzieningen,Duco TronicMax Cor...,,,,,Contactpersoon: Br...,30.9,29.2,28.9,35.0,40.1,37.9,True,,,,,,,,,6.4,14.5,34.8,0.0,0.0,0.0,,,catalogusGG.pdf
1726,D03580,3580,Ventilatievoorzieningen,Duco TronicMax Cor...,,,,,Contactpersoon: Br...,29.9,28.6,27.9,32.7,38.5,36.8,True,,,,,,,,,5.9,17.5,33.5,0.0,0.0,0.0,,,catalogusGG.pdf
1727,D03581,3581,Ventilatievoorzieningen,Duco TronicMax Cor...,,,,,Contactpersoon: Br...,29.4,28.0,27.3,31.8,37.0,35.2,True,,,,,,,,,5.7,20.8,32.6,0.0,0.0,0.0,,,catalogusGG.pdf
1728,D03582,3582,Ventilatievoorzieningen,Duco TronicMax Me...,,,,,Contactpersoon: Br...,33.2,32.5,31.2,42.8,48.5,45.9,True,,,,,,,,,7.8,7.8,38.9,0.0,0.0,0.0,,,catalogusGG.pdf
1729,D03583,3583,Ventilatievoorzieningen,Duco TronicMax Me...,,,,,Contactpersoon: Br...,31.5,30.7,28.4,37.2,42.6,43.3,True,,,,,,,,,6.8,12.4,35.8,0.0,0.0,0.0,,,catalogusGG.pdf
1730,D03584,3584,Ventilatievoorzieningen,Duco TronicMax Me...,,,,,Contactpersoon: Br...,30.7,29.1,26.8,35.6,40.8,41.6,True,,,,,,,,,6.6,17.2,34.2,0.0,0.0,0.0,,,catalogusGG.pdf
1731,D03585,3585,Ventilatievoorzieningen,Duco TronicMax Me...,,,,,Contactpersoon: Br...,29.9,28.6,26.2,33.7,38.6,39.8,True,,,,,,,,,6.2,20.0,33.2,0.0,0.0,0.0,,,catalogusGG.pdf
1732,D03586,3586,Ventilatievoorzieningen,Duco TronicMax Alto...,,,,,Contactpersoon: Br...,36.9,32.4,30.7,44.8,52.3,50.2,True,,,,,,,,,8.3,8.3,39.1,0.0,0.0,0.0,,,catalogusGG.pdf
1733,D03587,3587,Ventilatievoorzieningen,Duco TronicMax Alto...,,,,,Contactpersoon: Br...,34.8,30.7,28.6,39.1,45.9,47.1,True,,,,,,,,,7.5,12.3,36.6,0.0,0.0,0.0,,,catalogusGG.pdf
1734,D03588,3588,Ventilatievoorzieningen,Duco TronicMax Alto...,,,,,Contactpersoon: Br...,33.4,30.2,27.0,36.7,43.5,44.5,True,,,,,,,,,7.4,17.1,35.0,0.0,0.0,0.0,,,catalogusGG.pdf
1735,D03589,3589,Ventilatievoorzieningen,Duco TronicMax Alto...,,,,,Contactpersoon: Br...,32.3,29.7,26.2,35.1,41.0,42.1,True,,,,,,,,,6.8,19.3,34.0,0.0,0.0,0.0,,,catalogusGG.pdf
1736,D03590,3590,Ventilatievoorzieningen,Duco TronicMax Lar...,,,,,Contactpersoon: Br...,41.5,34.8,36.2,45.5,54.4,56.1,True,,,,,,,,,12.6,8.3,43.4,0.0,0.0,0.0,,,catalogusGG.pdf
1737,D03591,3591,Ventilatievoorzieningen,Duco TronicMax Lar...,,,,,Contactpersoon: Br...,38.4,32.2,31.5,39.0,45.6,48.6,True,,,,,,,,,9.6,12.5,38.6,0.0,0.0,0.0,,,catalogusGG.pdf
1738,D03592,3592,Ventilatievoorzieningen,Duco TronicMax Lar...,,,,,Contactpersoon: Br...,36.9,30.9,28.6,36.3,44.0,45.0,True,,,,,,,,,8.6,17.5,36.1,0.0,0.0,0.0,,,catalogusGG.pdf
1739,D03593,3593,Ventilatievoorzieningen,Duco TronicMax Lar...,,,,,Contactpersoon: Br...,36.7,30.8,28.1,34.0,39.3,41.9,True,,,,,,,,,7.5,18.8,34.8,0.0,0.0,0.0,,,catalogusGG.pdf
1740,D03594,3594,Ventilatievoorzieningen,Duco DucoTop 60 'Z...,,,,,Contactpersoon: Br...,30.9,29.9,29.0,22.4,24.3,29.8,True,,,,,,,,,-4.5,11.0,25.1,0.0,0.0,0.0,,,catalogusGG.pdf
1741,D03595,3595,Ventilatievoorzieningen,Duco DucoTop 60 'Z...,,,,,Contactpersoon: Br...,29.6,30.3,28.4,22.9,24.7,27.7,True,,,,,,,,,-4.4,11.0,25.2,0.0,0.0,0.0,,,catalogusGG.pdf
1742,D03596,3596,Ventilatievoorzieningen,Duco DucoTop 60 'Z...,,,,,Contactpersoon: Br...,28.8,30.5,28.5,23.5,25.7,27.7,True,,,,,,,,,-3.8,10.7,25.9,0.0,0.0,0.0,,,catalogusGG.pdf
1743,D03597,3597,Ventilatievoorzieningen,Duco DucoTop 60 'Z...,,,,,Contactpersoon: Br...,29.4,30.4,28.1,23.4,26.5,28.5,True,,,,,,,,,-3.4,10.9,26.3,0.0,0.0,0.0,,,catalogusGG.pdf
1744,D03598,3598,Ventilatievoorzieningen,Duco DucoTop 60 'Z...,,,,,Contactpersoon: Br...,29.9,30.3,28.2,24.0,26.2,28.7,True,,,,,,,,,-3.2,11.1,26.4,0.0,0.0,0.0,,,catalogusGG.pdf
1745,D03599,3599,Ventilatievoorzieningen,Duco DucoTop 60 'Z...,,,,,Contactpersoon: Br...,29.0,31.2,27.8,24.3,26.7,29.4,True,,,,,,,,,-2.8,10.9,26.8,0.0,0.0,0.0,,,catalogusGG.pdf
1746,D03600,3600,Ventilatievoorzieningen,Duco DucoTop 60 'Z...,,,,,Contactpersoon: Br...,29.4,31.5,29.0,22.4,25.9,34.2,True,,,,,,,,,-3.3,11.5,26.1,0.0,0.0,0.0,,,catalogusGG.pdf
1747,D03601,3601,Ventilatievoorzieningen,Duco DucoTop 60 'Z...,,,,,Contactpersoon: Br...,29.8,32.2,30.0,23.8,27.6,34.9,True,,,,,,,,,-1.9,11.3,27.6,0.0,0.0,0.0,,,catalogusGG.pdf
1748,D03602,3602,Ventilatievoorzieningen,Duco DucoTop 60 'Z...,,,,,Contactpersoon: Br...,30.0,32.4,30.1,24.2,28.9,35.7,True,,,,,,,,,-1.2,11.1,28.3,0.0,0.0,0.0,,,catalogusGG.pdf
1749,D03603,3603,Ventilatievoorzieningen,Duco DucoTop 60 'Z...,,,,,Contactpersoon: Br...,30.8,33.3,30.3,25.5,30.7,38.0,True,,,,,,,,,0.2,11.1,29.7,0.0,0.0,0.0,,,catalogusGG.pdf
1750,D03604,3604,Ventilatievoorzieningen,Duco DucoTop 60 'Z...,,,,,Contactpersoon: Br...,31.8,33.9,30.3,26.3,31.7,41.1,True,,,,,,,,,1.0,11.0,30.6,0.0,0.0,0.0,,,catalogusGG.pdf
1751,D03605,3605,Ventilatievoorzieningen,Duco DucoTop 60 'Z...,,,,,Contactpersoon: Br...,31.5,33.8,29.7,26.5,31.6,39.4,True,,,,,,,,,0.8,10.7,30.5,0.0,0.0,0.0,,,catalogusGG.pdf
1752,D03606,3606,Ventilatievoorzieningen,Duco DucoTop 60 'Z...,,,,,Contactpersoon: Br...,30.5,33.2,30.8,24.7,27.6,36.3,True,,,,,,,,,-3.1,7.6,28.1,0.0,0.0,0.0,,,catalogusGG.pdf
1753,D03607,3607,Ventilatievoorzieningen,Duco DucoTop 60 'Z...,,,,,Contactpersoon: Br...,30.7,34.4,31.5,26.3,30.4,40.9,True,,,,,,,,,-1.3,7.1,30.2,0.0,0.0,0.0,,,catalogusGG.pdf
1754,D03608,3608,Ventilatievoorzieningen,Duco DucoTop 60 'Z...,,,,,Contactpersoon: Br...,32.7,34.7,32.1,28.1,32.8,43.0,True,,,,,,,,,0.5,6.9,32.1,0.0,0.0,0.0,,,catalogusGG.pdf
1755,D03609,3609,Ventilatievoorzieningen,Duco DucoTop 60 'Z...,,,,,Contactpersoon: Br...,33.1,35.0,31.7,29.2,33.1,41.9,True,,,,,,,,,1.1,6.9,32.7,0.0,0.0,0.0,,,catalogusGG.pdf
1756,D03610,3610,Ventilatievoorzieningen,Duco DucoTop 60 'Z...,,,,,Contactpersoon: Br...,33.6,35.9,32.5,31.1,36.5,47.9,True,,,,,,,,,3.1,6.5,34.9,0.0,0.0,0.0,,,catalogusGG.pdf
1757,D03611,3611,Ventilatievoorzieningen,Duco DucoTop 60 'Z...,,,,,Contactpersoon: Br...,33.6,36.8,33.7,32.4,38.8,49.3,True,,,,,,,,,4.7,6.7,36.4,0.0,0.0,0.0,,,catalogusGG.pdf
1758,D03612,3612,Ventilatievoorzieningen,Duco Twin 120 'ZR' ...,,,,,Contactpersoon Bre...,33.4,31.0,28.2,26.3,32.3,35.2,True,,,,,,,,,1.8,14.5,30.1,0.0,0.0,0.0,,,catalogusGG.pdf
1759,D03613,3613,Ventilatievoorzieningen,Duco Twin 120 'ZR' ...,,,,,Contactpersoon Bre...,33.0,31.1,28.1,27.4,33.5,35.5,True,,,,,,,,,2.6,14.5,30.9,0.0,0.0,0.0,,,catalogusGG.pdf
1760,D03614,3614,Ventilatievoorzieningen,Duco Twin 120 'ZR' ...,,,,,Contactpersoon Bre...,30.9,30.0,28.7,28.3,35.1,36.1,True,,,,,,,,,3.4,14.5,31.8,0.0,0.0,0.0,,,catalogusGG.pdf
1761,D03615,3615,Ventilatievoorzieningen,Duco Twin 120 'ZR' ...,,,,,Contactpersoon Bre...,30.8,30.6,29.7,30.3,37.5,39.6,True,,,,,,,,,5.2,14.5,33.6,0.0,0.0,0.0,,,catalogusGG.pdf
1762,D03616,3616,Ventilatievoorzieningen,Duco Twin 120 'ZR' ...,,,,,Contactpersoon Bre...,29.4,30.3,29.8,32.2,38.4,40.6,True,,,,,,,,,6.1,14.5,34.4,0.0,0.0,0.0,,,catalogusGG.pdf
1763,D03617,3617,Ventilatievoorzieningen,Duco Twin 120 'ZR' ...,,,,,Contactpersoon Bre...,31.4,31.0,28.8,30.2,40.5,45.0,True,,,,,,,,,4.6,11.7,33.9,0.0,0.0,0.0,,,catalogusGG.pdf
1764,D03618,3618,Ventilatievoorzieningen,Duco Twin 120 'ZR ...,,,,,Contactpersoon Bre...,30.1,30.4,29.7,31.1,37.3,42.7,True,,,,,,,,,4.6,11.7,34.0,0.0,0.0,0.0,,,catalogusGG.pdf
1765,D03619,3619,Ventilatievoorzieningen,Duco Twin 120 'ZR' ...,,,,,Contactpersoon Bre...,29.4,30.3,29.8,32.1,41.3,47.7,True,,,,,,,,,5.7,11.7,35.0,0.0,0.0,0.0,,,catalogusGG.pdf
1766,D03620,3620,Ventilatievoorzieningen,Tronictwin 120 AK C...,,,,,Contactpersoon Bre...,33.4,31.0,28.2,26.3,32.3,35.2,True,,,,,,,,,1.8,14.5,30.1,0.0,0.0,0.0,,,catalogusGG.pdf
1767,D03621,3621,Ventilatievoorzieningen,Tronictwin 120 AK B...,,,,,Contactpersoon Bre...,33.0,31.1,28.1,27.4,33.5,35.5,True,,,,,,,,,2.6,14.5,30.9,0.0,0.0,0.0,,,catalogusGG.pdf
1768,D03622,3622,Ventilatievoorzieningen,Tronictwin 120 AK M...,,,,,Contactpersoon Bre...,30.9,30.0,28.7,28.3,35.1,36.1,True,,,,,,,,,3.4,14.5,31.8,0.0,0.0,0.0,,,catalogusGG.pdf
1769,D03623,3623,Ventilatievoorzieningen,Tronictwin 120 AK Al...,,,,,Contactpersoon Bre...,30.8,30.6,29.7,30.3,37.5,39.6,True,,,,,,,,,5.2,14.5,33.6,0.0,0.0,0.0,,,catalogusGG.pdf
1770,D03624,3624,Ventilatievoorzieningen,Tronictwin 120 AK L...,,,,,Contactpersoon Bre...,29.4,30.3,29.8,32.2,38.4,40.6,True,,,,,,,,,6.1,14.5,34.4,0.0,0.0,0.0,,,catalogusGG.pdf
1771,D03625,3625,Ventilatievoorzieningen,Tronictwin 120 AK+ ...,,,,,Contactpersoon Bre...,31.4,31.0,28.8,30.2,40.5,45.0,True,,,,,,,,,4.6,11.7,33.9,0.0,0.0,0.0,,,catalogusGG.pdf
1772,D03626,3626,Ventilatievoorzieningen,Tronictwin 120 AK+ ...,,,,,Contactpersoon Bre...,30.1,30.4,29.7,31.1,37.3,42.7,True,,,,,,,,,4.6,11.7,34.0,0.0,0.0,0.0,,,catalogusGG.pdf
1773,D03627,3627,Ventilatievoorzieningen,Tronictwin 120 AK+ ...,,,,,Contactpersoon Bre...,29.4,30.3,29.8,32.1,41.3,47.7,True,,,,,,,,,5.7,11.7,35.0,0.0,0.0,0.0,,,catalogusGG.pdf
1774,D03628,3628,Ventilatievoorzieningen,Duco DucoMax 'ZR' ...,,,,,Contactpersoon Bre...,33.5,31.5,31.6,40.6,45.9,40.4,True,,,,,,,,,10.8,18.6,38.1,0.0,0.0,0.0,,,catalogusGG.pdf
1775,D03629,3629,Ventilatievoorzieningen,Duco DucoMax 'ZR' ...,,,,,Contactpersoon Bre...,30.9,29.2,28.9,35.0,40.1,37.9,True,,,,,,,,,10.1,34.3,34.8,0.0,0.0,0.0,,,catalogusGG.pdf
1776,D03630,3630,Ventilatievoorzieningen,Duco DucoMax 'ZR' ...,,,,,Contactpersoon Bre...,29.9,28.6,27.9,32.7,38.5,36.8,True,,,,,,,,,9.6,41.0,33.5,0.0,0.0,0.0,,,catalogusGG.pdf
1777,D03631,3631,Ventilatievoorzieningen,Duco DucoMax 'ZR' ...,,,,,Contactpersoon Bre...,29.4,28.0,27.3,31.8,37.0,35.2,True,,,,,,,,,10.7,65.9,32.6,0.0,0.0,0.0,,,catalogusGG.pdf
1778,D03632,3632,Ventilatievoorzieningen,Duco DucoMax 'ZR' ...,,,,,Contactpersoon Bre...,33.2,32.5,31.2,42.8,48.5,45.9,True,,,,,,,,,11.6,18.6,38.9,0.0,0.0,0.0,,,catalogusGG.pdf
1779,D03633,3633,Ventilatievoorzieningen,Duco DucoMax 'ZR' ...,,,,,Contactpersoon Bre...,31.5,30.7,28.4,37.2,42.6,43.3,True,,,,,,,,,11.2,34.3,35.8,0.0,0.0,0.0,,,catalogusGG.pdf
1780,D03634,3634,Ventilatievoorzieningen,Duco DucoMax 'ZR' ...,,,,,Contactpersoon Bre...,30.7,29.1,26.8,35.6,40.8,41.6,True,,,,,,,,,10.4,41.0,34.2,0.0,0.0,0.0,,,catalogusGG.pdf
1781,D03635,3635,Ventilatievoorzieningen,Duco DucoMax 'ZR' ...,,,,,Contactpersoon Bre...,29.9,28.6,26.2,33.7,38.6,39.8,True,,,,,,,,,11.4,65.9,33.2,0.0,0.0,0.0,,,catalogusGG.pdf
1782,D03636,3636,Ventilatievoorzieningen,Duco DucoMax 'ZR' ...,,,,,Contactpersoon Bre...,36.9,32.4,30.7,44.8,52.3,50.2,True,,,,,,,,,11.8,18.6,39.1,0.0,0.0,0.0,,,catalogusGG.pdf
1783,D03637,3637,Ventilatievoorzieningen,Duco DucoMax 'ZR' ...,,,,,Contactpersoon Bre...,34.8,30.7,28.6,39.1,45.9,47.1,True,,,,,,,,,12.0,34.3,36.6,0.0,0.0,0.0,,,catalogusGG.pdf
1784,D03638,3638,Ventilatievoorzieningen,Duco DucoMax 'ZR' ...,,,,,Contactpersoon Bre...,33.4,30.2,27.2,36.7,43.5,44.5,True,,,,,,,,,11.3,41.0,35.2,0.0,0.0,0.0,,,catalogusGG.pdf
1785,D03639,3639,Ventilatievoorzieningen,Duco DucoMax 'ZR' ...,,,,,Contactpersoon Bre...,32.3,29.7,26.2,35.1,41.0,42.1,True,,,,,,,,,12.2,65.9,34.0,0.0,0.0,0.0,,,catalogusGG.pdf
1786,D03640,3640,Ventilatievoorzieningen,Duco DucoMax 'ZR' ...,,,,,Contactpersoon Bre...,41.5,34.8,36.2,45.5,54.4,56.1,True,,,,,,,,,16.1,18.6,43.4,0.0,0.0,0.0,,,catalogusGG.pdf
1787,D03641,3641,Ventilatievoorzieningen,Duco DucoMax 'ZR' ...,,,,,Contactpersoon Bre...,38.4,32.2,31.5,39.0,45.6,48.6,True,,,,,,,,,14.0,34.3,38.6,0.0,0.0,0.0,,,catalogusGG.pdf
1788,D03642,3642,Ventilatievoorzieningen,Duco DucoMax 'ZR' ...,,,,,Contactpersoon Bre...,36.9,30.9,28.6,36.3,44.0,45.0,True,,,,,,,,,12.3,41.0,36.1,0.0,0.0,0.0,,,catalogusGG.pdf
1789,D03643,3643,Ventilatievoorzieningen,Duco DucoMax 'ZR' ...,,,,,Contactpersoon Bre...,36.7,30.8,28.1,34.0,39.3,41.9,True,,,,,,,,,13.0,65.9,34.8,0.0,0.0,0.0,,,catalogusGG.pdf
1790,D03644,3644,Ventilatievoorzieningen,Duco DucoTop 60 'Z...,,,,,Contactpersoon Bre...,32.5,30.5,28.5,23.5,25.7,27.7,True,,,,,,,,,-3.7,10.9,25.9,0.0,0.0,0.0,,,catalogusGG.pdf
1791,D03645,3645,Ventilatievoorzieningen,Duco DucoTop 60 'Z...,,,,,Contactpersoon Bre...,37.5,33.9,30.3,26.3,31.7,41.1,True,,,,,,,,,1.1,11.1,30.6,0.0,0.0,0.0,,,catalogusGG.pdf
1792,D03646,3646,Ventilatievoorzieningen,Duco DucoTop 60 'Z...,,,,,Contactpersoon Bre...,39.0,36.8,33.7,32.4,38.8,49.3,True,,,,,,,,,4.9,6.9,36.5,0.0,0.0,0.0,,,catalogusGG.pdf
1793,D03647,3647,Ventilatievoorzieningen,Duco DucoTop 60 'Z...,,,,,Contactpersoon Bre...,32.5,30.5,28.5,23.5,25.7,27.7,True,,,,,,,,,-3.7,11.0,25.9,0.0,0.0,0.0,,,catalogusGG.pdf
1794,D03648,3648,Ventilatievoorzieningen,Duco DucoTop 60 'Z...,,,,,Contactpersoon Bre...,37.5,33.9,30.3,26.3,31.7,41.1,True,,,,,,,,,1.1,11.3,30.6,0.0,0.0,0.0,,,catalogusGG.pdf
1795,D03649,3649,Ventilatievoorzieningen,Duco DucoTop 60 'Z...,,,,,Contactpersoon Bre...,39.0,36.8,33.7,32.4,38.8,49.3,True,,,,,,,,,5.0,7.1,36.5,0.0,0.0,0.0,,,catalogusGG.pdf
1796,D03650,3650,Ventilatievoorzieningen,Duco DucoTop 60 'Z...,,,,,Contactpersoon Bre...,32.5,30.5,28.5,23.5,25.7,27.7,True,,,,,,,,,-3.7,11.0,25.9,0.0,0.0,0.0,,,catalogusGG.pdf
1797,D03651,3651,Ventilatievoorzieningen,Duco DucoTop 60 'Z...,,,,,Contactpersoon Bre...,37.5,33.9,30.3,26.3,31.7,41.1,True,,,,,,,,,1.2,11.5,30.6,0.0,0.0,0.0,,,catalogusGG.pdf
1798,D03652,3652,Ventilatievoorzieningen,Duco DucoTop 60 'Z...,,,,,Contactpersoon Bre...,39.0,36.8,33.7,32.4,38.8,49.3,True,,,,,,,,,5.3,7.6,36.5,0.0,0.0,0.0,,,catalogusGG.pdf
1799,D03653,3653,Ventilatievoorzieningen,Duco DucoTop 60 'Z...,,,,,Contactpersoon Bre...,32.5,30.5,28.5,23.5,25.7,27.7,True,,,,,,,,,-3.7,10.9,25.9,0.0,0.0,0.0,,,catalogusGG.pdf
1800,D03654,3654,Ventilatievoorzieningen,Duco DucoTop 60 'Z...,,,,,Contactpersoon Bre...,37.5,33.9,30.3,26.3,31.7,41.1,True,,,,,,,,,0.9,10.7,30.6,0.0,0.0,0.0,,,catalogusGG.pdf
1801,D03655,3655,Ventilatievoorzieningen,Duco DucoTop 60 'Z...,,,,,Contactpersoon Bre...,39.0,36.8,33.7,32.4,38.8,49.3,True,,,,,,,,,4.8,6.7,36.5,0.0,0.0,0.0,,,catalogusGG.pdf
1802,D03656,3656,Ventilatievoorzieningen,Duco DucoTop 60 'Z...,,,,,Contactpersoon Bre...,32.5,30.5,28.5,23.5,25.7,27.7,True,,,,,,,,,-3.7,11.1,25.9,0.0,0.0,0.0,,,catalogusGG.pdf
1803,D03657,3657,Ventilatievoorzieningen,Duco DucoTop 60 'Z...,,,,,Contactpersoon Bre...,37.5,33.9,30.3,26.3,31.7,41.1,True,,,,,,,,,1.0,11.0,30.6,0.0,0.0,0.0,,,catalogusGG.pdf
1804,D03658,3658,Ventilatievoorzieningen,Duco DucoTop 60 'Z...,,,,,Contactpersoon Bre...,39.0,36.8,33.7,32.4,38.8,49.3,True,,,,,,,,,4.6,6.5,36.5,0.0,0.0,0.0,,,catalogusGG.pdf
1805,D03659,3659,Ventilatievoorzieningen,Duco DucoTop 60 'Z...,,,,,Contactpersoon Bre...,32.5,30.5,28.5,23.5,25.7,27.7,True,,,,,,,,,-3.8,10.7,25.9,0.0,0.0,0.0,,,catalogusGG.pdf
1806,D03660,3660,Ventilatievoorzieningen,Duco DucoTop 60 'Z...,,,,,Contactpersoon Bre...,37.5,33.9,30.3,26.3,31.7,41.1,True,,,,,,,,,1.1,11.1,30.6,0.0,0.0,0.0,,,catalogusGG.pdf
1807,D03661,3661,Ventilatievoorzieningen,Duco DucoTop 60 'Z...,,,,,Contactpersoon Bre...,39.0,36.8,33.7,32.4,38.8,49.3,True,,,,,,,,,4.9,6.9,36.5,0.0,0.0,0.0,,,catalogusGG.pdf
1808,D03662,3662,Ventilatievoorzieningen,Duco Twin 120 'ZR' ...,,,,,Contactpersoon Bre...,33.4,31.0,28.2,26.3,32.3,35.2,True,,,,,,,,,1.0,12.3,30.1,0.0,0.0,0.0,,,catalogusGG.pdf
1809,D03663,3663,Ventilatievoorzieningen,Duco Twin 120 'ZR' ...,,,,,Contactpersoon Bre...,33.0,31.1,28.1,27.4,33.5,35.5,True,,,,,,,,,1.8,12.3,30.9,0.0,0.0,0.0,,,catalogusGG.pdf
1810,D03664,3664,Ventilatievoorzieningen,Duco Twin 120 'ZR' ...,,,,,Contactpersoon Bre...,30.9,30.0,28.7,28.3,35.1,36.1,True,,,,,,,,,2.7,12.3,31.8,0.0,0.0,0.0,,,catalogusGG.pdf
1811,D03665,3665,Ventilatievoorzieningen,Duco Twin 120 'ZR' ...,,,,,Contactpersoon Bre...,30.8,30.6,29.7,30.3,37.5,39.6,True,,,,,,,,,4.5,12.3,33.6,0.0,0.0,0.0,,,catalogusGG.pdf
1812,D03666,3666,Ventilatievoorzieningen,Duco Twin 120 'ZR' ...,,,,,Contactpersoon Bre...,29.4,30.3,29.8,32.2,38.4,40.6,True,,,,,,,,,5.3,12.3,34.4,0.0,0.0,0.0,,,catalogusGG.pdf
1813,D03667,3667,Ventilatievoorzieningen,Duco Twin 120 'ZR' ...,,,,,Contactpersoon Bre...,31.4,31.0,28.8,30.2,40.5,45.0,True,,,,,,,,,3.8,9.9,33.9,0.0,0.0,0.0,,,catalogusGG.pdf
1814,D03668,3668,Ventilatievoorzieningen,Duco Twin 120 'ZR' ...,,,,,Contactpersoon Bre...,30.1,30.4,29.7,31.1,37.3,42.7,True,,,,,,,,,3.9,9.9,34.0,0.0,0.0,0.0,,,catalogusGG.pdf
1815,D03669,3669,Ventilatievoorzieningen,Duco Twin 120 'ZR' ...,,,,,Contactpersoon Bre...,29.4,30.3,29.8,32.1,41.3,47.7,True,,,,,,,,,4.9,9.9,35.0,0.0,0.0,0.0,,,catalogusGG.pdf
1816,D03670,3670,Ventilatievoorzieningen,TronicTwin 120 AK ...,,,,,Contactpersoon Bre...,33.4,31.0,28.2,26.3,32.3,35.2,True,,,,,,,,,1.0,12.3,30.1,0.0,0.0,0.0,,,catalogusGG.pdf
1817,D03671,3671,Ventilatievoorzieningen,TronicTwin 120 AK ...,,,,,Contactpersoon Bre...,33.5,31.1,28.2,26.3,32.3,35.2,True,,,,,,,,,1.0,12.3,30.1,0.0,0.0,0.0,,,catalogusGG.pdf
1818,D03672,3672,Ventilatievoorzieningen,TronicTwin 120 AK ...,,,,,Contactpersoon Bre...,30.9,30.0,28.7,28.3,35.1,36.1,True,,,,,,,,,2.7,12.3,31.8,0.0,0.0,0.0,,,catalogusGG.pdf
1819,D03673,3673,Ventilatievoorzieningen,TronicTwin 120 AK A...,,,,,Contactpersoon Bre...,30.8,30.6,29.7,30.3,37.5,39.6,True,,,,,,,,,4.5,12.3,33.6,0.0,0.0,0.0,,,catalogusGG.pdf
1820,D03674,3674,Ventilatievoorzieningen,TronicTwin 120 AK L...,,,,,Contactpersoon Bre...,29.4,30.3,29.8,32.2,38.4,40.6,True,,,,,,,,,5.3,12.3,34.4,0.0,0.0,0.0,,,catalogusGG.pdf
1821,D03675,3675,Ventilatievoorzieningen,TronicTwin 120 AK+ ...,,,,,Contactpersoon Bre...,31.4,31.0,28.8,30.2,40.5,45.0,True,,,,,,,,,3.8,9.9,33.9,0.0,0.0,0.0,,,catalogusGG.pdf
1822,D03676,3676,Ventilatievoorzieningen,TronicTwin 120 AK+ ...,,,,,Contactpersoon Bre...,30.1,30.4,29.7,31.1,37.3,42.7,True,,,,,,,,,3.9,9.9,34.0,0.0,0.0,0.0,,,catalogusGG.pdf
1823,D03677,3677,Ventilatievoorzieningen,TronicTwin 120 AK+ ...,,,,,Contactpersoon Bre...,29.4,30.3,29.8,32.1,41.3,47.7,True,,,,,,,,,4.9,9.9,35.0,0.0,0.0,0.0,,,catalogusGG.pdf
1824,D03678,3678,Ventilatievoorzieningen,Duco Twin 120 'ZR' ...,,,,,Contactpersoon Bre...,30.1,29.9,27.9,29.5,33.6,33.0,True,,,,,,,,,7.7,43.2,31.3,0.0,0.0,0.0,,,catalogusGG.pdf
1825,D03679,3679,Ventilatievoorzieningen,Duco Twin 120 'ZR' ...,,,,,Contactpersoon Bre...,29.9,29.2,25.7,27.7,36.2,33.4,True,,,,,,,,,6.9,43.2,30.5,0.0,0.0,0.0,,,catalogusGG.pdf
1826,D03680,3680,Ventilatievoorzieningen,Duco Twin 120 'ZR' ...,,,,,Contactpersoon Bre...,29.6,29.4,26.0,28.9,35.8,33.1,True,,,,,,,,,7.3,43.2,31.0,0.0,0.0,0.0,,,catalogusGG.pdf
1827,D03681,3681,Ventilatievoorzieningen,Duco Twin 120 'ZR' ...,,,,,Contactpersoon Bre...,29.4,29.6,26.2,30.1,38.8,37.7,True,,,,,,,,,8.6,43.2,32.3,0.0,0.0,0.0,,,catalogusGG.pdf
1828,D03682,3682,Ventilatievoorzieningen,Duco Twin 120 'ZR' ...,,,,,Contactpersoon Bre...,28.9,30.4,27.5,33.4,40.4,41.6,True,,,,,,,,,10.6,43.2,34.2,0.0,0.0,0.0,,,catalogusGG.pdf
1829,D03683,3683,Ventilatievoorzieningen,Duco Twin 120 'ZR' ...,,,,,Contactpersoon Bre...,30.1,30.2,28.8,30.4,34.4,37.5,True,,,,,,,,,7.4,30.8,32.5,0.0,0.0,0.0,,,catalogusGG.pdf
1830,D03684,3684,Ventilatievoorzieningen,Duco Twin 120 'ZR' ...,,,,,Contactpersoon Bre...,29.8,29.3,27.0,28.4,36.8,39.4,True,,,,,,,,,6.7,30.8,31.8,0.0,0.0,0.0,,,catalogusGG.pdf
1831,D03685,3685,Ventilatievoorzieningen,Duco Twin 120 'ZR' ...,,,,,Contactpersoon Bre...,30.4,30.9,28.5,31.8,41.1,46.1,True,,,,,,,,,9.4,30.8,34.5,0.0,0.0,0.0,,,catalogusGG.pdf
1832,D03686,3686,Ventilatievoorzieningen,Duco Twin 120 'ZR' ...,,,,,Contactpersoon Bre...,29.0,30.5,29.0,33.5,43.2,47.6,True,,,,,,,,,10.2,30.8,35.3,0.0,0.0,0.0,,,catalogusGG.pdf
1833,D03687,3687,Ventilatievoorzieningen,Duco Twin 120 'ZR' ...,,,,,Contactpersoon Bre...,29.3,31.5,31.1,36.0,46.5,52.8,True,,,,,,,,,12.2,30.8,37.3,0.0,0.0,0.0,,,catalogusGG.pdf
1834,D03688,3688,Ventilatievoorzieningen,TronicTwin 120 AK ...,,,,,Contactpersoon Bre...,30.1,29.9,27.9,29.5,33.6,33.0,True,,,,,,,,,7.7,43.2,31.3,0.0,0.0,0.0,,,catalogusGG.pdf
1835,D03689,3689,Ventilatievoorzieningen,TronicTwin 120 AK ...,,,,,Contactpersoon Bre...,29.9,29.2,25.7,27.7,36.2,33.4,True,,,,,,,,,6.9,43.2,30.5,0.0,0.0,0.0,,,catalogusGG.pdf
1836,D03690,3690,Ventilatievoorzieningen,TronicTwin 120 AK ...,,,,,Contactpersoon Bre...,29.6,29.4,26.0,28.9,35.8,33.1,True,,,,,,,,,7.3,43.2,31.0,0.0,0.0,0.0,,,catalogusGG.pdf
1837,D03691,3691,Ventilatievoorzieningen,TronicTwin 120 AK A...,,,,,Contactpersoon Bre...,29.4,29.6,26.2,30.1,38.8,37.7,True,,,,,,,,,8.6,43.2,32.3,0.0,0.0,0.0,,,catalogusGG.pdf
1838,D03692,3692,Ventilatievoorzieningen,TronicTwin 120 AK L...,,,,,Contactpersoon Bre...,28.9,30.4,27.5,33.4,40.4,41.6,True,,,,,,,,,10.6,43.2,34.2,0.0,0.0,0.0,,,catalogusGG.pdf
1839,D03693,3693,Ventilatievoorzieningen,"TronicTwin 120 AK+ ... -35,5",,,,,Contactpersoon Bre...,-2.0,0.2,28.8,30.4,34.4,37.5,True,,,,,,,,,,30.8,-10.4,0.0,0.0,0.0,,,catalogusGG.pdf
1840,D03694,3694,Ventilatievoorzieningen,TronicTwin 120 AK+ ...,,,,,Contactpersoon Bre...,29.8,29.3,27.0,28.4,36.8,39.4,True,,,,,,,,,6.7,30.8,31.8,0.0,0.0,0.0,,,catalogusGG.pdf
1841,D03695,3695,Ventilatievoorzieningen,TronicTwin 120 AK+ ...,,,,,Contactpersoon Bre...,30.4,30.9,28.5,31.8,41.1,46.1,True,,,,,,,,,9.4,30.8,34.5,0.0,0.0,0.0,,,catalogusGG.pdf
1842,D03696,3696,Ventilatievoorzieningen,TronicTwin 120 AK+ ...,,,,,Contactpersoon Bre...,29.0,30.5,29.0,33.5,43.2,47.6,True,,,,,,,,,10.2,30.8,35.3,0.0,0.0,0.0,,,catalogusGG.pdf
1843,D03697,3697,Ventilatievoorzieningen,TronicTwin 120 AK+ ...,,,,,Contactpersoon Bre...,29.3,31.5,31.1,36.0,46.5,52.8,True,,,,,,,,,12.2,30.8,37.3,0.0,0.0,0.0,,,catalogusGG.pdf
1844,D03748,3748,Ventilatievoorzieningen,Duco Glasvent AK,glas,,,,Daidalos Peutz A-2...,29.6,29.6,29.8,27.0,33.8,36.8,True,,,,,,,,,3.0,15.6,31.1,0.0,0.0,,,,catalogusGG.pdf
1845,D03749,3749,Ventilatievoorzieningen,Duco Glasvent AK+,glas,,,,Daidalos Peutz A-2...,29.9,30.1,30.3,27.6,33.4,37.7,True,,,,,,,,,1.7,10.7,31.4,0.0,0.0,,,,catalogusGG.pdf
1846,D00369,369,Ventilatievoorzieningen oud,Ventilatievoorzienin...,,,,0.0,Verkeerslawaai en ...,0.0,0.0,0.0,0.0,0.0,0.0,True,,,,,,,,,,,,999.0,0.0,1000.0,0.0,0.9999,catalogusGG.pdf
1847,D00398,398,Ventilatievoorzieningen oud,Ventilatierooster met...,,,,,Verkeerslawaai en ...,-3.0,-3.0,-3.0,-3.0,-3.0,-3.0,True,,,,,,,,,,,,999.0,0.0,1000.0,0.0,,catalogusGG.pdf
1848,D00531,531,Ventilatievoorzieningen oud,Climacoust S,,,,9.6,Verkeerslawaai en ...,0.0,2.0,4.0,9.0,21.0,29.0,True,...,,,,,,,,,,,700.0,70.0,,70.0,0.0094,catalogusGG.pdf
1849,D02016,2016,Ventilatievoorzieningen oud,Merford AKR 150 ge...,,,,8.9,Cauberg-Huygen'99...,2.7,4.6,4.4,8.4,11.4,12.8,True,en V...,,,,,,,,,,,,,,99.0,0.75,catalogusGG.pdf
1850,D02017,2017,Ventilatievoorzieningen oud,Merford AKR 300 ge...,,,,,Cauberg-Huygen'99...,1.6,5.4,6.5,13.0,19.3,22.7,True,en V...,,,,,,,,,,,,,,99.0,,catalogusGG.pdf
1851,D02018,2018,Ventilatievoorzieningen oud,Merford AKR 350 ge...,,,,,Cauberg-Huygen'99...,1.9,4.7,6.3,10.3,13.0,13.9,True,en V...,,,,,,,,,,,,,,99.0,,catalogusGG.pdf
1852,D02019,2019,Ventilatievoorzieningen oud,Merford AKR 500 ge...,,,,,Cauberg-Huygen'99...,-0.5,5.2,9.3,16.5,22.9,26.4,True,en V...,,,,,,,,,,,,,,99.0,,catalogusGG.pdf
1853,D02020,2020,Ventilatievoorzieningen oud,Merford AKR HMH g...,,,,,Cauberg-Huygen'99...,1.7,6.8,11.9,16.6,16.9,24.6,True,en V...,,,,,,,,,,,,,,99.0,,catalogusGG.pdf
1854,D02107,2107,Ventilatievoorzieningen oud,DHG Silenko Type D...,,,,,Peutzassocies'01 ra...,17.7,19.1,36.4,45.1,53.9,56.3,True,BV,,,,,,,,,,,,,,0.0,,catalogusGG.pdf
