index,material_no,name,category,glass_t1_mm,glass_cavity_mm,glass_t2_mm,spectrum_ok,R_125_Hz,R_250_Hz,R_500_Hz,R_1000_Hz,R_2000_Hz,R_4000_Hz
0,1,Glas 4-6-4 gasgevuld (GDG),GDG,4.0,6.0,4.0,True,22.0,21.0,26.0,40.0,37.0,30.0
1,2,Glas 4-6-6 gasgevuld (GDG),GDG,4.0,6.0,6.0,True,24.0,22.0,28.0,41.0,33.0,33.0
2,3,Glas 4-6-8 gasgevuld (GDG),GDG,4.0,6.0,8.0,True,24.0,22.0,30.0,39.0,32.0,33.0
3,4,Glas 4-12-4 gasgevuld (GDG),GDG,4.0,12.0,4.0,True,20.0,18.0,33.0,43.0,40.0,33.0
4,5,Glas 4-12-6 gasgevuld (GDG),GDG,4.0,12.0,6.0,True,21.0,18.0,35.0,44.0,37.0,37.0
5,6,Glas 4-12-8 gasgevuld (GDG),GDG,4.0,12.0,8.0,True,22.0,20.0,36.0,43.0,36.0,36.0
6,7,Glas 6-12-6 gasgevuld (GDG),GDG,6.0,12.0,6.0,True,22.0,21.0,37.0,43.0,31.0,37.0
7,8,Glas 4-16-4 gasgevuld (GDG),GDG,4.0,16.0,4.0,True,20.0,17.0,36.0,44.0,42.0,35.0
8,9,Glas 4-12-10 gasgevuld (GDG),GDG,4.0,12.0,10.0,True,23.0,22.0,37.0,39.0,34.0,37.0
9,10,Glas 6-12-8 gasgevuld (GDG),GDG,6.0,12.0,8.0,True,22.0,24.0,39.0,40.0,30.0,38.0
10,11,Glas 4-16-6 gasgevuld (GDG),GDG,4.0,16.0,6.0,True,21.0,22.0,38.0,45.0,39.0,39.0
11,12,Glas 6-12-10 gasgevuld (GDG),GDG,6.0,12.0,10.0,True,23.0,25.0,40.0,36.0,34.0,39.0
12,13,Glas 4-16-8 gasgevuld (GDG),GDG,4.0,16.0,8.0,True,21.0,24.0,39.0,44.0,37.0,38.0
13,14,Glas 6-16-6 gasgevuld (GDG),GDG,6.0,16.0,6.0,True,21.0,26.0,40.0,45.0,33.0,39.0
14,15,Glas 4-20-4 gasgevuld (GDG),GDG,4.0,20.0,4.0,True,20.0,22.0,38.0,45.0,43.0,36.0
15,16,Glas 6-12-12 gasgevuld (GDG),GDG,6.0,12.0,12.0,True,23.0,26.0,40.0,33.0,33.0,40.0
16,17,Glas 8-12-10 gasgevuld (GDG),GDG,8.0,12.0,10.0,True,23.0,27.0,41.0,34.0,31.0,41.0
17,18,Glas 4-16-10 gasgevuld (GDG),GDG,4.0,16.0,10.0,True,22.0,25.0,40.0,40.0,36.0,39.0
18,19,Glas 6-16-8 gasgevuld (GDG),GDG,6.0,16.0,8.0,True,22.0,27.0,41.0,41.0,32.0,40.0
19,20,Glas 4-20-6 gasgevuld (GDG),GDG,4.0,20.0,6.0,True,20.0,26.0,40.0,46.0,40.0,40.0
20,21,Glas 8-12-12 gasgevuld (GDG),GDG,8.0,12.0,12.0,True,23.0,28.0,41.0,33.0,33.0,42.0
21,22,Glas 6-16-10 gasgevuld (GDG),GDG,6.0,16.0,10.0,True,22.0,28.0,41.0,38.0,36.0,41.0
22,23,Glas 4-20-8 gasgevuld (GDG),GDG,4.0,20.0,8.0,True,21.0,27.0,41.0,45.0,38.0,39.0
23,24,Glas 6-20-6 gasgevuld (GDG),GDG,6.0,20.0,6.0,True,21.0,28.0,41.0,46.0,34.0,40.0
24,25,Glas 4-24-4 gasgevuld (GDG),GDG,4.0,24.0,4.0,True,20.0,26.0,40.0,46.0,44.0,37.0
25,26,Glas 6-16-12 gasgevuld (GDG),GDG,6.0,16.0,12.0,True,22.0,29.0,41.0,35.0,35.0,42.0
26,27,Glas 8-16-10 gasgevuld (GDG),GDG,8.0,16.0,10.0,True,22.0,30.0,42.0,35.0,32.0,42.0
27,28,Glas 4-20-10 gasgevuld (GDG),GDG,4.0,20.0,10.0,True,22.0,28.0,41.0,41.0,37.0,40.0
28,29,Glas 6-20-8 gasgevuld (GDG),GDG,6.0,20.0,8.0,True,21.0,29.0,42.0,42.0,33.0,41.0
29,30,Glas 4-24-6 gasgevuld (GDG),GDG,4.0,24.0,6.0,True,20.0,28.0,41.0,46.0,41.0,41.0
30,31,Glas 8-16-12 gasgevuld (GDG),GDG,8.0,16.0,12.0,True,23.0,31.0,42.0,35.0,35.0,43.0
31,32,Glas 6-20-10 gasgevuld (GDG),GDG,6.0,20.0,10.0,True,22.0,30.0,42.0,39.0,37.0,42.0
32,33,Glas 4-24-8 gasgevuld (GDG),GDG,4.0,24.0,8.0,True,21.0,29.0,41.0,46.0,39.0,40.0
33,34,Glas 6-24-6 gasgevuld (GDG),GDG,6.0,24.0,6.0,True,21.0,30.0,42.0,47.0,35.0,41.0
34,35,Glas 6-20-12 gasgevuld (GDG),GDG,6.0,20.0,12.0,True,22.0,31.0,42.0,36.0,36.0,43.0
35,36,Glas 8-20-10 gasgevuld (GDG),GDG,8.0,20.0,10.0,True,22.0,32.0,43.0,37.0,33.0,43.0
36,37,Glas 4-24-10 gasgevuld (GDG),GDG,4.0,24.0,10.0,True,21.0,29.0,42.0,42.0,38.0,41.0
37,38,Glas 6-24-8 gasgevuld (GDG),GDG,6.0,24.0,8.0,True,21.0,31.0,42.0,43.0,34.0,42.0
38,39,Glas 8-20-12 gasgevuld (GDG),GDG,8.0,20.0,12.0,True,23.0,33.0,43.0,36.0,36.0,44.0
39,40,Glas 6-24-10 gasgevuld (GDG),GDG,6.0,24.0,10.0,True,21.0,32.0,43.0,40.0,38.0,43.0
40,41,Glas 6-24-12 gasgevuld (GDG),GDG,6.0,24.0,12.0,True,22.0,33.0,43.0,37.0,37.0,44.0
41,42,Glas 8-24-10 gasgevuld (GDG),GDG,8.0,24.0,10.0,True,22.0,34.0,43.0,38.0,34.0,44.0
42,43,Glas 8-24-12 gasgevuld (GDG),GDG,8.0,24.0,12.0,True,23.0,35.0,44.0,37.0,37.0,45.0
43,44,Glas 4-12-4/1/4 pvb.luchtgevuld (GDL),GDL,4.0,12.0,4.0,True,23.0,22.0,30.0,36.0,39.0,39.0
44,45,Glas 8-12-4/1/4 pvb.luchtgevuld (GDL),GDL,8.0,12.0,4.0,True,24.0,25.0,32.0,35.0,38.0,43.0
45,46,Glas 6-16-4/1/4 pvb.luchtgevuld (GDL),GDL,6.0,16.0,4.0,True,23.0,25.0,33.0,37.0,40.0,43.0
46,47,Glas 8-16-4/1/4 pvb.luchtgevuld (GDL),GDL,8.0,16.0,4.0,True,24.0,26.0,34.0,36.0,39.0,44.0
47,48,Glas 6-20-6/1/6 pvb.luchtgevuld (GDL),GDL,6.0,20.0,6.0,True,25.0,27.0,35.0,39.0,39.0,46.0
48,49,Glas 8-16-5/2/5hars.luchtgevuld(GDL),GDL,8.0,16.0,5.0,True,26.0,28.0,37.0,40.0,41.0,46.0
49,50,Glas 8-20-6/2/6hars.luchtgevuld (GDL),GDL,8.0,20.0,6.0,True,27.0,30.0,39.0,41.0,42.0,48.0
50,51,Glas 4-12-4/1/4 pvb.gasgevuld (GDG),GDG,4.0,12.0,4.0,True,22.0,20.0,36.0,43.0,39.0,39.0
51,52,Glas 8-12-4/1/4 pvb.gasgevuld (GDG),GDG,8.0,12.0,4.0,True,23.0,26.0,40.0,37.0,38.0,43.0
52,53,Glas 6-16-4/1/4 pvb.gasgevuld (GDG),GDG,6.0,16.0,4.0,True,22.0,27.0,41.0,41.0,40.0,43.0
53,54,Glas 8-16-4/1/4 pvb.gasgevuld (GDG),GDG,8.0,16.0,4.0,True,22.0,29.0,41.0,38.0,39.0,44.0
54,55,Glas 6-20-6/1/6 pvb.gasgevuld (GDG),GDG,6.0,20.0,6.0,True,22.0,31.0,42.0,39.0,39.0,46.0
55,56,Glas 8-16-5/2/5hars.gasgevuld (GDG),GDG,8.0,16.0,5.0,True,24.0,31.0,44.0,43.0,41.0,46.0
56,57,Glas 8-20-6/2/6hars.gasgevuld (GDG),GDG,8.0,20.0,6.0,True,25.0,35.0,46.0,42.0,42.0,48.0
57,58,Glas 4/1/4-12-4/1/4 luchtgev.gelam. (GDL),GDL,4.0,1.0,4.0,True,24.0,25.0,32.0,35.0,41.0,46.0
58,59,Glas 4/1/4-16-4/1/4 luchtgev.gelam. (GDL),GDL,4.0,1.0,4.0,True,24.0,26.0,34.0,36.0,42.0,47.0
59,60,Glas 4/1/4-12-5/2/5 luchtgev..gelam. (GDL),GDL,4.0,1.0,4.0,True,26.0,27.0,35.0,39.0,42.0,0.0
60,61,Glas 4/1/4-20-6/2/6 luchtgev..gelam. (GDL),GDL,4.0,1.0,4.0,True,28.0,30.0,39.0,41.0,45.0,51.0
61,62,Glas 5/2/5-20-5/2/5 luchtgev..gelam. (GDL),GDL,5.0,2.0,5.0,True,29.0,32.0,41.0,45.0,47.0,52.0
62,63,Glas 4/1/4-12-4/1/4 gasgevuld gelam. (GDG),GDG,4.0,1.0,4.0,True,23.0,26.0,40.0,37.0,41.0,46.0
63,64,Glas 4/1/4-16-4/1/4 gasgevuldgelam. (GDG),GDG,4.0,1.0,4.0,True,22.0,29.0,41.0,38.0,42.0,47.0
64,65,Glas 4/1/4-12-5/2/5 gasgevuld.gelam.,,4.0,1.0,4.0,True,24.0,28.0,43.0,41.0,42.0,0.0
65,66,Glas 4/1/4-20-5/2/5 gasgevuld.gelam. (GDG),GDG,4.0,1.0,4.0,True,24.0,34.0,45.0,44.0,45.0,50.0
66,67,Glas 4/1/4-20-6/2/6 gasgevuld.gelam. (GDG),GDG,4.0,1.0,4.0,True,26.0,35.0,46.0,42.0,45.0,51.0
67,68,Glas 4-40-5/2/5 voorzetraam (GDR),GDR,4.0,40.0,5.0,True,24.0,31.0,39.0,46.0,47.0,48.0
68,69,Glas 4-40-6/2/6 voorzetraam (GDR),GDR,4.0,40.0,6.0,True,25.0,31.0,40.0,45.0,46.0,48.0
69,70,Glas 6-40-5/2/5 voorzetraam (GDR),GDR,6.0,40.0,5.0,True,25.0,32.0,41.0,46.0,46.0,50.0
70,71,Glas 6-40-6/2/6 voorzetraam (GDR),GDR,6.0,40.0,6.0,True,26.0,33.0,41.0,45.0,46.0,50.0
71,72,Glas 8-40-5/2/5 voorzetraam (GDR),GDR,8.0,40.0,5.0,True,26.0,33.0,42.0,45.0,46.0,51.0
72,73,Glas 8-40-6/2/6 voorzetraam (GDR),GDR,8.0,40.0,6.0,True,27.0,34.0,42.0,45.0,46.0,52.0
73,74,Glas 4-80-5/2/5 voorzetraam (GDR),GDR,4.0,80.0,5.0,True,26.0,35.0,43.0,50.0,50.0,51.0
74,75,Glas 4-80-6/2/6 voorzetraam (GDR),GDR,4.0,80.0,6.0,True,27.0,35.0,44.0,49.0,50.0,52.0
75,76,Glas 6-80-5/2/5 voorzetraam (GDR),GDR,6.0,80.0,5.0,True,28.0,36.0,45.0,49.0,50.0,53.0
76,77,Glas 6-80-6/2/6 voorzetraam (GDR),GDR,6.0,80.0,6.0,True,28.0,37.0,45.0,49.0,50.0,54.0
77,78,Glas 8-80-5/2/5 voorzetraam (GDR),GDR,8.0,80.0,5.0,True,29.0,37.0,45.0,49.0,50.0,55.0
78,79,Glas 8-80-6/2/6 voorzetraam (GDR),GDR,8.0,80.0,6.0,True,29.0,38.0,46.0,48.0,49.0,56.0
79,80,Glas 4-160-5/2/5 voorzetraam (GDR),GDR,4.0,160.0,5.0,True,30.0,38.0,47.0,53.0,54.0,55.0
80,81,Glas 4-160-6/2/6 voorzetraam (GDR),GDR,4.0,160.0,6.0,True,30.0,39.0,47.0,52.0,53.0,56.0
81,82,Glas 6-160-5/2/5 voorzetraam (GDR),GDR,6.0,160.0,5.0,True,31.0,40.0,48.0,53.0,54.0,57.0
82,83,Glas 6-160-6/2/6 voorzetraam (GDR),GDR,6.0,160.0,6.0,True,32.0,40.0,49.0,52.0,53.0,58.0
83,84,Glas 8-160-5/2/5 voorzetraam (GDR),GDR,8.0,160.0,5.0,True,32.0,41.0,49.0,53.0,53.0,59.0
84,85,Glas 8-160-6/2/6 voorzetraam (GDR),GDR,8.0,160.0,6.0,True,33.0,41.0,50.0,52.0,53.0,60.0
85,86,G-U Z 150,,,,,True,3.0,7.0,10.0,16.0,24.0,0.0
86,87,G-U Z 150 V,,,,,True,1.0,12.0,17.0,19.0,20.0,0.0
87,88,G-U N 100-13,,,,,True,2.4,1.6,13.7,16.6,12.3,13.3
88,89,G-U N 100-20,,,,,True,2.3,0.0,8.4,12.6,9.6,11.1
89,90,Acoustair AGN,,,,,True,4.0,2.0,12.0,13.0,18.0,0.0
90,91,Eland-Brandt 6.45 1 (39),,,,,True,3.0,3.0,10.0,19.0,28.0,0.0
91,92,Acoustair AGS,,,,,True,4.0,5.0,19.0,22.0,24.0,0.0
92,93,dB-norm GSK 125,,,,,True,-2.0,-4.0,1.0,15.0,22.0,0.0
93,94,Soundair enkele kast,,,,,True,0.0,-3.0,3.0,6.0,6.0,0.0
94,95,*Alusta Futura 300,,,,,True,2.0,4.0,9.0,12.0,22.0,27.0
95,96,*Alusta Futura 200,,,,,True,1.5,5.0,13.0,15.0,25.0,32.0
96,97,*Alusta Futura 100,,,,,True,1.0,8.0,19.0,22.0,30.0,38.0
97,98,*Alusta Futura 160-TEX,,,,,True,1.3,5.5,13.3,14.7,28.5,40.1
98,99,Buvalux types 24.3 en 26.43,,,,,True,5.7,7.3,15.9,19.0,26.1,30.4
99,100,Buvalux types 24.31 en 26.431,,,,,True,6.1,12.1,15.8,17.3,19.9,23.8
100,101,dB-norm GVK 75,,,,,True,-1.0,-4.0,0.0,14.0,22.0,0.0
101,102,dB-norm GVK 125,,,,,True,-1.0,-2.0,8.0,20.0,28.0,0.0
102,103,dB-norm GVK 175,,,,,True,-1.0,0.0,7.0,25.0,33.0,0.0
103,104,dB-norm GVK 225,,,,,True,-3.0,1.0,11.0,22.0,33.0,0.0
104,105,dB-norm GVK 275,,,,,True,-3.0,4.0,14.0,25.0,32.0,0.0
105,106,dB-norm GVK 200,,,,,True,-3.0,1.0,10.0,22.0,30.0,0.0
106,107,dB-norm GVK 275-S,,,,,True,0.0,8.0,16.0,27.0,34.0,0.0
107,108,dB-norm GVB 150.0.65,,,,,True,5.0,9.0,15.0,18.0,22.0,0.0
108,109,dB-norm GVB 150 1.0,,,,,True,6.0,13.0,22.0,28.0,35.0,0.0
109,110,Raam PH-1250  120 met suskast,,,,,True,21.0,28.0,35.0,42.0,41.0,0.0
110,111,Raam PH-1250  170 met suskast,,,,,True,24.0,33.0,40.0,43.0,43.0,0.0
111,112,SBH hor.type (bouwkundige suskast),,,,,True,4.0,6.0,9.0,9.0,12.0,0.0
112,113,SBV vert.type (bouwkundige suskast),,,,,True,-5.0,-1.0,8.0,12.0,19.0,0.0
113,114,Enkel glas  4 mm (GE 4),,,,,True,19.0,23.0,26.0,30.0,32.0,28.0
114,115,Enkel glas  6 mm (GE 6),,,,,True,21.0,25.0,28.0,31.0,27.0,34.0
115,116,Enkel glas  8 mm (GE 8),,,,,True,23.0,26.0,30.0,32.0,28.0,38.0
116,117,Enkel glas 12 mm (GE 12),,,,,True,25.0,28.0,31.0,27.0,34.0,44.0
117,118,Triplex 4  mm,,,,,True,3.0,9.0,12.0,18.0,26.0,0.0
118,119,Multiplex 18  mm [1],,,,,True,18.0,21.0,23.0,23.0,24.0,0.0
119,120,Meubelplaat 15  mm [1],,,,,True,15.0,20.0,24.0,27.0,25.0,0.0
120,121,Massief spaanplaat 40 mm [1],,,,,True,21.0,26.0,29.0,29.0,32.0,0.0
121,122,Aluminium 4  mm [1],,,,,True,12.0,17.0,23.0,28.0,29.0,0.0
122,123,Staalplaat 1  mm [1],,,,,True,11.0,17.0,22.0,27.0,23.0,0.0
123,124,Staalplaat 3  mm [1],,,,,True,19.0,24.0,30.0,36.0,40.0,0.0
124,125,Staalplaat 0.7  mm geprofileerd [1],,,,,True,10.0,16.0,19.0,21.0,24.0,0.0
125,126,Staalplaat 1  mm geprofileerd [1],,,,,True,14.0,16.0,20.0,25.0,29.0,0.0
126,127,Aluminium 1.5  mm geprofileerd,,,,,True,0.0,5.0,8.0,10.0,12.0,0.0
127,128,ME 1: Enkelvoudige steenachtige muur 100 kg/m2 [1],,,,,True,32.0,35.0,36.0,40.0,46.0,0.0
128,129,ME 2: Enkelvoudige steenachtige muur 200 kg/m2 [2],,,,,True,35.0,40.0,43.0,48.0,53.0,0.0
129,130,ME 3: Enkelvoudige steenachtige muur 400 kg/m2 [2],,,,,True,41.0,44.0,49.0,54.0,58.0,0.0
130,131,ME 4: Enkelvoudige steenachtige muur 600 kg/m2 [2],,,,,True,43.0,48.0,53.0,57.0,60.0,0.0
131,132,ME 5: Enkelvoudige steenachtige muur 100 kg/m2 met voorzetwand [1],,,,,True,33.0,40.0,46.0,51.0,57.0,0.0
132,133,MS 1: Steenachtige spouwmuur 100 kg/m2 [1],,,,,True,33.0,37.0,41.0,46.0,52.0,0.0
133,134,MS 2: Steenachtige spouwmuur 200 kg/m2 [2],,,,,True,37.0,41.0,46.0,52.0,59.0,0.0
134,135,MS 3: Steenachtige spouwmuur 400 kg/m2 [2],,,,,True,41.0,46.0,52.0,59.0,64.0,0.0
135,136,MS 4: Steenachtige spouwmuur 600 kg/m2 [2],,,,,True,43.0,50.0,57.0,62.0,66.0,0.0
136,137,MS 5: Metselwerk - isolatie - houten wand [2],,,,,True,36.0,42.0,47.0,53.0,60.0,0.0
137,138,Grindbeton 80 mm [2],,,,,True,34.0,39.0,43.0,48.0,52.0,0.0
138,139,Grindbeton 100 mm [2],,,,,True,36.0,40.0,44.0,49.0,54.0,0.0
139,140,Grindbeton 150 mm [2],,,,,True,39.0,43.0,47.0,52.0,57.0,0.0
140,141,Grindbeton 200 mm [2],,,,,True,40.0,44.0,49.0,54.0,58.0,0.0
141,142,Gasbeton. massief  90 mm [1],,,,,True,25.0,30.0,30.0,32.0,37.0,0.0
142,143,Gasbeton. massief 150 mm [1],,,,,True,30.0,30.0,32.0,37.0,45.0,0.0
143,144,PH 1250/40 schuifraam 5/40/5  mm,,,,,True,22.4,24.5,29.8,40.8,40.7,0.0
144,145,PH 1250/70 schuifraam 5/70/5  mm,,,,,True,23.8,31.0,38.5,47.0,44.8,0.0
145,146,PH 1250/70 +randabsorptie.schuifraam,,,,,True,24.9,33.2,40.4,49.0,43.6,0.0
146,147,PH 1250/70+randabs.kier.  schuifraam,,,,,True,12.4,14.1,20.7,30.5,30.9,0.0
147,148,PH 1250/120 schuifraam 5/120/5  mm,,,,,True,27.7,38.6,44.1,47.9,45.2,0.0
148,149,PH 1250/120+randabsorptie.schuifraam,,,,,True,28.7,40.0,45.2,49.2,47.3,0.0
149,150,PH 1250/170 schuifraam 5/170/5  mm,,,,,True,32.5,39.3,44.9,50.7,44.0,0.0
150,151,PH 1250/170+randabsorptie.schuifraam,,,,,True,34.3,41.2,48.7,52.8,48.6,0.0
151,152,PH 1250/70+randabs.tochtr. schuifraam,,,,,True,12.2,20.7,25.9,30.4,31.1,0.0
152,153,Wavira schuifraam (kunststof),,,,,True,21.8,28.9,35.5,39.7,37.5,0.0
153,154,Intal Doublet schuifraam (aluminium),,,,,True,18.0,24.0,32.0,36.0,42.0,46.0
154,155,Intal DUO dubbel schuifraam (alumi.),,,,,True,19.1,26.1,30.2,34.8,32.5,0.0
155,156,Intal DUO dubbel schuifraam (alumi.),,,,,True,20.6,28.5,32.1,35.2,32.2,0.0
156,157,Intal DUO dubbel+absorptie  schuifr.,,,,,True,20.4,27.7,32.3,37.8,36.3,0.0
157,158,3 resoplan/60 steenwol/3 resoplan [1],,,,,True,20.9,21.0,14.8,30.3,40.9,51.2
158,159,4 multiplex/15 PVC schuim/ 4 multipl [1],,,,,True,16.1,16.1,19.5,22.5,20.0,22.7
159,160,4 multipl./30 pvc-schuim/4 multipl. [1],,,,,True,14.6,16.9,21.3,20.9,24.0,28.9
160,161,3 resopl./50 steenw./3 resopl. [1],,,,,True,21.1,20.7,15.6,30.5,40.2,51.6
161,162,3 trespa/50 ps-schuim/3 trespa [1],,,,,True,19.1,20.2,22.2,18.5,31.2,53.0
162,163,4 montapl./40 ps-schuim/4 montapl. [1],,,,,True,16.8,17.5,22.6,26.4,20.0,30.0
163,164,3 resop./60 stw. houten k./3 resop. [1],,,,,True,21.7,22.9,16.9,30.1,40.5,50.5
164,165,4 eflex/45 steenw./4  mm glasal [1],,,,,True,22.6,22.3,17.1,37.0,44.1,45.8
165,166,4 montapl./50 pur-schuim/4 montapl. [1],,,,,True,17.0,18.6,23.4,28.4,21.7,28.6
166,167,4 eflex/60 steenw./4 glasal [1],,,,,True,23.7,19.8,18.1,35.5,46.7,49.3
167,168,3 trespa/80 steenw./3 trespa [1],,,,,True,18.7,14.2,26.4,40.8,55.3,63.1
168,169,3 trespa/40 steenw./3 trespa [1],,,,,True,17.7,14.2,28.3,41.6,53.8,62.1
169,170,3 trespa/ 40 ps-schuim/3 trespa [1],,,,,True,17.8,19.8,24.5,28.7,20.3,42.5
170,171,4 eflex/80 steenw./4 glasal [1],,,,,True,24.5,24.8,17.9,32.4,43.8,47.2
171,172,4 montapl./40 pur-schuim/4 montapl. [1],,,,,True,17.5,18.5,23.7,28.9,22.6,31.2
172,173,4 eflex/40 ps-schuim/4 glasal [1],,,,,True,20.4,23.1,26.8,20.1,43.0,42.4
173,174,3 trespa/60 steenw./3 trespa [1],,,,,True,16.3,15.4,29.0,41.2,56.0,63.1
174,175,3 resopl./80 steenw./3 resopl. [1],,,,,True,25.1,25.6,18.7,29.2,39.2,48.7
175,176,6 trespa/40 steenw./6 trespa [1],,,,,True,21.8,14.4,34.7,42.3,53.6,51.5
176,177,4 eflex/50 ps-schuim/4 glasal [1],,,,,True,21.7,23.9,27.9,20.8,37.5,42.8
177,178,8 montapl./40 ps-schuim/8 montapl. [1],,,,,True,20.1,21.5,26.1,25.8,22.2,27.3
178,179,6 trespa/40 ps-schuim/6 trespa [1],,,,,True,23.0,25.5,29.8,21.1,35.3,34.0
179,180,6 trespa/50 ps-schuim/6 trespa [1],,,,,True,23.1,25.1,29.0,21.3,38.7,35.2
180,181,3 trespa/30 pur-schuim/3 trespa [1],,,,,True,19.1,20.6,25.7,30.9,23.6,39.9
181,182,6 trespa/60 steenw./6 trespa [1],,,,,True,20.4,16.2,34.0,44.4,54.7,54.1
182,183,3 trespa/50 pur-schuim/3 trespa [1],,,,,True,20.1,21.0,26.6,30.9,23.7,45.0
183,184,8 montapl./40 pur-schuim/8 montapl. [1],,,,,True,20.1,22.0,27.1,31.6,22.9,27.6
184,185,3 trespa/40 pur-schuim/3 trespa [1],,,,,True,19.4,22.2,26.4,31.2,24.0,44.4
185,186,2 aluminium/40 steenw./2 aluminium [1],,,,,True,27.5,23.1,20.9,35.8,47.7,56.3
186,187,8 montapl./50 pur-schuim/8 montapl. [1],,,,,True,20.8,22.5,27.6,31.8,23.3,27.2
187,188,2*4 monta.(#)/50 pur-schuim/8 monta. [1],,,,,True,21.4,23.0,28.0,31.9,23.7,33.6
188,189,3.2 eflex/40 foamglas/3.2 eflex [1],,,,,True,20.8,22.0,25.3,28.3,35.3,41.5
189,190,4 eflex/50 pur-schuim/4 glasal [1],,,,,True,21.5,24.6,29.0,25.5,28.6,39.0
190,191,3.2 glasal/30 pur-schuim/3.2 glasal [1],,,,,True,20.8,24.0,28.9,33.4,23.7,34.1
191,192,3 trespa/50 kurk/3 trespa [1],,,,,True,21.7,23.7,27.9,25.6,35.5,45.9
192,193,4 montapl./45 kurk/4 montapl. [1],,,,,True,20.2,22.7,27.8,30.6,27.0,37.9
193,194,4 eflex/30 pur-schuim/4 glasal [1],,,,,True,20.1,24.4,29.4,33.4,24.1,34.9
194,195,2 staal/50 steenw./2 staal [1],,,,,True,26.4,17.6,39.3,46.7,57.1,60.8
195,196,4 eflex/40 pur-schuim/4 glasal [1],,,,,True,20.7,23.9,28.6,32.9,25.2,39.6
196,197,2 staal(#)/50 steenw./2 staal(#) [1],,,,,True,25.7,17.7,40.9,48.7,58.2,60.6
197,198,8 morgomat/40 steenwol/8 morgomat [1],,,,,True,25.3,19.1,27.8,42.2,51.0,51.1
198,199,6 trespa/40 pur-schuim/6 trespa [1],,,,,True,23.1,26.0,30.5,25.7,30.1,32.1
199,200,4 montapl./40 ps-schuim/18 montapl. [1],,,,,True,22.2,24.5,28.8,29.3,26.8,43.5
200,201,16 etersp./50 steenwol/16 etersp. [1],,,,,True,26.2,18.2,38.1,44.9,41.1,50.1
201,202,3.2 eflex/80 foamglas/3.2 eflex [1],,,,,True,19.0,23.3,26.9,33.5,40.5,43.1
202,203,3.2 glasal/65 kurk/3.2 glasal [1],,,,,True,22.5,26.2,30.3,25.1,37.1,40.7
203,204,3 trespa/60 geexp.kurk/3 trespa [1],,,,,True,22.2,24.9,28.8,27.7,31.6,44.4
204,205,4 eflex/60 kurk/4 eflex [1],,,,,True,23.5,25.6,28.7,26.6,35.1,39.3
205,206,.75 staal #/40 foamglas/.75 staal # [1],,,,,True,21.5,23.3,28.2,31.3,32.7,40.5
206,207,4 montapl./40 pur-schuim/18 montapl. [1],,,,,True,22.8,24.5,29.6,31.4,27.5,40.0
207,208,2 alu. #/65 kurk/2 alu. # [1],,,,,True,23.1,25.7,30.2,27.2,32.2,43.9
208,209,6 trespa/80 steenwol/6 trespa [1],,,,,True,17.4,22.6,33.2,48.1,58.9,60.0
209,210,2 alu. nat./80 foamglas/2 alu. nat. [1],,,,,True,21.9,24.4,27.1,31.1,36.2,43.8
210,211,8 montapl./50 steenwol#/8 montapl. [1],,,,,True,15.8,26.2,37.4,43.3,36.8,33.2
211,212,4 eflex/50 kurk/4 glasal [1],,,,,True,23.5,26.5,30.3,26.4,38.7,43.3
212,213,3 trespa/40 geexp.kurk/3 trespa [1],,,,,True,22.8,24.1,28.8,32.4,28.6,46.9
213,214,6 trespa/30 pur-schuim/6 trespa [1],,,,,True,23.0,26.5,31.0,35.0,25.1,29.4
214,215,9.5 gi.ka.p./40 foamgl./9.5 gi.ka.p. [1],,,,,True,23.4,24.9,28.9,28.5,35.4,41.8
215,216,2 alu. nat./40 foamglas/2 alu. nat. [1],,,,,True,22.5,23.9,28.7,31.5,32.4,40.3
216,217,2*4 montapl.#/50 steenw./8 montapl. [1],,,,,True,15.6,27.2,39.6,46.3,44.8,40.6
217,218,4 eflex/40 kurk/4 glasal [1],,,,,True,22.3,24.6,30.1,33.2,28.0,39.2
218,219,0.75 staal#/80 foamglas/0.75 staal# [1],,,,,True,22.0,23.8,27.9,32.6,38.6,43.1
219,220,4 montapl./50 pur-schuim/18 montapl. [1],,,,,True,23.2,25.5,30.0,31.2,28.4,43.9
220,221,9.5 gi.ka.p./80 foamgl./9.5 gi.ka.p. [1],,,,,True,22.8,25.0,26.7,32.4,39.9,43.6
221,222,6 trespa/50 pur-schuim/6 trespa [1],,,,,True,24.1,26.7,30.8,31.9,26.6,35.8
222,223,6 trespa/50 geexp.kurk/6 trespa [1],,,,,True,25.1,27.7,30.7,26.5,45.1,46.0
223,224,8 montapl./45 kurk/8 montapl. [1],,,,,True,22.9,25.5,30.3,31.0,29.2,36.9
224,225,2*4 montapl.#/45 kurk/8 montapl. [1],,,,,True,23.0,25.9,30.6,28.9,32.2,41.5
225,226,6 trespa/60 geexp.kurk/6 trespa [1],,,,,True,25.3,28.2,31.5,27.5,43.5,42.2
226,227,6 trespa/40 geexp.kurk/6 trespa [1],,,,,True,25.1,26.7,31.6,29.4,33.2,38.0
227,228,3.2 eflex#/80 foamglas/3.2 eflex# [1],,,,,True,22.9,26.1,28.3,34.3,40.2,43.3
228,229,2*4 monta.#/50 pur-schuim/18 monta. [1],,,,,True,24.3,26.9,31.1,32.5,29.5,47.1
229,230,3.2 eflex#/40 foamglas/3.2 eflex# [1],,,,,True,23.2,25.9,30.3,32.7,36.8,42.0
230,231,4 montapl./45 kurk/18 montapl. [1],,,,,True,24.2,27.2,31.8,31.6,32.4,46.7
231,232,1 sendz.v.st./80 f.g./1 sendz.v.st. [1],,,,,True,23.9,26.4,30.7,32.6,38.3,48.4
232,233,1 sendz.v.st./40 f.g./1 sendz.v.st. [1],,,,,True,24.7,26.2,31.1,35.0,36.8,43.9
233,234,2 staalpl.#/65 kurk/2 staalpl.# [1],,,,,True,28.6,31.9,33.6,28.8,53.6,55.1
234,235,6 eflex/40 foamglas/6 eflex [1],,,,,True,25.1,27.3,32.2,34.5,36.3,43.7
235,236,8 morgomat/40 pur-schuim/8 morgomat [1],,,,,True,30.9,31.4,34.1,29.1,46.7,49.3
236,237,6 eflex/80 foamglas/6 eflex [1],,,,,True,27.9,28.8,29.9,34.2,40.0,45.6
237,238,10 monta.#/50 pur-schuim/10 monta.# [1],,,,,True,26.3,31.4,36.1,31.1,33.1,38.9
238,239,2 staalp.#/30 pur-schuim/2 staalp.# [1],,,,,True,27.3,30.4,34.2,31.6,49.3,54.4
239,240,3 eternit#/12 lucht/5 eternit [1],,,,,True,23.3,29.7,32.7,41.1,43.0,46.1
240,241,10 monta.#/50 pur-schuim*/10 monta.# [1],,,,,True,27.0,31.4,34.4,32.5,40.1,43.6
241,242,10 montapl.#/45 kurk/10 montapl.# [1],,,,,True,28.2,32.0,34.8,31.6,46.3,45.4
242,243,10 montapl.#/45 kurk*/10 montapl.# [1],,,,,True,28.5,32.0,35.1,31.9,46.5,45.9
243,244,8 morgomat/30 pur-schuim/8 morgomat [1],,,,,True,30.4,31.5,35.4,37.9,32.0,39.9
244,245,8 morgomat/40 kurk/8 morgomat [1],,,,,True,32.0,31.9,34.1,32.9,47.4,48.1
245,246,10 monta.#/50 steenw.*/10 monta.# [1],,,,,True,21.0,39.8,44.8,51.1,42.2,44.5
246,247,2 sendz.v.st.#/40 f.g./2 sendz.v.st# [1],,,,,True,27.8,29.2,34.5,39.1,41.7,45.8
247,248,3 eternit#/12 lucht/5 eternit* [1],,,,,True,23.9,30.8,37.1,44.3,44.5,46.5
248,249,2 sendz.v.st./40 f.g./2 sendz.v.st. [1],,,,,True,28.8,30.2,35.5,38.4,40.9,50.2
249,250,2 sendz.v.st#/80 f.g./2 sendz.v.st# [1],,,,,True,29.0,30.6,34.5,40.0,45.3,47.3
250,251,10 montap.#/50 steenwol*/10 montap.# [1],,,,,True,23.5,38.8,42.8,47.5,35.9,36.2
251,252,2 sendz.v.st./80 f.g./2 sendz.v.st. [1],,,,,True,28.8,31.7,35.9,38.2,43.1,52.0
252,253,5 eternit#/12 lucht/5 eternit# [1],,,,,True,25.8,35.1,44.5,48.4,47.7,48.5
253,254,5 eternit #/12 lucht/9 gipsvezelpl.* [1],,,,,True,27.3,34.6,44.7,49.6,48.3,48.7
254,255,Dak:50 wol/gesloten plaat [1],,,,,True,26.5,30.5,41.5,49.5,58.0,60.0
255,256,Dak:50 wol/geperf 106.4 plaat [1],,,,,True,23.5,24.5,31.0,34.0,54.0,63.0
256,257,Dak:50 PS/geperf 106.3 plaat [1],,,,,True,25.5,23.0,23.5,30.0,45.0,61.0
257,258,Dak:50 PS/geperf 120.4 plaat [1],,,,,True,26.0,22.0,21.5,28.0,41.0,58.0
258,259,Dak:50 PS/geperf 120.3 plaat [1],,,,,True,26.0,24.0,23.5,31.5,44.0,61.0
259,260,Dubbele st.gevel.RT90 gesloten elem. [1],,,,,True,17.0,25.0,38.0,43.0,43.0,0.0
260,261,Dubbele st.gevel.RT145 gesloten elem [1],,,,,True,17.0,34.0,42.0,43.0,45.0,0.0
261,262,Dubbele st.gevel.RTL90 bi.doos perf. [1],,,,,True,13.0,17.0,25.0,37.0,39.0,0.0
262,263,Dubbele st.gevel.bi.plaat perfo3 [1],,,,,True,13.0,20.5,29.0,35.0,37.5,0.0
263,264,Dubbele st.gevel.BR65 bi.doos perf.1 [1],,,,,True,12.5,18.5,23.5,28.0,27.0,0.0
264,265,Altec type 135/15,,,,,True,2.1,0.7,12.0,18.2,14.9,17.7
265,266,Altec type 135/20,,,,,True,2.7,0.1,10.4,15.9,13.3,14.7
266,267,Altec type 195/20,,,,,True,3.3,3.6,14.9,13.5,15.1,15.2
267,268,Altec type 255/15,,,,,True,5.3,7.7,18.4,19.8,21.3,23.7
268,269,Altec type 255/20,,,,,True,5.0,5.9,16.9,16.0,19.4,22.9
269,270,Altec type 195/15,,,,,True,4.2,7.3,19.8,17.4,16.4,21.1
270,272,*Aralco type 1 jumbo binnen,,,,,True,2.4,-2.3,4.9,12.9,14.1,18.0
271,273,*Aralco type 1a jumbo verkleind,,,,,True,3.2,4.2,7.7,13.4,14.7,20.0
272,274,*Aralco type 2 jumbo buiten,,,,,True,2.5,-2.3,4.1,13.1,14.3,18.6
273,275,*Aralco type 3 jumbo dubbel,,,,,True,2.9,2.1,10.8,19.5,24.0,27.8
274,276,Acoustair type AGV,,,,,True,2.4,1.6,9.6,10.0,12.6,18.4
275,277,*Alusta MD16 kern 11 muurdemper,,,,,True,9.0,3.5,9.1,15.4,25.0,0.0
276,278,Alusta MD20 kern 11 muurdemper,,,,,True,5.5,2.3,7.4,13.3,15.5,0.0
277,279,Alusta MD20 kern 16 muurdemper,,,,,True,7.6,3.2,16.6,22.1,31.3,0.0
278,280,Alusta MD25 kern 16 muurdemper,,,,,True,4.0,2.1,11.2,12.7,16.0,0.0
279,281,Alusta MD25 kern 20 muurdemper,,,,,True,6.3,6.5,15.3,15.1,25.5,0.0
280,282,Uitzetr.type A1.kit1.glas 4-10-4,,4.0,10.0,4.0,True,19.0,19.0,21.0,22.0,27.0,29.0
281,283,Uitzetr.type A1.kit2. glas 4-10-4,,4.0,10.0,4.0,True,20.0,19.0,21.0,22.0,26.0,29.0
282,284,Uitzetr.type A1.afgepl.. glas 4-10-4,,4.0,10.0,4.0,True,20.0,19.0,21.0,22.0,28.0,29.0
283,285,Tuimelr.type A2.kit. glas 3-30-4,,3.0,30.0,4.0,True,15.0,25.0,28.0,24.0,28.0,24.0
284,286,Tuimelr.type A2.afgepl.. glas 3-30-4,,3.0,30.0,4.0,True,14.0,26.0,31.0,33.0,37.0,37.0
285,287,Tuimelr.type B1.kit. glas 3-9-3,,3.0,9.0,3.0,True,22.0,20.0,24.0,29.0,30.0,31.0
286,288,Tuimelr.type B1.afgepl.. glas 3-9-3,,3.0,9.0,3.0,True,19.0,16.0,15.0,18.0,20.0,26.0
287,289,Tuimelr.type B1.afg+dicht glas 3-9-3,,3.0,9.0,3.0,True,22.0,21.0,24.0,30.0,34.0,32.0
288,290,Uitz-tuimel type B2. glas 3-9-4 [1],,3.0,9.0,4.0,True,19.0,20.0,22.0,24.0,32.0,31.0
289,291,Tuimelr.type B3. glas 2-12-3,,2.0,12.0,3.0,True,20.0,20.0,22.0,23.0,24.0,25.0
290,292,Tuimelr. C1.kit.  glas 3-12-3-12-3,,3.0,12.0,3.0,True,18.0,21.0,25.0,31.0,35.0,33.0
291,293,Tuimelr. C1.afgepl. glas 3-12-3-12-3,,3.0,12.0,3.0,True,18.0,21.0,26.0,32.0,35.0,32.0
292,294,Tuimelr.C2.dicht.  glas 3-9-3-85-4,,3.0,9.0,3.0,True,30.0,35.0,36.0,38.0,43.0,43.0
293,295,Plat dak DP1: hout en isolatie [1],,,,,True,16.0,25.0,26.0,24.0,30.0,0.0
294,296,Plat dak DP2: hout/isolatie/grind [1],,,,,True,21.0,27.0,27.0,29.0,34.0,0.0
295,297,Plat dak DP3: hout/isolatie/spouw [1],,,,,True,22.0,24.0,29.0,39.0,47.0,0.0
296,298,Plat dak DP4: hout/iso./spouw/grind [1],,,,,True,25.0,27.0,32.0,42.0,50.0,0.0
297,299,Plat dak DP5: beton(100 mm)/isolatie [2],,,,,True,36.0,39.0,44.0,50.0,55.0,0.0
298,300,Plat dak DP6: lichtbeton (150 mm) [1],,,,,True,33.0,35.0,36.0,41.0,47.0,0.0
299,301,Plat dak DP7: lichtbeton (300 mm) [2],,,,,True,35.0,38.0,42.0,48.0,53.0,0.0
300,302,Pannendak DH1: kierdicht dakbeschot [1],,,,,True,20.0,20.0,26.0,33.0,40.0,0.0
301,303,Pannendak DH2:geiso.dakplaten pur/ps [1],,,,,True,20.0,20.0,28.0,34.0,40.0,0.0
302,304,Pannendak DH3: geisoleerde dakplaten [1],,,,,True,17.0,22.0,29.0,38.0,42.0,0.0
303,305,Pannendak DH4: dakbeschot + min.wol [1],,,,,True,21.0,26.0,37.0,40.0,44.0,0.0
304,306,Pannendak DH5a: dakbeschot + min.wol [1],,,,,True,15.0,28.0,38.0,43.0,46.0,0.0
305,307,Pannendak DH5b: dakbeschot + min.wol [1],,,,,True,19.0,29.0,38.0,43.0,46.0,0.0
306,308,Pannendak DH5c: dakbeschot + min.wol [1],,,,,True,24.0,31.0,38.0,43.0,46.0,0.0
307,309,Pannendak DH6a: zelfdr.dooskonstr. [1],,,,,True,17.0,23.0,32.0,41.0,47.0,0.0
308,310,Pannendak DH6b: zelfdr.dooskonstr. [1],,,,,True,19.0,29.0,38.0,43.0,47.0,0.0
309,311,Pannendak DH7a:geiso.dakpl/spw+minw. [1],,,,,True,24.0,25.0,35.0,41.0,44.0,0.0
310,312,Pannendak DH7b:geiso.dakpl/spw+minwo [1],,,,,True,25.0,30.0,43.0,49.0,52.0,0.0
311,313,Pannendak DH8-b: balklaag h.o.h.1.0m [1],,,,,True,27.0,32.0,45.0,51.0,54.0,0.0
312,314,Pannendak DH9a:gasbetonelem. 80kg/m2 [1],,,,,True,27.0,30.0,34.0,44.0,50.0,0.0
313,315,Pannendak DH9b:gasbetonele. 150kg/m2 [2],,,,,True,31.0,34.0,40.0,50.0,58.0,0.0
314,316,Pannendak DH9c:gasbetonele. 200kg/m2 [2],,,,,True,35.0,38.0,43.0,51.0,58.0,0.0
315,317,Pannendak DH10:grindbetonelem.+PU/PS [2],,,,,True,35.0,39.0,45.0,53.0,58.0,0.0
316,318,Glas 4-6-4 (GDL),GDL,4.0,6.0,4.0,True,22.0,23.0,23.0,32.0,34.0,30.0
317,319,Glas 4-6-6 (GDL),GDL,4.0,6.0,6.0,True,24.0,24.0,26.0,33.0,33.0,33.0
318,320,Glas 4-6-8 (GDL),GDL,4.0,6.0,8.0,True,25.0,24.0,27.0,32.0,32.0,33.0
319,321,Glas 4-12-4 (GDL),GDL,4.0,12.0,4.0,True,21.0,22.0,28.0,36.0,38.0,33.0
320,322,Glas 4-12-6 (GDL),GDL,4.0,12.0,6.0,True,22.0,21.0,29.0,37.0,37.0,37.0
321,323,Glas 4-12-8 (GDL),GDL,4.0,12.0,8.0,True,23.0,22.0,30.0,36.0,36.0,36.0
322,324,Glas 6-12-6  (GDL),GDL,6.0,12.0,6.0,True,23.0,21.0,31.0,36.0,31.0,37.0
323,325,Glas 4-16-4  (GDL),GDL,4.0,16.0,4.0,True,21.0,19.0,30.0,38.0,39.0,35.0
324,326,Glas 4-12-10  (GDL),GDL,4.0,12.0,10.0,True,24.0,23.0,30.0,34.0,34.0,37.0
325,327,Glas 6-12-8  (GDL),GDL,6.0,12.0,8.0,True,24.0,23.0,31.0,35.0,30.0,38.0
326,328,Glas 4-16-6  (GDL),GDL,4.0,16.0,6.0,True,22.0,20.0,31.0,38.0,39.0,39.0
327,329,Glas 6-12-10  (GDL),GDL,6.0,12.0,10.0,True,24.0,24.0,32.0,34.0,34.0,39.0
328,330,Glas 4-16-8 (GDL),GDL,4.0,16.0,8.0,True,23.0,23.0,32.0,37.0,39.0,38.0
329,331,Glas 6-16-6 (GDL),GDL,6.0,16.0,6.0,True,23.0,24.0,32.0,38.0,33.0,39.0
330,332,Glas 4-20-4 (GDL),GDL,4.0,20.0,4.0,True,21.0,20.0,31.0,39.0,41.0,36.0
331,333,Glas 6-12-12 (GDL),GDL,6.0,12.0,12.0,True,25.0,25.0,32.0,33.0,33.0,40.0
332,334,Glas 8-12-10 (GDL),GDL,8.0,12.0,10.0,True,24.0,25.0,33.0,32.0,31.0,41.0
333,335,Glas 4-16-10 (GDL),GDL,4.0,16.0,10.0,True,24.0,24.0,32.0,36.0,36.0,39.0
334,336,Glas 6-16-8 (GDL),GDL,6.0,16.0,8.0,True,23.0,25.0,33.0,37.0,32.0,40.0
335,337,Glas 4-20-6 (GDL),GDL,4.0,20.0,6.0,True,22.0,23.0,32.0,40.0,40.0,40.0
336,338,Glas 8-12-12 (GDL),GDL,8.0,12.0,12.0,True,25.0,26.0,33.0,33.0,33.0,42.0
337,339,Glas 6-16-10 (GDL),GDL,6.0,16.0,10.0,True,24.0,26.0,33.0,36.0,36.0,41.0
338,340,Glas 4-20-8 (GDL),GDL,4.0,20.0,8.0,True,23.0,25.0,33.0,38.0,38.0,39.0
339,341,Glas 6-20-6 (GDL),GDL,6.0,20.0,6.0,True,23.0,26.0,33.0,39.0,34.0,40.0
340,342,Glas 4-24-4 (GDL),GDL,4.0,24.0,4.0,True,21.0,23.0,32.0,40.0,41.0,37.0
341,343,Glas 6-16-12 (GDL),GDL,6.0,16.0,12.0,True,24.0,26.0,34.0,35.0,35.0,42.0
342,344,Glas 8-16-10 (GDL),GDL,8.0,16.0,10.0,True,24.0,27.0,34.0,34.0,32.0,42.0
343,345,Glas 4-20-10 (GDL),GDL,4.0,20.0,10.0,True,23.0,26.0,33.0,37.0,37.0,40.0
344,346,Glas 6-20-8 (GDL),GDL,6.0,20.0,8.0,True,23.0,27.0,34.0,38.0,33.0,41.0
345,347,Glas 4-24-6 (GDL),GDL,4.0,24.0,6.0,True,22.0,26.0,33.0,41.0,41.0,41.0
346,348,Glas 8-16-12 (GDL),GDL,8.0,16.0,12.0,True,25.0,27.0,35.0,35.0,35.0,43.0
347,349,Glas 6-20-10 (GDL),GDL,6.0,20.0,10.0,True,24.0,27.0,35.0,37.0,37.0,42.0
348,350,Glas 4-24-8 (GDL),GDL,4.0,24.0,8.0,True,23.0,26.0,34.0,39.0,39.0,40.0
349,351,Glas 6-24-6 (GDL),GDL,6.0,24.0,6.0,True,23.0,27.0,34.0,40.0,35.0,41.0
350,352,Glas 6-20-12 (GDL),GDL,6.0,20.0,12.0,True,24.0,27.0,35.0,36.0,36.0,43.0
351,353,Glas 8-20-10 (GDL),GDL,8.0,20.0,10.0,True,24.0,28.0,36.0,35.0,33.0,43.0
352,354,Glas 4-24-10 (GDL),GDL,4.0,24.0,10.0,True,23.0,27.0,34.0,38.0,38.0,41.0
353,355,Glas 6-24-8 (GDL),GDL,6.0,24.0,8.0,True,23.0,28.0,35.0,39.0,34.0,42.0
354,356,Glas 8-20-12 (GDL),GDL,8.0,20.0,12.0,True,25.0,28.0,36.0,36.0,36.0,44.0
355,357,Glas 6-24-10 (GDL),GDL,6.0,24.0,10.0,True,24.0,28.0,36.0,38.0,38.0,43.0
356,358,Glas 6-24-12 (GDL),GDL,6.0,24.0,12.0,True,23.0,28.0,36.0,37.0,37.0,44.0
357,359,Glas 8-24-10 (GDL),GDL,8.0,24.0,10.0,True,24.0,29.0,37.0,36.0,34.0,44.0
358,360,Glas 8-24-12 (GDL),GDL,8.0,24.0,12.0,True,25.0,29.0,37.0,37.0,37.0,45.0
359,361,Glas 6-1-5 gelamineerd (GE),GE,6.0,1.0,5.0,True,24.0,28.0,31.0,33.0,37.0,46.0
360,362,Glas 7-1-6 gelamineerd (GE),GE,7.0,1.0,6.0,True,25.0,29.0,32.0,34.0,39.0,48.0
361,363,Glas 8-1-7 gelamineerd (GE),GE,8.0,1.0,7.0,True,26.0,29.0,32.0,34.0,41.0,50.0
362,364,Glas 10-1-9 gelamineerd (GE),GE,10.0,1.0,9.0,True,27.0,30.0,33.0,36.0,44.0,53.0
363,365,Glas 5-2-5 gelamineerd (GE),GE,5.0,2.0,5.0,True,24.0,28.0,32.0,36.0,39.0,45.0
364,366,Glas 6-2-6 gelamineerd (GE),GE,6.0,2.0,6.0,True,25.0,29.0,33.0,36.0,40.0,47.0
365,367,Glas 7-2-7 gelamineerd (GE),GE,7.0,2.0,7.0,True,26.0,30.0,34.0,37.0,41.0,49.0
366,368,Glas 9-2-9 gelamineerd (GE),GE,9.0,2.0,9.0,True,28.0,31.0,35.0,38.0,44.0,53.0
367,369,Ventilatievoorziening. ongedempt,,,,,True,0.0,0.0,0.0,0.0,0.0,0.0
368,370,Faay type VP 54 scheidingswand [1],,,,,True,29.0,31.5,35.0,35.7,36.0,39.0
369,371,Faay type IW 100 scheidingswand [1],,,,,True,24.7,34.2,41.0,44.1,46.1,51.0
370,372,Faay type IW 148 scheidingswand [1],,,,,True,30.3,31.9,49.1,51.0,55.1,54.8
371,376,Verwol Ve-Pa wand,,,,,True,20.0,40.0,48.7,46.1,57.8,59.1
372,377,Interieurbouw Dekoral 100 verpl wand,,,,,True,19.2,42.6,49.1,53.4,47.5,48.6
373,380,Metalstud MS 100  15 /70 min.wol/ 15 [1],,,,,True,33.4,43.4,51.0,57.5,47.2,0.0
374,382,BP1: enkelvoudig paneel [1],,,,,True,15.0,20.0,25.0,30.0,30.0,0.0
375,383,BP2a: Sandw wol150+pl.mat 50-85  mm [1],,,,,True,23.0,22.0,17.0,33.0,43.0,0.0
376,384,BP2b: Sandw wol100+pl.mat 50-85  mm [1],,,,,True,20.0,14.0,30.0,41.0,50.0,0.0
377,385,BP2c: Sandw PS-pl+pl.mat 50-65  mm [1],,,,,True,22.0,26.0,30.0,24.0,37.0,0.0
378,386,BP2d: Sandw PUR-schuim+plmat 45-75  mm [1],,,,,True,22.0,26.0,30.0,31.0,26.0,0.0
379,387,BP2e: Sandw kurkpl+plmat 65-75  mm [1],,,,,True,22.0,26.0,29.0,27.0,35.0,0.0
380,388,BP2f: Sandw schuimglas+plmat 45-85  mm [1],,,,,True,20.0,24.0,27.0,31.0,36.0,0.0
381,389,BP3a: Lichte spwkonstr.+wol 70-90 [1],,,,,True,15.0,25.0,35.0,41.0,44.0,0.0
382,390,BP3b: Spouwkonstr.+wol 110-160 mm [1],,,,,True,18.0,27.0,35.0,41.0,44.0,0.0
383,391,BP3c: Spouwkonstr.+wol 160 mm [1],,,,,True,21.0,30.0,37.0,41.0,44.0,0.0
384,392,BP4: Spwkonstr zware bepl. 170-210 mm [1],,,,,True,25.0,35.0,40.0,45.0,50.0,0.0
385,393,BP5: Spouwkonstr.+wol 170-210 mm [1],,,,,True,27.0,38.0,45.0,50.0,50.0,0.0
386,394,DP8: plafond verend bevestigd [1],,,,,True,28.0,34.0,38.0,48.0,52.0,0.0
387,395,*Dakraam Velux GGL: glas 3/9/3,,3.0,9.0,3.0,True,22.8,21.6,25.4,30.6,31.3,0.0
388,396,*Dakraam Velux GGL-SR: gl. GG 8/15/4,,,,,True,24.3,27.7,33.5,32.5,34.2,0.0
389,397,*Dakraam Velux GGL-XSR: gl 3/9/3/75/4,,,,,True,29.8,28.3,37.4,39.2,43.2,0.0
390,398,Ventilatierooster met vliegengaas,,,,,True,-3.0,-3.0,-3.0,-3.0,-3.0,-3.0
391,399,*Alusta Futura Inverse 160,,,,,True,3.2,4.3,13.8,18.6,23.5,27.9
392,400,*Alusta Futura Inverse 100,,,,,True,2.1,6.5,16.8,21.3,27.7,28.4
393,401,*Alusta Futura Inverse 200,,,,,True,3.6,3.1,11.2,15.2,19.3,25.0
394,402,*Alusta Futura Inverse 300,,,,,True,2.3,2.1,6.4,9.4,16.2,18.7
395,403,*Alusta-panel:F+wol+rm+for        B2,,,,,True,23.7,32.8,44.9,49.3,50.2,51.9
396,404,*Alusta-panel:F+wol+rm+cemp       B5,,,,,True,25.1,34.5,45.2,48.7,50.0,50.9
397,405,*Alusta-panel:F+wol+s.sw          B6,,,,,True,25.7,36.5,45.1,49.1,50.2,51.7
398,406,*Alusta-panel:F+wol+Cemp+F        B7,,,,,True,25.9,36.6,45.1,49.1,49.8,52.8
399,407,*Alusta-panel:F+wol+for+cemp      B8,,,,,True,27.0,36.8,45.1,48.9,49.2,50.8
400,408,*Alusta-panel:s.sw+F+cemp         B9,,,,,True,26.5,32.2,41.0,47.8,48.9,52.5
401,409,*Alusta-panel:cemp+s+wol+tr+rm   B11,,,,,True,26.3,32.4,43.2,49.9,50.5,54.1
402,410,*Alusta-panel:s.sw+F+cemp        B10,,,,,True,22.6,26.1,40.8,48.4,49.2,52.7
403,411,*Alusta-panel:cemp+s+wol+cemp+rm B12,,,,,True,27.1,41.9,45.0,49.6,50.0,53.4
404,412,*Alusta-panel:cemp+s+wol+F+rm    B13,,,,,True,27.5,40.3,45.2,49.6,50.6,53.9
405,413,*Alusta-panel:cemp+s+wol+tres+ba B14,,,,,True,35.1,44.0,44.8,48.9,49.9,53.7
406,417,Alusta Gemini 5/120/3 schuifraam,,,,,True,24.4,35.5,43.6,52.3,52.4,51.4
407,418,Alusta Gemini 5/120/3+abs schuifraam,,,,,True,26.9,36.2,44.4,54.6,56.1,54.4
408,419,Alusta Gemini 5/140/3 schuifraam,,,,,True,29.0,37.1,43.7,50.8,49.4,49.8
409,420,Alusta Gemini 5/140/3+abs schuifraam,,,,,True,28.0,39.0,48.6,57.4,56.4,54.8
410,421,*Aralco junior,,,,,True,3.4,0.0,3.8,8.2,12.7,13.5
411,422,*Aralco junior met verb naaddichting,,,,,True,3.6,0.0,5.5,10.1,13.3,15.3
412,423,Seyffer SRA 40dB verpl. scheidingsw.,,,,,True,27.2,42.7,50.5,52.3,55.8,0.0
413,424,Seyffer SRA 45dB-verplb.schw+passtuk,,,,,True,29.8,41.8,52.2,54.4,55.6,0.0
414,425,Seyffer SRA 45dB-vsw zonder passtuk,,,,,True,30.5,43.0,52.4,55.3,56.6,0.0
415,426,Hueppe mobiele wand Variflex 100U-48,,,,,True,37.5,43.0,47.5,53.8,52.6,0.0
416,427,Poroton isol.steen.niet gepleisterd [2],,,,,True,28.9,31.5,36.0,40.7,47.5,0.0
417,428,Poroton isol.steen.afgepleisterd [2],,,,,True,34.1,34.1,35.9,44.4,50.4,0.0
418,429,Siporex-wand 125 mm onafgewerkt [1],,,,,True,27.0,29.0,31.0,40.0,47.0,53.0
419,430,Siporex-wand 150 mm onafgewerkt [1],,,,,True,30.0,30.0,34.0,42.0,50.0,56.0
420,431,Siporex-wand 200 mm onafgewerkt [1],,,,,True,30.0,33.0,39.0,47.0,53.0,56.0
421,432,Interwand dichte wand Interstandaard,,,,,True,16.5,34.2,40.9,45.9,53.5,47.8
422,433,Interwand glaspanelen Interstandaard,,,,,True,18.5,27.0,33.0,39.6,46.8,42.4
423,434,Interwand Interspecial dichte wand,,,,,True,31.0,38.8,44.6,48.2,54.0,0.0
424,435,Interwand Interspecial met glas,,,,,True,27.3,34.6,38.8,48.2,53.3,0.0
425,436,Interwand Interluxe S dichte wand,,,,,True,28.3,39.7,46.2,53.5,57.8,61.1
426,437,Interwand Interluxe V/M dichte wand,,,,,True,21.5,35.4,43.3,50.4,49.9,55.0
427,438,Planol Sypla systeemwand,,,,,True,14.7,30.7,44.8,52.2,58.0,0.0
428,439,Bruynzeel 2001-46dB Intersysteem [1],,,,,True,26.8,42.2,52.3,43.2,49.1,52.7
429,440,Bruynzeel 2001-49dB Intersysteem [1],,,,,True,25.6,41.4,52.9,50.4,49.3,61.2
430,441,Bruynzeel type VA-301 MS 3000 [1],,,,,True,17.0,26.6,36.9,47.4,44.7,49.4
431,442,Bruynzeel type VA 304 MS 3000 [1],,,,,True,17.5,35.9,46.5,50.6,50.8,51.5
432,443,Bruynzeel type VA 307 MS 3000 [1],,,,,True,20.6,39.8,49.3,52.4,52.2,52.3
433,444,Bruynzeel type VA 309 MS 3000 [1],,,,,True,24.3,42.6,49.8,52.2,54.4,52.9
434,445,Bruynzeel type VA 311 MS 3000 [1],,,,,True,26.0,44.9,51.1,53.5,55.4,0.0
435,446,Hauserman type P 61-B scheidingswand [1],,,,,True,19.8,32.9,40.7,41.6,51.4,0.0
436,447,Hauserman type P 86 scheidingswand [1],,,,,True,22.0,36.2,43.5,50.6,50.4,0.0
437,448,Hauserman type P 82-1E scheidingsw. [1],,,,,True,28.2,39.6,46.2,51.2,52.9,0.0
438,449,Hauserman type P 86-F30/48 scheid.w. [1],,,,,True,24.9,39.6,43.9,49.1,55.0,0.0
439,450,Interwand type PC 350 Elva,,,,,True,20.5,38.0,48.0,49.5,47.8,48.2
440,451,Interwand PL-S-wand Interluxe,,,,,True,30.9,43.2,48.4,54.9,59.6,0.0
441,452,Interwand PL-wand Interluxe,,,,,True,19.5,42.2,49.0,54.3,55.9,0.0
442,453,Interwand Interselect,,,,,True,18.5,32.9,42.8,48.7,49.9,0.0
443,454,Interwand Interselect G,,,,,True,28.5,40.7,49.7,52.5,51.8,0.0
444,466,Pannendak DH8-c:balklaag h.o.h. 1.5m [1],,,,,True,30.0,35.0,48.0,54.0,57.0,0.0
445,467,Pannendak DH8-a:balklaag h.o.h. 0.5m [1],,,,,True,24.0,29.0,42.0,48.0,51.0,0.0
446,468,Simec T81/glas 6-12-4 mm schuifraam,,6.0,12.0,4.0,True,23.3,25.0,30.0,32.0,32.4,33.7
447,469,Simec 606/glas 4-110-6 schuifraam,,4.0,110.0,6.0,True,27.9,32.5,37.2,39.3,34.7,43.1
448,470,Pannendak DH1-b. kierend dakbeschot [1],,,,,True,17.0,15.0,19.0,26.0,30.0,0.0
449,471,Glas 4-12-5,,4.0,12.0,5.0,True,22.0,22.0,29.0,36.0,36.0,0.0
450,472,Eland Br Maestrotherm;6-12-4/borstel,,,,,True,24.0,24.0,30.0,29.0,29.0,32.0
451,473,Eland Br 6-67-4+abs Maestro 6.50,,,,,True,23.0,29.0,35.0,38.0,42.0,0.0
452,474,Eland Br 6-67-6+abs Maestro 6.50,,,,,True,25.0,32.0,37.0,42.0,45.0,0.0
453,475,Eland Br 6-87-4+abs Maestro 6.50,,,,,True,26.0,34.0,41.0,45.0,47.0,0.0
454,476,Eland Br 8 E-lite 6.25 schuifraam,,,,,True,20.0,23.0,24.0,28.0,32.0,0.0
455,477,Eland Br 8-81-4+abs E-lite 6.25,,,,,True,26.0,30.0,36.0,42.0,47.0,0.0
456,478,Eland Br 8-120-4+abs E-lite 6.25,,,,,True,27.0,34.0,41.0,44.0,48.0,0.0
457,479,Deci Air K10-15/10 suskast,,,,,True,5.2,3.1,8.5,15.5,23.6,29.7
458,480,Deci Air K10-15/15 suskast,,,,,True,4.5,1.8,6.1,12.6,19.2,22.6
459,481,Deci Air K10-15/20 suskast,,,,,True,3.2,0.0,4.0,9.9,12.8,12.0
460,482,Deci Air K10-15/25 suskast,,,,,True,2.8,0.0,3.1,9.2,11.7,12.7
461,483,Deci Air K10-20/10 suskast,,,,,True,3.6,3.3,11.7,19.4,27.2,33.1
462,484,Deci Air K10-20/15 suskast,,,,,True,4.9,1.3,8.7,17.8,25.3,30.4
463,485,Deci Air K10-20/20 suskast,,,,,True,3.4,2.7,9.6,19.2,26.7,31.4
464,486,Deci Air K10-20/25 suskast,,,,,True,4.0,0.8,5.6,11.6,18.4,20.2
465,487,Deci Air K10-25/10 suskast,,,,,True,4.4,6.4,13.0,22.0,28.7,33.6
466,488,Deci Air K10-25/15 suskast,,,,,True,4.4,3.6,11.2,21.7,30.1,35.2
467,489,Deci Air K10-25/20 suskast,,,,,True,4.2,3.0,9.5,19.1,26.4,31.3
468,490,Deci Air K10-25/25 suskast,,,,,True,4.0,2.3,8.4,17.2,24.7,29.7
469,491,Deci Air K15-15/10 suskast,,,,,True,2.8,3.8,13.2,18.1,17.5,25.5
470,492,Deci Air K15-15/15 suskast,,,,,True,3.3,2.7,11.3,15.6,15.0,19.0
471,493,Deci Air K15-15/20 suskast,,,,,True,3.9,2.0,8.5,12.6,13.1,14.4
472,494,Deci Air K15-15/25 suskast,,,,,True,3.3,1.6,7.9,11.6,12.2,14.3
473,495,Deci Air K15-20/10 suskast,,,,,True,2.3,7.2,15.7,22.7,24.3,34.3
474,496,Deci Air K15-20/15 suskast,,,,,True,3.4,5.5,13.2,19.8,20.9,29.0
475,497,Deci Air K15-20/20 suskast,,,,,True,2.7,5.0,14.1,17.4,18.0,23.6
476,498,Deci Air K15-20/25 suskast,,,,,True,4.3,4.0,9.8,14.0,15.0,18.8
477,499,Deci Air K15-25/10 suskast,,,,,True,2.7,9.0,18.5,25.7,28.8,34.8
478,500,Deci Air K15-25/15 suskast,,,,,True,2.9,7.5,15.8,22.3,25.4,33.6
479,501,Deci Air K15-25/20 suskast,,,,,True,3.2,5.7,13.5,19.6,23.9,32.5
480,502,Deci Air K15-25/25 suskast,,,,,True,3.0,5.9,14.4,17.9,21.6,26.5
481,503,Compri Soundair 100,,,,,True,0.2,6.0,14.8,25.3,23.8,26.9
482,504,Compri Soundair 200,,,,,True,-0.4,3.1,11.8,20.5,22.3,26.3
483,505,Compri Soundair 300,,,,,True,0.3,1.4,8.4,15.0,18.0,23.5
484,506,18 multiplex-40 minwol-18 multiplex [1],,,,,True,20.0,28.0,34.0,31.0,30.0,0.0
485,507,Alusta Cadet 110 Standaard,,,,,True,5.0,3.1,11.0,14.1,14.9,0.0
486,508,Alusta Cadet 150 Standaard,,,,,True,5.3,1.9,7.2,12.8,13.7,0.0
487,509,Alusta Cadet 200 Standaard,,,,,True,4.4,2.1,4.1,10.9,12.2,0.0
488,510,Alusta Cadet Plus 110,,,,,True,5.4,4.7,16.5,19.7,20.2,0.0
489,511,Alusta Cadet Plus 150,,,,,True,5.5,2.5,11.9,17.1,20.0,0.0
490,512,Alusta Cadet Plus 200,,,,,True,5.3,1.9,8.2,14.0,18.1,0.0
491,513,Alusta Cadet Extra 110,,,,,True,7.3,8.7,19.6,19.7,18.4,0.0
492,514,Alusta Cadet Extra 150,,,,,True,6.3,5.9,16.2,16.8,16.0,0.0
493,515,Alusta Cadet Extra 200,,,,,True,6.8,4.8,12.2,12.6,13.5,0.0
494,516,Alusta Cadet Extra 250,,,,,True,5.5,3.1,11.0,11.9,12.0,0.0
495,517,Alusta Cadet Super 110,,,,,True,6.7,10.9,22.2,22.8,21.7,0.0
496,518,Alusta Cadet Super 150,,,,,True,5.7,7.9,19.0,21.2,21.3,0.0
497,519,Alusta Cadet Super 200,,,,,True,7.0,5.7,14.5,16.4,19.7,0.0
498,520,Alusta Cadet Super 250,,,,,True,6.7,3.5,12.8,14.0,15.2,0.0
499,521,Buvaflex types 24.32. 24.12. 26.412,,,,,True,2.3,2.8,10.1,12.0,9.0,14.9
500,522,Buvaflex types 24.34. 24.14. 26.414,,,,,True,2.5,4.4,13.4,14.9,10.4,15.9
501,523,Acoustair Varianta S,,,,,True,5.5,5.7,11.0,12.7,14.7,18.3
502,524,Interwand Interporte spaanpl/min.wol,,,,,True,24.7,33.3,40.5,44.7,50.0,0.0
503,525,Massief houten deur [1],,,,,True,22.2,26.0,28.8,29.3,33.2,0.0
504,526,Acoustair Varianta HD,,,,,True,5.3,9.5,14.8,17.2,22.0,28.7
505,527,Kalkzandsteenblokken type A41 [1],,,,,True,32.0,28.0,30.0,40.0,44.0,0.0
506,528,Kalkzandsteenblokken type A42 [2],,,,,True,29.5,34.0,43.0,41.5,57.0,0.0
507,529,Kalkzandsteenblokken dik 48  mm [1],,,,,True,33.0,35.0,32.0,37.0,47.0,0.0
508,530,Alusta Orion Hyper 250,,,,,True,3.0,6.3,10.7,14.6,18.1,0.0
509,531,Climacoust S,,,,,True,2.0,4.0,9.0,21.0,29.0,0.0
510,532,Flexi-bel STK 700,,,,,True,10.0,12.0,16.0,28.0,33.0,0.0
511,533,Flexi-bel STK 1000,,,,,True,9.0,16.0,19.0,32.0,34.0,0.0
512,534,Flexi-bel STK 1000 A,,,,,True,10.0,12.0,18.0,30.0,32.0,0.0
513,535,Flexi-bel STK 1030,,,,,True,9.0,14.0,22.0,32.0,34.0,0.0
514,536,Heycop SR1.2.3 type 100,,,,,True,3.6,4.7,9.2,12.2,20.1,20.1
515,537,Heycop SR1.2.3 type 150,,,,,True,3.4,3.8,8.0,10.6,16.8,15.0
516,538,Heycop SR1.2.3 type 200,,,,,True,3.9,2.3,6.8,9.2,12.2,11.4
517,539,Heycop SR1.2.3 type 250,,,,,True,3.5,3.5,5.0,7.1,11.4,11.0
518,540,Heycop SR4.5 type 100,,,,,True,4.8,8.1,12.0,16.5,21.1,19.8
519,541,Heycop SR4.5 type 150,,,,,True,4.1,7.1,9.4,13.1,16.3,16.7
520,542,Heycop SR4.5 type 200,,,,,True,4.4,5.5,10.4,11.1,9.3,9.5
521,543,Heycop SR4.5 type 250,,,,,True,5.4,5.6,8.6,9.7,9.2,9.2
522,544,Heycop SR6 type 100,,,,,True,4.6,12.4,17.5,21.2,19.5,19.8
523,545,Heycop SR6 type 150,,,,,True,5.7,9.9,13.9,17.9,16.4,19.7
524,546,Heycop SR6 type 200,,,,,True,5.6,8.2,13.2,13.5,12.9,15.1
525,547,Heycop SR6 type 250,,,,,True,5.3,6.7,12.2,13.0,13.2,15.2
526,548,Brakel All-in-wall 60 mm scheidingsw. [1],,,,,True,18.2,35.1,44.6,46.8,52.0,54.6
527,549,Brakel All-in-wall 90 mm scheidingsw. [1],,,,,True,20.9,34.7,45.6,53.3,58.9,59.0
528,550,Acoustair Optima 1610,,,,,True,5.6,1.5,8.4,12.4,12.3,0.0
529,551,Gyproc MS 70/1.40.1,,,,,True,19.1,26.7,35.1,45.6,38.1,45.7
530,552,Gyproc MS 70/1.40.1.A,,,,,True,20.3,35.4,49.7,59.7,44.1,49.2
531,553,Gyproc MS 70/1.45.1,,,,,True,20.0,25.6,36.9,46.7,43.1,43.9
532,554,Gyproc MS 70/1.45.1.A,,,,,True,22.6,35.6,50.7,59.1,52.8,52.3
533,555,Gyproc MS 75/1.50.1,,,,,True,19.9,27.6,37.1,45.7,41.6,43.6
534,556,Gyproc MS 75/1.50.1.A,,,,,True,22.2,38.3,48.6,56.8,47.8,48.3
535,557,Gyproc MS 100/1.70.1,,,,,True,22.7,32.8,42.2,49.8,41.7,48.7
536,558,Gyproc MS 100/1.70.1.A,,,,,True,29.8,42.5,51.2,57.2,46.9,52.5
537,559,Gyproc MS 100/1.75.1,,,,,True,17.4,29.7,37.6,46.2,40.2,43.4
538,560,Gyproc MS 100/1.75.1.A,,,,,True,18.1,35.7,49.7,60.8,54.6,49.1
539,561,Gyproc MS 125/1.100.1,,,,,True,20.2,32.4,40.7,48.0,41.9,42.9
540,562,Gyproc MS 125/1.100.1.A,,,,,True,22.9,38.3,50.1,58.2,47.6,48.5
541,563,Gyproc MS 100/2.50.2,,,,,True,29.4,35.2,45.8,52.2,53.3,0.0
542,564,Gyproc MS 100/2.50.2.A,,,,,True,25.7,41.2,53.2,61.5,54.6,51.9
543,565,Gyproc MS 125/2.75.2,,,,,True,26.9,37.6,47.8,55.6,52.7,51.5
544,566,Gyproc MS 125/2.75.2.A,,,,,True,31.4,45.4,56.1,61.6,54.7,54.5
545,567,Gyproc MS 150/2.100.2,,,,,True,28.6,40.4,52.0,59.4,53.3,54.5
546,568,Gyproc MS 150/2.100.2.A,,,,,True,35.3,46.0,57.7,65.8,57.4,56.2
547,569,Gyproc MS 120 Rf/2.50.2,,,,,True,31.1,37.8,42.8,50.0,47.4,58.2
548,570,Gyproc MS120Rf/2.50.2.A,,,,,True,37.7,42.7,50.8,55.8,52.0,60.1
549,571,Gyproc MS160Rf/2.100.2,,,,,True,29.7,40.7,50.4,55.8,46.4,53.4
550,572,Gyproc MS160Rf/2.100.2.A,,,,,True,36.8,46.0,56.1,62.1,51.7,57.6
551,573,Gyproc MS175/2.125-100.2.A,,,,,True,36.8,51.5,59.7,65.8,58.2,59.5
552,574,Interwand InterlineMO-G,,,,,True,27.6,38.2,49.8,53.6,55.1,0.0
553,575,Interwand Interline MO,,,,,True,23.8,34.1,46.9,51.4,45.1,0.0
554,576,Interwand Interline SO,,,,,True,30.5,39.4,47.4,53.0,53.7,0.0
555,577,*Vaplex 1 gipsvezelplaat,,,,,True,19.7,21.7,25.8,30.4,32.7,0.0
556,578,*Vaplex 1+iso gipsvezelplaat,,,,,True,19.0,22.2,29.1,35.3,40.1,0.0
557,579,*Vaplex 2+iso gipsvezelplaat,,,,,True,29.0,34.8,40.6,49.6,54.1,0.0
558,580,*Vaplex 2x2+iso gipsvezelplaat,,,,,True,35.1,39.6,45.5,57.9,64.5,0.0
559,581,*Vaplex 1x2+iso gipsvezelplaat,,,,,True,24.3,28.4,33.3,41.1,50.5,0.0
560,582,*Vaplex 1x2 gipsvezelplaat,,,,,True,24.8,27.5,30.1,36.2,42.9,0.0
561,583,*Vaplex 2x2+iso+cb gipsvezelplaat,,,,,True,37.1,43.6,50.3,62.2,67.5,0.0
562,584,*Vaplex 2+iso+C75 gipsvezelplaat,,,,,True,27.0,40.3,51.7,58.3,59.6,0.0
563,585,*Vaplex 2x2+iso+C75 gipsvezelplaat,,,,,True,39.0,51.0,58.1,64.0,65.5,0.0
564,586,*Vaplex 2+iso+C50 gipsvezelplaat,,,,,True,22.7,40.8,54.0,56.0,58.1,0.0
565,587,*Vaplex 2x2+iso+C50 gipsvezelplaat,,,,,True,36.7,50.9,58.9,60.6,61.9,0.0
566,588,*! Vaplus 2+iso gipsvezelplaat,,,,,True,33.9,45.0,52.1,56.6,53.3,0.0
567,589,*! Vaplus 1x1+1x2+iso gipsvezelplaat,,,,,True,36.6,46.9,54.3,58.6,60.4,0.0
568,590,*! Vaplus 2x2+iso gipsvezelplaat,,,,,True,39.1,49.1,57.0,59.6,63.0,0.0
569,591,Binnendeur Std. ZO71 Vervo Bruynzeel [1],,,,,True,22.0,25.0,29.0,26.0,26.0,0.0
570,592,Binnendeur 35dB ZO71 Vervo Bruynzeel [1],,,,,True,23.0,27.0,30.0,28.0,28.0,0.0
571,593,Binnendeur 42dB1 ZO71 VervoBruynzeel [1],,,,,True,23.0,27.0,34.0,39.0,40.0,0.0
572,594,Binnendeur 42dB2 ZO71 VervoBruynzeel [1],,,,,True,24.0,26.0,36.0,38.0,39.0,0.0
573,595,Multipanel 6-4-6 Bruynzeel [1],,,,,True,21.5,23.9,28.8,32.9,36.0,0.0
574,596,Multipanel 7-7-7 Bruynzeel [1],,,,,True,23.6,25.6,29.3,34.7,38.3,0.0
575,597,Multipanel 6-4-6 Bruynzeel [1],,,,,True,23.7,24.6,29.1,33.5,36.4,0.0
576,598,Multipanel 7-8-7 Bruynzeel [1],,,,,True,27.1,28.5,32.5,37.5,40.6,0.0
577,599,Norm+ sandwichpaneel (v.Dam b.v.) [1],,,,,True,22.2,27.1,31.2,35.7,31.0,0.0
578,600,Norm+ sandwichp. rand+afdichting [1],,,,,True,22.1,27.8,31.6,35.9,31.5,0.0
579,601,Dakelement Unilin/Isover HMW12N2.585 [1],,,,,True,19.9,33.1,40.1,42.2,44.2,0.0
580,602,Geluidsisolerende deur Merford MD,,,,,True,30.9,43.2,48.9,53.3,56.0,0.0
581,603,Rigips 70/100 scheidingswand,,,,,True,17.8,29.6,37.0,45.6,39.1,0.0
582,604,Rigips 70/100 Rockw. scheidingswand,,,,,True,22.7,38.8,49.5,52.2,46.0,0.0
583,605,Rigips 70/100 Isov.25 scheidingswand,,,,,True,21.7,38.7,48.5,50.9,44.8,0.0
584,606,Rigips 70/100 Isov.12 scheidingswand,,,,,True,21.3,38.8,48.8,54.0,45.8,0.0
585,607,Rigips 70/100 Iso+kit scheidingswand,,,,,True,22.2,39.4,50.6,54.3,47.8,0.0
586,608,Alpha Iso 54 wand nng,,,,,True,29.3,29.4,33.8,40.5,39.5,0.0
587,609,Alpha Iso 54 wand,,,,,True,28.7,29.8,36.2,40.2,38.6,0.0
588,610,Alpha Iso 70 wand,,,,,True,27.3,30.3,36.5,36.0,36.5,0.0
589,611,Alpha Iso 70 Plus wand,,,,,True,25.2,37.0,51.9,62.0,65.8,0.0
590,612,Alpha Iso 150 wand.100% wol,,,,,True,39.6,50.3,59.6,64.0,66.8,0.0
591,613,Alpha Iso 150 wand.50% wol,,,,,True,33.6,47.2,59.7,64.0,66.1,0.0
592,614,Alpha Iso 150 wand.geen wol,,,,,True,34.0,38.3,51.1,60.8,63.0,0.0
593,615,Alpha GR 54 wand,,,,,True,22.0,27.0,37.7,36.3,32.0,0.0
594,616,Alpha GR 54 Plus wand,,,,,True,23.5,35.0,53.0,60.0,63.5,0.0
595,617,Alpha GRS 70 wand,,,,,True,23.0,33.2,40.8,39.8,36.0,0.0
596,618,Kz 100 mm wand [2],,,,,True,31.2,32.2,37.8,40.9,42.5,0.0
597,619,Kz 100 mm.1 zijde gevuld wand [2],,,,,True,34.3,33.5,39.2,46.1,49.7,0.0
598,620,Kz 100 mm.2 zijden gevuld wand [2],,,,,True,34.5,33.6,39.7,46.9,50.3,0.0
599,621,Kz 100 mm.2xgevuld.1xfilm wand [2],,,,,True,33.6,32.5,39.7,46.3,49.6,0.0
600,622,Kz 100 mm.2xgevuld.2xfilm wand [2],,,,,True,34.4,33.3,40.1,46.6,49.6,0.0
601,623,Kz 100 mm.2xvul+film.gekit wand [2],,,,,True,34.4,33.8,40.3,47.5,53.4,0.0
602,624,Kz 230 mm.2x filmlaag   wand [2],,,,,True,41.9,46.7,53.0,58.6,65.6,0.0
603,625,Kz 240 mm.2x filmlaag   wand [2],,,,,True,40.6,47.0,52.6,58.7,65.9,0.0
604,626,Kz 265 mm.2x filmlaag   wand [2],,,,,True,41.6,47.6,53.3,58.6,65.8,0.0
605,627,Kz 300 mm.2x filmlaag   wand [2],,,,,True,42.8,48.6,54.9,60.5,67.2,0.0
606,628,Meta-glas 5-47-5. 1kier (schuifraam) [1],,5.0,47.0,5.0,True,21.8,26.2,34.1,40.4,37.2,0.0
607,629,Meta-glas 5-81-5. 2kier (schuifraam) [1],,5.0,81.0,5.0,True,21.5,33.2,37.0,43.9,39.5,0.0
608,630,Meta-glas 5-125-5. 2kier(schuifraam) [1],,5.0,125.0,5.0,True,30.2,36.6,40.3,44.8,39.4,0.0
609,631,Meta-glas 5-125-5.resona(schuifraam) [1],,5.0,125.0,5.0,True,31.1,35.9,41.9,44.4,39.6,0.0
610,632,Meta-glas 5-125-5.absorp(schuifraam) [1],,5.0,125.0,5.0,True,28.7,35.0,42.7,44.5,42.9,0.0
611,633,Meta-glas 5-188-5. 2kier(schuifraam) [1],,5.0,188.0,5.0,True,31.9,36.5,44.0,45.4,41.0,0.0
612,634,Meta-glas 5-188-5.absorp(schuifraam) [1],,5.0,188.0,5.0,True,33.3,38.7,45.6,47.4,45.0,0.0
613,635,Meta-glas 5-81-5. 1kier (schuifraam) [1],,5.0,81.0,5.0,True,18.7,28.6,33.4,41.1,35.6,0.0
614,636,Meta-glas 6-160-4 (voorzetraam) [1],,6.0,160.0,4.0,True,31.9,36.1,44.0,49.3,45.2,0.0
615,637,Meta-glas 8-160-4 (voorzetraam) [1],,8.0,160.0,4.0,True,32.2,36.5,43.7,49.0,46.5,0.0
616,638,Meta-glas 5-160-4 (voorzetraam) [1],,5.0,160.0,4.0,True,30.9,35.4,43.2,50.3,46.0,0.0
617,639,Meta-glas 5-80-4 (voorzetraam) [1],,5.0,80.0,4.0,True,24.2,32.6,40.9,47.4,43.4,0.0
618,640,Meta-glas 6-80-4 (voorzetraam) [1],,6.0,80.0,4.0,True,26.4,32.6,40.1,47.6,44.1,0.0
619,641,Meta-glas 8-80-4 (voorzetraam) [1],,8.0,80.0,4.0,True,28.1,34.0,41.2,46.9,45.6,0.0
620,642,Meta-glas 6-44-4 (voorzetraam) [1],,6.0,44.0,4.0,True,16.4,25.8,35.9,44.7,41.4,0.0
621,643,Meta-glas 8-44-4  (voorzetraam) [1],,8.0,44.0,4.0,True,18.0,28.3,37.4,44.3,43.1,0.0
622,644,Meta-glas 5-44-4 (voorzetraam) [1],,5.0,44.0,4.0,True,16.0,24.5,35.8,44.1,39.9,0.0
623,645,Meta-glas 6-160-4 (achterzetraam) [1],,6.0,160.0,4.0,True,32.8,35.8,41.4,46.8,44.2,0.0
624,646,Meta-glas 6-80-4 (achterzetraam) [1],,6.0,80.0,4.0,True,27.6,33.3,39.5,46.3,44.0,0.0
625,647,Meta-glas 6-44-4 (achterzetraam) [1],,6.0,44.0,4.0,True,20.2,27.7,35.0,41.4,43.4,0.0
626,648,Meta-glas 6-160-4 (stolpraam) [1],,6.0,160.0,4.0,True,32.7,36.8,41.8,49.2,46.4,0.0
627,649,Meta-glas 6-200-4 (stolpraam) [1],,6.0,200.0,4.0,True,33.1,36.8,42.8,48.8,47.0,0.0
628,650,Meta-glas 6-80-4 (stolpraam) [1],,6.0,80.0,4.0,True,25.1,31.6,38.5,44.5,45.3,0.0
629,651,Meta-glas 8-80-4 (stolpraam) [1],,8.0,80.0,4.0,True,27.0,32.8,40.0,44.1,46.4,0.0
630,652,Meta-glas 8-160-4 (stolpraam) [1],,8.0,160.0,4.0,True,33.2,36.6,42.8,48.9,48.1,0.0
631,653,Meta-glas 5-12-5 (draairaam)Methermo [1],,5.0,12.0,5.0,True,23.7,21.6,28.9,36.2,31.5,0.0
632,654,Meta-glas 6-12-4. 1kier (raam) [1],,6.0,12.0,4.0,True,24.6,28.6,33.0,37.2,34.0,0.0
633,655,Meta-glas 6-12-4. 2kier (raam) [1],,6.0,12.0,4.0,True,24.8,28.7,33.6,39.9,35.7,0.0
634,656,Dakelement 50kg/m2 Akoestiroof [1],,,,,True,33.0,44.0,56.0,63.0,70.0,0.0
635,657,Dakelement gelijmd Akoestikon,,,,,True,28.8,28.1,31.1,44.7,55.6,0.0
636,658,Dakelement geschroefd Akoestikon,,,,,True,29.4,27.2,29.0,43.4,50.0,0.0
637,659,Dakelement geschr.+pannen Akoestikon,,,,,True,19.4,34.8,42.6,56.9,67.7,0.0
638,660,Betonvloer 110 mm [2],,,,,True,35.8,43.2,46.2,51.5,57.3,0.0
639,661,Betonvloer +zwevende vloer [2],,,,,True,44.5,51.1,58.9,67.0,74.9,0.0
640,662,Akoestikon 1gips scheidingwand,,,,,True,33.0,44.0,47.5,53.5,61.1,0.0
641,663,Akoestikon 2gips scheidingswand,,,,,True,41.7,50.1,49.8,56.2,60.6,0.0
642,664,Litonit scheidingswand [1],,,,,True,22.0,36.0,45.0,48.0,52.0,0.0
643,665,Litonit + Akoestifoam scheidingswand [1],,,,,True,40.0,50.0,62.0,68.0,70.0,0.0
644,666,Kalkzandsteenwand 220 mm [2],,,,,True,43.0,45.0,53.0,60.0,67.0,0.0
645,667,Kzsteenwand + 1gips voorzetwand [2],,,,,True,49.0,62.0,73.0,83.0,92.0,0.0
646,668,Kzsteenwand + 2gips voorzetwand [2],,,,,True,58.0,66.0,74.0,84.0,91.0,0.0
647,669,Houten vloer [1],,,,,True,16.0,20.0,25.0,29.0,32.0,0.0
648,670,Houten vloer+zwevende vloer [1],,,,,True,31.0,40.0,53.0,58.0,64.0,0.0
649,671,Houten vl+zw.vloer+plafond [1],,,,,True,37.0,45.0,56.0,65.0,72.0,0.0
650,672,Houten vl+zw.vloer fermacel+plafond [1],,,,,True,40.0,48.0,57.0,64.0,71.0,0.0
651,673,Wand staal/20 mm/sealstrip Akoestikon,,,,,True,24.6,26.2,43.2,54.9,59.1,0.0
652,674,Wand staal/40 mm/sealstrip Akoestikon,,,,,True,18.1,34.3,47.3,56.1,59.7,0.0
653,675,Wand staal/40 mm/kit       Akoestikon,,,,,True,16.5,33.3,46.9,55.6,59.5,0.0
654,676,Wand staal/20 mm/kit       Akoestikon,,,,,True,23.1,25.4,42.9,53.4,56.9,0.0
655,677,Wand staal/60 mm/kit       Akoestikon,,,,,True,21.3,36.5,48.7,56.0,59.5,0.0
656,678,Wand aluminium/40 mm/kit   Akoestikon,,,,,True,14.7,19.3,35.2,50.0,55.8,0.0
657,679,Wand triplex/60 mm/kit     Akoestikon,,,,,True,12.8,22.0,40.9,48.4,55.5,0.0
658,680,Wand triplex/60 mm/schroef Akoestikon,,,,,True,14.1,20.0,38.7,45.8,51.2,0.0
659,681,Wand triplex/60 mm/bitumen Akoestikon,,,,,True,15.2,21.9,36.6,50.0,56.2,0.0
660,682,Wand gips/20 mm/underlaym. Akoestikon,,,,,True,18.5,22.6,38.3,47.8,52.5,0.0
661,683,Wand gips/40 mm/underlaym. Akoestikon,,,,,True,15.9,29.1,44.0,51.2,54.8,0.0
662,684,Wand 2gips/40 mm/underlaym Akoestikon,,,,,True,18.7,32.9,43.9,50.4,54.0,0.0
663,685,Wand 2gi/40 mm/ulm/schroef Akoestikon,,,,,True,20.2,29.7,42.9,48.9,49.3,0.0
664,686,Wand gips/60 mm/underlaym. Akoestikon,,,,,True,20.4,33.9,45.3,52.6,57.0,0.0
665,687,Wand gips/metalstud       Akoestikon,,,,,True,21.5,36.2,42.9,49.5,54.5,0.0
666,688,Wand gips/m.s./verend     Akoestikon,,,,,True,18.9,35.0,45.3,51.5,57.0,0.0
667,689,Wand 1x2gips/m.s./verend  Akoestikon,,,,,True,26.3,37.0,45.3,50.9,57.4,0.0
668,690,Wand 2gips/m.s./verend    Akoestikon,,,,,True,29.5,38.1,46.1,52.0,58.4,0.0
669,691,Wand gips/hout/80 mm/veren Akoestikon,,,,,True,24.2,37.5,44.8,51.4,57.8,0.0
670,692,Wand gips/hout/80 mm       Akoestikon,,,,,True,21.2,35.8,40.0,44.8,43.8,0.0
671,693,Wand gips/m.s./80 mm/veren Akoestikon,,,,,True,22.1,36.9,45.0,51.3,56.8,0.0
672,694,Betonwand 160 mm enkelvoudig [2],,,,,True,37.0,41.0,50.0,59.0,66.0,0.0
673,695,Betonwand 180 mm enkelvoudig [2],,,,,True,37.0,43.0,52.0,61.0,68.0,0.0
674,696,Betonwand 200 mm enkelvoudig [2],,,,,True,38.0,45.0,54.0,62.0,69.0,0.0
675,697,Betonwand 220 mm enkelvoudig [2],,,,,True,39.0,48.0,57.0,64.0,71.0,0.0
676,698,Betonwand 230 mm enkelvoudig [2],,,,,True,39.0,48.0,57.0,64.0,71.0,0.0
677,699,Betonwand 240 mm enkelvoudig [2],,,,,True,40.0,49.0,57.0,65.0,72.0,0.0
678,700,Betonwand 260 mm enkelvoudig [2],,,,,True,41.0,50.0,58.0,66.0,73.0,0.0
679,701,Kz-steenwand 200 mm enkelvoudig [2],,,,,True,37.0,40.0,50.0,58.0,65.0,0.0
680,702,Kz-steenwand 214 mm enkelvoudig [2],,,,,True,37.0,41.0,51.0,59.0,66.0,0.0
681,703,Kz-steenwand 240 mm enkelvoudig [2],,,,,True,38.0,43.0,53.0,61.0,68.0,0.0
682,704,Kz-steenwand 260 mm enkelvoudig [2],,,,,True,38.0,45.0,54.0,62.0,69.0,0.0
683,705,Kz-steenwand 265 mm enkelvoudig [2],,,,,True,38.0,45.0,54.0,62.0,69.0,0.0
684,706,Kz-steenwand 300 mm enkelvoudig [2],,,,,True,39.0,48.0,56.0,64.0,71.0,0.0
685,707,Kz-steenwand 327 mm enkelvoudig [2],,,,,True,40.0,49.0,58.0,65.0,72.0,0.0
686,708,Kz 100-30-100 ontk. spouwmuur [2],,,,,True,50.0,48.0,56.0,81.0,98.0,0.0
687,709,Kz 100-30-100 rand spouwmuur [2],,,,,True,46.0,45.0,51.0,61.0,70.0,0.0
688,710,Kz 120-50-120 ontk. spouwmuur [2],,,,,True,52.0,55.0,65.0,89.0,99.9,0.0
689,711,Kz 120-50-120 rand spouwmuur [2],,,,,True,45.0,47.0,54.0,63.0,71.0,0.0
690,712,Kz 100-50-100 iso/ontk spouwmuur [2],,,,,True,56.0,54.0,62.0,87.0,99.0,0.0
691,713,Kz 100-50-100 iso/20a spouwmuur [2],,,,,True,50.0,52.0,60.0,79.0,93.0,0.0
692,714,Kz 100-50-100 iso/40a spouwmuur [2],,,,,True,50.0,52.0,60.0,79.0,93.0,0.0
693,715,Beton 80-30-80 ontk. spouwmuur [2],,,,,True,46.0,46.0,55.0,80.0,98.0,0.0
694,716,Beton 80-30-80 rand spouwmuur [2],,,,,True,44.0,44.0,51.0,61.0,69.0,0.0
695,717,Wand 2x2gips/wol 100 mm/hout [1],,,,,True,48.0,58.0,66.0,66.0,68.0,0.0
696,718,Wand 2x1gips/wol 200 mm/hout [1],,,,,True,43.0,52.0,64.0,80.0,84.0,0.0
697,719,Wand 2x1gips/wol 250 mm/hout [1],,,,,True,43.0,53.0,67.0,79.0,85.0,0.0
698,720,Wand 2x1gips/wol 300 mm/hout [1],,,,,True,48.0,60.0,73.0,82.0,86.0,0.0
699,721,Betonvloer 150  mm [2],,,,,True,41.0,42.0,52.0,60.0,67.0,0.0
700,722,Betonvloer 180  mm [2],,,,,True,41.0,46.0,55.0,63.0,70.0,0.0
701,723,Betonvloer 200  mm [2],,,,,True,42.0,47.0,56.0,64.0,71.0,0.0
702,724,Betonvloer 220  mm [2],,,,,True,42.0,49.0,58.0,65.0,72.0,0.0
703,725,Betonvloer 280  mm [2],,,,,True,45.0,53.0,61.0,68.0,75.0,0.0
704,726,Betonvloer 300  mm [2],,,,,True,46.0,54.0,62.0,69.0,76.0,0.0
705,727,Lichte wand beton 70  mm [2],,,,,True,35.0,32.0,34.0,44.0,53.0,0.0
706,728,Lichte wand beton 100  mm [2],,,,,True,35.0,34.0,41.0,51.0,59.0,0.0
707,729,Lichte wand beton 120  mm [2],,,,,True,36.0,36.0,45.0,54.0,62.0,0.0
708,730,Lichte wand beton 140  mm [2],,,,,True,36.0,38.0,48.0,56.0,64.0,0.0
709,731,Lichte wand kz 70  mm [1],,,,,True,35.0,34.0,33.0,40.0,50.0,0.0
710,732,Lichte wand kz 100  mm [2],,,,,True,35.0,34.0,36.0,47.0,55.0,0.0
711,733,Lichte wand kz 120  mm [2],,,,,True,35.0,34.0,40.0,50.0,58.0,0.0
712,734,Gasbetonwand 70  mm [1],,,,,True,29.0,33.0,31.0,28.0,35.0,0.0
713,735,Gasbetonwand 100  mm [1],,,,,True,32.0,34.0,29.0,32.0,41.0,0.0
714,736,Gasbetonwand 140  mm [1],,,,,True,33.0,32.0,30.0,37.0,46.0,0.0
715,737,Gasbetonwand 160  mm [1],,,,,True,34.0,31.0,32.0,39.0,47.0,0.0
716,738,Gasbetonwand 200  mm [2],,,,,True,34.0,32.0,35.0,43.0,51.0,0.0
717,739,Gipsblokwand 70 mm [1],,,,,True,29.0,29.0,26.0,32.0,41.0,0.0
718,740,Gipsblokwand 100  mm [1],,,,,True,30.0,28.0,29.0,38.0,47.0,0.0
719,741,Gipsblokwand 140  mm [1],,,,,True,30.0,29.0,35.0,44.0,52.0,0.0
720,742,Wand 2x1/sp.50  mm/hout 600  mm hoh [1],,,,,True,15.0,22.0,29.0,35.0,40.0,0.0
721,743,Wand 2x1/wol50 mm/hout 600 mm hoh [1],,,,,True,20.0,27.0,39.0,47.0,51.0,0.0
722,744,Wand 2x1/sp.50 mm/hout 300 mm hoh [1],,,,,True,19.0,22.0,29.0,35.0,40.0,0.0
723,745,Wand 2x1/wol50 mm/hout 300 mm [1],,,,,True,21.0,26.0,37.0,44.0,48.0,0.0
724,746,Wand 2x1/sp.50 mm/m.s. 600 mm hoh [1],,,,,True,15.0,22.0,29.0,35.0,40.0,0.0
725,747,Wand 2x1/wol50 mm/m.s. 600 mm hoh [1],,,,,True,19.0,27.0,39.0,47.0,54.0,0.0
726,748,Wand 2x2/wol50 mm/m.s. 600 mm hoh [1],,,,,True,26.0,38.0,48.0,56.0,66.0,0.0
727,749,Wand 2x2/sp.100 mm/m.s.600 mm hoh [1],,,,,True,28.0,39.0,52.0,64.0,77.0,0.0
728,750,Wand 2x2/wol100 mm/m.s.600 mm hoh [1],,,,,True,29.0,42.0,55.0,68.0,81.0,0.0
729,751,Wand 2x2/wol100 mm/m.s.ontkoppeld [1],,,,,True,30.0,46.0,57.0,69.0,80.0,0.0
730,752,Betonvloer 130 mm [2],,,,,True,40.0,42.0,50.0,58.0,66.0,0.0
731,753,Betonvloer 170 mm [2],,,,,True,41.0,44.0,54.0,61.0,68.0,0.0
732,754,Betonvloer 190 mm [2],,,,,True,42.0,46.0,55.0,63.0,70.0,0.0
733,755,Betonvloer 210 mm [2],,,,,True,42.0,48.0,56.0,64.0,71.0,0.0
734,756,Houten vloer balklaag [1],,,,,True,18.0,15.0,20.0,23.0,28.0,0.0
735,757,Houten vl.balklaag+plafond [1],,,,,True,18.0,25.0,33.0,38.0,42.0,0.0
736,758,Vloer 340 mm b= 600 mm Cassettevloer [2],,,,,True,34.0,34.0,34.0,39.0,39.0,0.0
737,759,Vloer 350 mm b= 600 mm Cassettevloer [2],,,,,True,36.0,38.0,38.0,43.0,53.0,0.0
738,760,Vloer 380 mm b= 600 mm Cassettevloer [2],,,,,True,36.0,42.0,52.0,51.0,59.0,0.0
739,761,Vloer 340 mm b=1200 mm Cassettevloer [2],,,,,True,32.0,31.0,33.0,38.0,48.0,0.0
740,762,Vloer 350 mm b=1200 mm Cassettevloer [2],,,,,True,33.0,33.0,35.0,42.0,52.0,0.0
741,763,Vloer 380 mm b=1200 mm Cassettevloer [2],,,,,True,33.0,36.0,40.0,50.0,58.0,0.0
742,764,Combinatievloer 200 mm [2],,,,,True,33.0,33.0,34.0,42.0,51.0,0.0
743,765,Gasbetonvloer 200 mm [2],,,,,True,34.0,35.0,43.0,47.0,55.0,0.0
744,766,Lichtbeton vloer 200 mm [2],,,,,True,36.0,37.0,47.0,52.0,60.0,0.0
745,767,Honingraat/2x hardboard sandwich,,,,,True,1.0,8.0,9.0,11.0,19.0,0.0
746,768,Honingraat/2x triplex sandwich [1],,,,,True,5.0,6.0,10.0,13.0,22.0,0.0
747,769,Honingraat/2x asbestcement sandwich,,,,,True,7.0,13.0,20.0,23.0,27.0,0.0
748,770,Honingraat/2x gipskarton sandwich [1],,,,,True,15.0,20.0,26.0,29.0,30.0,0.0
749,771,Honingraat/2xtriplex+hwc sandwich [1],,,,,True,22.0,27.0,34.0,41.0,47.0,0.0
750,772,Kurk/2x asbestcement sandwich,,,,,True,25.0,27.0,29.0,36.0,44.0,0.0
751,773,PS schuim/2x staal sandwich [1],,,,,True,10.0,27.0,25.0,30.0,35.0,0.0
752,774,PS schuim/2x gipskarton sandwich [1],,,,,True,17.0,22.0,20.0,25.0,24.0,0.0
753,775,PS schuim/2x hardboard sandwich [1],,,,,True,15.0,20.0,24.0,26.0,17.0,0.0
754,776,PUR schuim/2x gipskarton sandwich [1],,,,,True,17.0,22.0,23.0,30.0,41.0,0.0
755,777,PUR schuim/2x aluminium sandwich [1],,,,,True,10.0,16.0,18.0,20.0,24.0,0.0
756,778,PUR schuim/2x asbestcement sandwich,,,,,True,20.0,25.0,29.0,35.0,34.0,0.0
757,779,Steenwol/2x staal sandwich [1],,,,,True,22.0,35.0,40.0,48.0,54.0,0.0
758,780,Buitendeur 38 mm [1],,,,,True,24.0,29.0,30.0,31.0,34.0,0.0
759,781,Buitendeur 38.4-6-4.klein glasopp. [1],,,,,True,25.0,27.0,28.0,34.0,38.0,0.0
760,782,Buitendeur 38.4-6-4.groot glasopp. [1],,,,,True,24.0,24.0,25.0,34.0,37.0,0.0
761,783,Buitendeur 38.4-12-8.klein glasopp. [1],,,,,True,23.0,30.0,31.0,35.0,37.0,0.0
762,784,Buitendeur 38.4-12-8.groot glasopp. [1],,,,,True,25.0,28.0,33.0,36.0,39.0,0.0
763,785,Buitendeur 54 mm [1],,,,,True,27.0,31.0,31.0,34.0,40.0,0.0
764,786,Buitendeur 54.4-6-4.klein glasopp. [1],,,,,True,25.0,26.0,27.0,34.0,38.0,0.0
765,787,Buitendeur 54.4-6-4.groot glasopp. [1],,,,,True,25.0,24.0,25.0,34.0,37.0,0.0
766,788,Buitendeur 54.4-12-8.klein glasopp. [1],,,,,True,27.0,31.0,35.0,37.0,38.0,0.0
767,789,Buitendeur 54.4-12-8.groot glasopp. [1],,,,,True,27.0,32.0,35.0,39.0,36.0,0.0
768,790,Betonsteenwand 190 mm [2],,,,,True,37.0,40.1,47.0,55.9,63.4,0.0
769,791,Betonsteenwand 100 mm [1],,,,,True,33.9,38.6,42.9,46.3,45.0,0.0
770,792,Fermacell 1S15 geen kit [1],,,,,True,24.0,30.3,38.2,43.0,33.7,0.0
771,793,Fermacell 1S15 1x kit [1],,,,,True,25.1,33.0,42.3,51.4,49.1,0.0
772,794,Fermacell 1S11 geen kit [1],,,,,True,31.6,37.2,46.2,49.9,35.6,0.0
773,795,Fermacell 1S11 1x kit [1],,,,,True,32.3,37.7,47.4,58.1,55.3,0.0
774,796,Fermacell 1S11 2x kit [1],,,,,True,33.5,37.8,47.7,60.6,62.7,0.0
775,797,Fermacell 1S115 1x kit [1],,,,,True,29.7,35.7,49.8,58.0,56.1,0.0
776,798,Fermacell 1S11 100 1xkit [1],,,,,True,28.8,39.1,49.4,49.8,48.5,0.0
777,799,Fermacell 1S11 100 2xkit [1],,,,,True,29.7,38.1,49.1,59.0,59.6,0.0
778,800,Fermacell 1S/H32 2xkit [1],,,,,True,33.7,47.8,57.9,64.0,64.8,0.0
779,801,Glazen b.steen 19x19x8,,,,,True,29.0,30.9,37.4,42.4,37.9,0.0
780,802,Glazen b.steen 24x24x8,,,,,True,29.0,33.0,39.3,42.4,35.1,0.0
781,803,Glazen b.steen 24x11.5x8,,,,,True,33.8,36.2,40.3,45.7,49.6,0.0
782,804,Glazen b.steen 30x30x10,,,,,True,35.0,35.6,42.7,35.8,38.7,0.0
783,805,92Deci Air K1015/10,,,,,True,4.1,4.2,10.3,15.7,11.0,16.8
784,806,92Deci Air K1015/15,,,,,True,4.2,4.8,9.1,11.3,10.2,17.7
785,807,92Deci Air K1015/20,,,,,True,3.4,4.2,6.0,9.2,9.7,15.2
786,808,92Deci Air K1015/25,,,,,True,4.1,2.8,6.4,9.0,8.2,11.7
787,809,92Deci Air K1020/10,,,,,True,4.7,6.2,16.4,19.9,26.8,32.7
788,810,92Deci Air K1020/15,,,,,True,4.9,3.9,12.4,19.5,14.5,16.8
789,811,92Deci Air K1020/20,,,,,True,5.0,3.1,9.7,14.6,17.5,16.0
790,812,92Deci Air K1020/25,,,,,True,4.8,2.6,9.4,11.8,10.3,12.2
791,813,92Deci Air K1025/10,,,,,True,4.3,7.0,17.4,23.5,20.0,18.6
792,814,92Deci Air K1025/15,,,,,True,4.3,6.2,17.5,26.7,15.2,22.6
793,815,92Deci Air K1025/20,,,,,True,5.3,5.2,16.2,19.0,12.8,17.5
794,816,92Deci Air K1025/25,,,,,True,4.5,3.4,13.5,17.7,13.8,16.9
795,817,92Deci Air K1515/10,,,,,True,4.4,8.0,16.2,14.9,14.4,23.5
796,818,92Deci Air K1515/15,,,,,True,3.4,5.4,14.8,15.3,13.3,19.6
797,819,92Deci Air K1515/20,,,,,True,4.3,7.3,11.6,10.4,10.9,15.5
798,820,92Deci Air K1515/25,,,,,True,4.8,6.2,11.7,9.6,10.1,13.9
799,821,92Deci Air K1515/30,,,,,True,3.3,3.0,10.1,11.1,12.1,16.8
800,822,92Deci Air K1520/10,,,,,True,3.4,9.9,18.5,22.2,21.0,28.2
801,823,92Deci Air K1520/15,,,,,True,6.0,11.0,18.4,16.9,17.3,20.9
802,824,92Deci Air K1520/20,,,,,True,4.7,8.1,14.7,16.6,17.0,18.3
803,825,92Deci Air K1520/25,,,,,True,2.4,6.4,14.0,16.2,18.9,21.1
804,826,92Deci Air K1520/30,,,,,True,2.5,3.8,13.1,13.7,11.4,12.8
805,827,92Deci Air K1525/10,,,,,True,6.5,15.2,22.2,26.5,25.2,26.4
806,828,92Deci Air K1525/15,,,,,True,3.8,13.8,20.4,23.0,24.0,27.4
807,829,92Deci Air K1525/20,,,,,True,3.5,10.0,18.1,20.3,17.2,19.7
808,830,92Deci Air K1525/25,,,,,True,3.9,9.4,16.3,16.0,16.0,15.8
809,831,92Deci Air K1525/30,,,,,True,2.6,5.5,15.1,18.3,14.7,16.2
810,832,Aralco Deci Air K1015/10,,,,,True,34.1,34.2,40.3,45.7,41.0,46.8
811,833,Aralco Deci Air K1015/15,,,,,True,32.4,33.0,37.3,39.5,38.4,45.9
812,834,Aralco Deci Air K1015/20,,,,,True,30.4,31.2,33.0,36.2,36.7,42.2
813,835,Aralco Deci Air K1015/25,,,,,True,30.1,28.8,32.4,35.0,34.2,37.7
814,836,Aralco Deci Air K1020/10,,,,,True,34.7,36.2,46.4,49.9,56.8,62.7
815,837,Aralco Deci Air K1020/15,,,,,True,33.1,32.1,40.6,47.7,42.7,45.0
816,838,Aralco Deci Air K1020/20,,,,,True,32.0,30.1,36.7,41.6,44.5,43.0
817,839,Aralco Deci Air K1020/25,,,,,True,30.8,28.6,35.4,37.8,36.3,38.2
818,840,Aralco Deci Air K1025/10,,,,,True,34.3,37.0,47.4,53.5,50.0,48.6
819,841,Aralco Deci Air K1025/15,,,,,True,32.5,34.4,45.7,54.9,43.4,50.8
820,842,Aralco Deci Air K1025/20,,,,,True,32.3,32.2,43.2,46.0,39.8,44.5
821,843,Aralco Deci Air K1025/25,,,,,True,30.5,29.4,39.5,43.7,39.8,42.9
822,844,Aralco Deci Air K1515/10,,,,,True,34.4,38.0,46.2,44.9,44.4,53.5
823,845,Aralco Deci Air K1515/15,,,,,True,31.6,33.6,43.0,43.5,41.5,47.8
824,846,Aralco Deci Air K1515/20,,,,,True,31.3,34.3,38.6,37.4,37.9,42.5
825,847,Aralco Deci Air K1515/25,,,,,True,30.8,32.2,37.7,35.6,36.1,39.9
826,848,Aralco Deci Air K1515/30,,,,,True,28.5,28.2,35.3,36.3,37.3,42.0
827,849,Aralco Deci Air K1520/10,,,,,True,33.4,39.9,48.5,52.2,51.0,58.2
828,850,Aralco Deci Air K1520/15,,,,,True,34.2,39.2,46.6,45.1,45.5,49.1
829,851,Aralco Deci Air K1520/20,,,,,True,31.7,35.1,41.7,43.6,44.0,45.3
830,852,Aralco Deci Air K1520/25,,,,,True,28.4,32.4,40.0,42.2,44.9,47.1
831,853,Aralco Deci Air K1520/30,,,,,True,27.7,29.0,38.3,38.9,36.6,38.0
832,854,Aralco Deci Air K1525/10,,,,,True,36.5,45.2,52.2,56.5,55.2,56.4
833,855,Aralco Deci Air K1525/15,,,,,True,32.0,42.0,48.6,51.2,52.2,55.6
834,856,Aralco Deci Air K1525/20,,,,,True,30.5,37.0,45.1,47.3,44.2,46.7
835,857,Aralco Deci Air K1525/25,,,,,True,29.9,35.4,42.3,42.0,42.0,41.8
836,858,Aralco Deci Air K1525/30,,,,,True,27.8,30.7,40.3,43.5,39.9,41.4
837,859,Buvaflex 24.32 $,,,,,True,4.0,1.5,8.7,11.3,15.7,20.9
838,860,Buvaflex 24.34 $,,,,,True,-0.6,1.2,11.1,16.0,15.1,19.2
839,861,Buvalux 24.3,,,,,True,31.7,33.3,41.9,45.0,52.1,56.4
840,862,Buvalux 24.31,,,,,True,34.3,40.3,44.0,45.5,48.1,52.0
841,863,Buvaflex 24.32,,,,,True,29.0,29.5,36.8,38.7,35.7,41.6
842,864,Buvaflex 24.32 $,,,,,True,30.6,28.1,35.3,37.9,42.3,47.5
843,865,Buvaflex 24.34,,,,,True,30.8,32.7,41.7,43.2,38.7,44.2
844,866,Buvaflex 24.34 $,,,,,True,30.6,28.1,35.3,37.9,42.3,47.5
845,871,Alusta Orion Bonum 110,,,,,True,3.2,5.8,11.9,13.9,12.9,0.0
846,872,Alusta Orion Bonum 150,,,,,True,3.5,4.0,9.7,12.7,11.8,0.0
847,873,Alusta Orion Bonum 200,,,,,True,3.1,1.8,8.4,12.5,11.4,0.0
848,874,Alusta Orion Ultra 110,,,,,True,2.9,9.2,18.0,18.7,19.6,0.0
849,875,Alusta Orion Ultra 150,,,,,True,2.7,6.3,13.3,16.5,19.2,0.0
850,876,Alusta Orion Ultra 200,,,,,True,2.7,5.9,12.4,14.7,15.8,0.0
851,877,Alusta Orion Ultra 300,,,,,True,2.4,4.0,8.5,8.5,10.6,0.0
852,878,Alusta Orion Hyper 110,,,,,True,5.4,11.8,20.5,20.1,16.7,0.0
853,879,Alusta Orion Hyper 150,,,,,True,5.2,9.7,18.8,17.8,15.8,0.0
854,880,Alusta Orion Hyper 200,,,,,True,4.6,7.1,15.2,15.4,16.4,0.0
855,881,Alusta Orion Hyper 300,,,,,True,4.3,5.9,9.1,10.4,14.4,0.0
856,882,Alusta Orion Summum 110,,,,,True,7.5,14.0,23.8,23.4,22.1,0.0
857,883,Alusta Orion Summum 150,,,,,True,5.8,11.9,20.9,22.2,20.5,0.0
858,884,Alusta Orion Summum 200,,,,,True,3.3,9.4,17.5,20.1,20.3,0.0
859,885,Alusta Orion Summum 250,,,,,True,4.1,8.7,13.7,16.8,20.2,0.0
860,886,Alusta Orion Summum 300,,,,,True,4.7,7.3,10.5,12.8,18.2,0.0
861,887,Alusta PDD25 platdakdemper,,,,,True,7.3,7.5,6.4,17.6,16.0,0.0
862,888,Alusta PDD50 platdakdemper,,,,,True,3.2,11.1,13.1,21.6,24.1,0.0
863,889,Alusta PDD75 platdakdemper,,,,,True,5.1,13.0,19.3,23.6,24.6,0.0
864,890,Alusta Scorpio 4-20-6 draai-valraam,,,,,True,24.7,29.4,37.1,40.4,44.6,0.0
865,891,Alusta Scorpio 6-20-8 draai-valraam,,,,,True,26.4,31.7,40.5,39.9,42.6,0.0
866,892,Alusta 8-20-4/0.76/4 Scorpio dv-raam,,,,,True,29.4,31.3,40.9,40.9,44.8,0.0
867,893,Alusta10-20-4/0.76/4 Scorpio dv-raam,,,,,True,30.7,32.8,41.2,40.4,45.7,0.0
868,894,Alusta 8-20-4/2/4 Scorpio dv-raam,,,,,True,30.6,36.1,41.4,41.2,48.6,0.0
869,895,Alusta 10-20-4/2/4 Scorpio dv-raam,,,,,True,32.7,37.7,41.5,40.9,48.0,0.0
870,903,*Alusta Thermob 100 ursus vt.rooster,,,,,True,1.5,0.3,-2.7,0.6,3.4,0.0
871,904,*Alusta Thermob 150 kap vent.rooster,,,,,True,0.8,-1.4,-5.0,-1.8,1.9,0.0
872,905,*Alusta Thermob 150 lamel vt.rooster,,,,,True,-1.6,-2.3,-4.7,-4.8,-4.6,0.0
873,906,*Alusta Thermob 150 ursus vt.rooster,,,,,True,1.3,-1.3,-3.8,1.5,2.6,0.0
874,907,Alusta Cadet 110 Standaard,,,,,True,34.6,32.7,40.6,43.7,44.5,0.0
875,908,Alusta Cadet 150 Standaard,,,,,True,33.5,30.1,35.4,41.0,41.9,0.0
876,909,Alusta Cadet 200 Standaard,,,,,True,31.4,29.1,31.1,37.9,39.2,0.0
877,910,Alusta Cadet Plus 110,,,,,True,35.0,34.3,46.0,49.3,49.8,0.0
878,911,Alusta Cadet Plus 150,,,,,True,33.7,30.7,40.1,45.3,48.2,0.0
879,912,Alusta Cadet Plus 200,,,,,True,32.3,28.9,35.2,41.0,45.1,0.0
880,913,Alusta Cadet Extra 110,,,,,True,36.9,38.3,49.2,49.3,48.0,0.0
881,914,Alusta Cadet Extra 150,,,,,True,34.5,34.1,44.4,45.0,44.2,0.0
882,915,Alusta Cadet Extra 200,,,,,True,33.8,31.8,39.2,39.6,40.5,0.0
883,916,Alusta Cadet Extra 250,,,,,True,31.5,29.1,37.0,37.9,38.0,0.0
884,917,Alusta Cadet Super 110,,,,,True,36.3,40.5,51.8,52.4,51.3,0.0
885,918,Alusta Cadet Super 150,,,,,True,33.9,36.1,47.2,49.4,49.5,0.0
886,919,Alusta Cadet Super 200,,,,,True,34.0,32.7,41.5,43.4,46.7,0.0
887,920,Alusta Orion Bonum 110,,,,,True,32.8,35.4,41.5,43.5,42.5,0.0
888,921,Alusta Orion Bonum 150,,,,,True,31.7,32.2,37.9,40.9,40.0,0.0
889,922,Alusta Orion Bonum 200,,,,,True,30.1,28.8,35.4,39.5,38.4,0.0
890,923,Alusta Orion Ultra 110,,,,,True,32.5,38.8,47.6,48.3,49.2,0.0
891,924,Alusta Orion Ultra 150,,,,,True,30.9,34.5,41.5,44.7,47.4,0.0
892,925,Alusta Orion Ultra 200,,,,,True,29.7,32.9,39.4,41.7,42.8,0.0
893,926,Alusta Orion Ultra 250,,,,,True,29.0,31.0,34.2,36.9,39.0,0.0
894,927,Alusta Orion Ultra 300,,,,,True,27.6,29.2,33.7,33.7,35.8,0.0
895,928,Alusta Orion Hyper 110,,,,,True,35.0,41.4,50.1,49.7,46.3,0.0
896,929,Alusta Orion Hyper 150,,,,,True,33.4,37.9,47.0,46.0,44.0,0.0
897,930,Alusta Orion Hyper 200,,,,,True,31.6,34.1,42.2,42.4,43.4,0.0
898,931,Alusta Orion Hyper 250,,,,,True,29.0,32.3,36.7,40.6,44.1,0.0
899,932,Alusta Orion Hyper 300,,,,,True,29.5,31.1,34.3,35.6,39.6,0.0
900,933,Alusta Orion Summum 110,,,,,True,37.1,43.6,53.4,53.0,51.7,0.0
901,934,Alusta Orion Summum 150,,,,,True,34.0,40.1,49.1,50.4,48.7,0.0
902,935,Alusta Orion Summum 200,,,,,True,30.3,36.4,44.5,47.1,47.3,0.0
903,936,Alusta Orion Summum 250,,,,,True,30.1,34.7,39.7,42.8,46.2,0.0
904,937,Alusta Orion Summum 300,,,,,True,29.9,32.5,35.7,38.0,43.4,0.0
905,938,*Alusta MD16 kern 11 muurdemper,,,,,True,39.8,34.2,39.9,46.2,55.8,0.0
906,939,Alusta MD20 kern 11 muurdemper,,,,,True,32.8,29.6,34.7,40.6,42.8,0.0
907,940,Alusta MD20 kern 11/V muurdemper,,,,,True,32.7,31.2,35.5,41.3,43.4,42.5
908,941,Alusta MD20 kern 16/V muurdemper,,,,,True,34.9,37.3,43.1,51.3,54.6,57.9
909,942,Alusta MD25 kern 16 muurdemper,,,,,True,30.7,28.8,37.9,39.4,42.7,0.0
910,943,Alusta MD25 kern 16/V muurdemper,,,,,True,29.8,31.1,35.4,41.8,45.2,41.9
911,944,Alusta MD25 kern 20 muurdemper,,,,,True,34.3,34.5,43.3,43.1,53.5,0.0
912,945,Alusta MD25 kern 20/V muurdemper,,,,,True,33.3,36.1,40.9,47.0,52.7,53.6
913,946,Alusta MD28 kern 16/V muurdemper,,,,,True,28.9,29.2,33.4,38.4,41.9,38.0
914,947,Alusta MD28 kern 20/V muurdemper,,,,,True,30.4,32.0,36.5,41.3,46.3,45.3
915,948,Alusta MD28 kern 22.5/V muurdemper,,,,,True,33.9,32.8,39.7,43.6,48.9,50.0
916,949,Alusta MD28 kern 25/V muurdemper,,,,,True,36.6,38.4,45.0,50.0,57.7,60.7
917,950,Alusta WD25k20/Vmiddenkap wangdemper,,,,,True,33.1,28.7,36.0,41.1,41.7,41.1
918,951,Alusta WD25k20/V grotekap wangdemper,,,,,True,33.4,27.2,34.2,38.9,38.6,39.7
919,952,Alusta Rondo 25k20/V muurdemper,,,,,True,35.8,33.9,42.8,45.5,51.1,56.4
920,953,Alusta MD25k20/V Monument muurdemper,,,,,True,32.9,37.3,41.1,44.6,52.4,54.3
921,954,Alusta DD25 kern 20/V dakdemper,,,,,True,33.8,33.0,37.5,39.6,46.1,46.8
922,955,*Alusta Thermob 150 lamel ventrooste,,,,,True,22.0,22.3,19.9,19.8,19.0,0.0
923,956,*Alusta Thermob 150 kap vent.rooster,,,,,True,24.0,22.8,18.2,22.4,26.0,0.0
924,957,*Alusta Thermob 150 ursus vt.rooster,,,,,True,25.4,22.8,20.3,25.6,26.7,0.0
925,958,Acoustair Optima 1615 suskast,,,,,True,6.0,2.2,5.8,9.2,8.6,11.9
926,959,Acoustair Optima 1620 suskast,,,,,True,5.4,2.1,3.7,5.6,7.3,10.4
927,960,Acoustair Optima 2010 suskast,,,,,True,6.1,3.6,12.2,18.2,17.8,22.0
928,961,Acoustair Optima 2015 suskast,,,,,True,6.5,3.0,10.2,13.9,14.0,18.2
929,962,Acoustair Optima 2020 suskast,,,,,True,5.8,2.5,7.4,10.0,8.4,13.3
930,963,Acoustair Optima 2410 suskast,,,,,True,5.4,7.6,15.0,21.4,28.1,30.2
931,964,Acoustair Optima 2415 suskast,,,,,True,4.1,3.7,11.6,16.0,23.2,26.7
932,965,Acoustair Optima 2420 suskast,,,,,True,4.5,3.7,10.1,13.0,13.5,17.7
933,966,Acoustair Optima 2810 suskast,,,,,True,3.8,8.8,16.8,25.2,29.5,34.7
934,967,Acoustair Optima 2815 suskast,,,,,True,3.4,6.2,14.3,21.1,25.0,27.9
935,968,Acoustair Optima 2820 suskast,,,,,True,3.4,5.3,11.9,18.4,19.5,24.4
936,969,Acoustair Optima 1610 suskast,,,,,True,35.6,31.5,38.4,42.4,42.3,46.4
937,970,Acoustair Optima 1615 suskast,,,,,True,34.2,30.4,34.0,37.4,36.8,40.1
938,971,Acoustair Optima 1620 suskast,,,,,True,32.4,29.1,30.7,32.6,34.3,37.4
939,972,Acoustair Optima 2010 suskast,,,,,True,36.1,33.6,42.2,48.2,47.8,52.0
940,973,Acoustair Optima 2015 suskast,,,,,True,34.7,31.2,38.4,42.1,42.2,46.4
941,974,Acoustair Optima 2020 suskast,,,,,True,32.8,29.5,34.4,37.0,35.4,40.3
942,975,Acoustair Optima 2410 suskast,,,,,True,35.4,37.6,45.0,51.4,58.1,60.2
943,976,Acoustair Optima 2415 suskast,,,,,True,32.3,31.9,39.8,44.2,51.4,54.9
944,977,Acoustair Optima 2420 suskast,,,,,True,31.5,30.7,37.1,40.0,40.5,44.7
945,978,Acoustair Optima 2810 suskast,,,,,True,33.8,38.8,46.8,55.2,59.5,64.7
946,979,Acoustair Optima 2815 suskast,,,,,True,31.6,34.4,42.5,49.3,53.2,56.1
947,980,Acoustair Optima 2820 suskast,,,,,True,30.4,32.3,38.9,45.4,46.5,51.4
948,981,Acoustair OptimaWM16 80o(3x),,,,,True,8.1,3.7,6.6,17.3,36.2,33.9
949,982,Acoustair OptimaWM20 80o(3x),,,,,True,7.9,6.6,9.4,21.5,38.4,37.1
950,983,Acoustair OptimaWM24 80o(3x),,,,,True,8.9,10.0,12.0,27.1,39.5,39.1
951,984,Acoustair OptimaWM16 270x20(3x),,,,,True,3.5,0.0,7.8,9.0,20.0,18.3
952,985,Acoustair OptimaWM20 270x20(3x),,,,,True,2.9,2.3,9.2,13.1,22.2,22.4
953,986,Acoustair OptimaWM24 270x20(3x),,,,,True,3.8,7.5,13.5,21.1,27.5,29.1
954,987,Acoustair OptimaWM16 80o(3x),,,,,True,38.1,33.7,36.6,47.3,66.2,63.9
955,988,Acoustair OptimaWM20 80o(3x),,,,,True,37.9,36.6,39.4,51.5,68.4,67.1
956,989,Acoustair OptimaWM24 80o(3x),,,,,True,38.9,40.0,42.0,57.1,69.5,69.1
957,990,Acoustair OptimaWM16 270x20(3x),,,,,True,33.5,30.0,37.8,39.0,50.0,48.3
958,991,Acoustair OptimaWM20 270x20(3x),,,,,True,32.9,32.3,39.2,43.1,52.2,52.4
959,992,Acoustair OptimaWM24 270x20(3x),,,,,True,33.8,37.5,43.5,51.1,57.5,59.1
960,993,Acoustair Varianta S suskast,,,,,True,31.5,31.7,37.0,38.7,40.7,44.3
961,994,Acoustair Varianta HD suskast,,,,,True,34.2,38.4,43.7,46.1,50.9,57.6
962,995,Houten vloer planken [1],,,,,True,16.6,13.8,18.2,22.0,24.6,0.0
963,996,Houten vloer multiplex [1],,,,,True,23.5,24.6,28.4,27.8,31.1,0.0
964,997,Houten vl. planken+tapijt [1],,,,,True,17.7,16.3,20.4,21.3,26.9,0.0
965,998,Houten vl. multipl+tapijt [1],,,,,True,22.9,25.0,27.0,24.8,31.9,0.0
966,999,Houten vl+rockwool+parket [1],,,,,True,20.9,28.2,38.0,44.9,55.8,0.0
967,1000,Vloer+rockw.+parket+tapijt [1],,,,,True,21.6,29.0,37.4,43.5,53.8,0.0
968,1001,*Velux GGL 0061 dakvenster,,,,,True,25.9,29.1,33.3,33.3,36.0,0.0
969,1002,Velux GGL 0062 dakvenster,,,,,True,25.2,32.2,38.1,42.8,45.9,49.6
970,1003,Glas 6-12-4/1/4 pvb.luchtgevuld,,6.0,12.0,4.0,True,24.0,24.0,31.0,35.0,38.0,41.0
971,1004,Glas 4-12-6/1/6 pvb.luchtgevuld (GDL),GDL,4.0,12.0,6.0,True,25.0,24.0,31.0,36.0,36.0,41.0
972,1005,Glas 4-16-4/1/4 pvb.luchtgevuld (GDL),GDL,4.0,16.0,4.0,True,23.0,23.0,32.0,37.0,40.0,41.0
973,1006,Glas 6-12-6/1/6 pvb.luchtgevuld (GDL),GDL,6.0,12.0,6.0,True,25.0,25.0,32.0,36.0,36.0,43.0
974,1007,Glas 8-12-6/1/6 pvb.luchtgevuld (GDL),GDL,8.0,12.0,6.0,True,26.0,26.0,33.0,36.0,36.0,45.0
975,1008,Glas 4-16-6/1/6 pvb.luchtgevuld (GDL),GDL,4.0,16.0,6.0,True,24.0,25.0,32.0,38.0,38.0,43.0
976,1009,Glas 4-20-4/1/4 pvb.luchtgevuld (GDL),GDL,4.0,20.0,4.0,True,23.0,25.0,33.0,38.0,41.0,42.0
977,1010,Glas 6-16-6/1/6 pvb.luchtgevuld (GDL),GDL,6.0,16.0,6.0,True,25.0,26.0,34.0,38.0,38.0,45.0
978,1011,Glas 6-20-4/1/4 pvb.luchtgevuld (GDL),GDL,6.0,20.0,4.0,True,23.0,27.0,34.0,38.0,41.0,44.0
979,1012,Glas 8-16-6/1/6 pvb.luchtgevuld (GDL),GDL,8.0,16.0,6.0,True,25.0,27.0,35.0,38.0,38.0,46.0
980,1013,Glas 4-20-6/1/6 pvb.luchtgevuld (GDL),GDL,4.0,20.0,6.0,True,24.0,26.0,33.0,39.0,39.0,44.0
981,1014,Glas 8-20-4/1/4 pvb.luchtgevuld (GDL),GDL,8.0,20.0,4.0,True,24.0,27.0,33.0,37.0,40.0,45.0
982,1015,Glas 4-24-4/1/4 pvb.luchtgevuld (GDL),GDL,4.0,24.0,4.0,True,23.0,26.0,34.0,39.0,42.0,43.0
983,1016,Glas 6-24-4/1/4 pvb.luchtgevuld (GDL),GDL,6.0,24.0,4.0,True,23.0,28.0,35.0,39.0,42.0,45.0
984,1017,Glas 8-20-6/1/6 pvb.luchtgevuld (GDL),GDL,8.0,20.0,6.0,True,26.0,28.0,36.0,39.0,39.0,47.0
985,1018,Glas 4-24-6/1/6 pvb.luchtgevuld (GDL),GDL,4.0,24.0,6.0,True,24.0,27.0,34.0,40.0,40.0,45.0
986,1019,Glas 8-24-4/1/4 pvb.luchtgevuld (GDL),GDL,8.0,24.0,4.0,True,24.0,28.0,36.0,38.0,41.0,46.0
987,1020,Glas 6-24-6/1/6 pvb.luchtgevuld (GDL),GDL,6.0,24.0,6.0,True,25.0,28.0,36.0,40.0,40.0,47.0
988,1021,Glas 8-24-6/1/6 pvb.luchtgevuld (GDL),GDL,8.0,24.0,6.0,True,26.0,29.0,37.0,40.0,40.0,48.0
989,1022,Glas 4-12-5/2/5hars.luchtgevuld (GDL),GDL,4.0,12.0,5.0,True,25.0,25.0,33.0,39.0,40.0,41.0
990,1023,Glas 6-12-5/2/5hars.luchtgevuld (GDL),GDL,6.0,12.0,5.0,True,25.0,26.0,34.0,39.0,40.0,43.0
991,1024,Glas 6-12-6/2/6hars.luchtgevuld (GDL),GDL,6.0,12.0,6.0,True,26.0,27.0,35.0,38.0,39.0,44.0
992,1025,Glas 8-12-5/2/5hars.luchtgevuld (GDL),GDL,8.0,12.0,5.0,True,26.0,27.0,35.0,38.0,39.0,45.0
993,1026,Glas 8-12-6/2/6hars.luchtgevuld (GDL),GDL,8.0,12.0,6.0,True,27.0,27.0,36.0,38.0,39.0,45.0
994,1027,Glas 6-16-5/2/5hars.luchtgevuld (GDL),GDL,6.0,16.0,5.0,True,25.0,27.0,36.0,41.0,41.0,45.0
995,1028,Glas 6-16-6/2/6hars.luchtgevuld (GDL),GDL,6.0,16.0,6.0,True,26.0,28.0,36.0,40.0,41.0,46.0
996,1029,Glas 4-20-5/2/5hars.luchtgevuld (GDL),GDL,4.0,20.0,5.0,True,24.0,27.0,36.0,42.0,43.0,44.0
997,1030,Glas 8-16-6/2/6hars.luchtgevuld (GDL),GDL,8.0,16.0,6.0,True,27.0,29.0,37.0,40.0,41.0,47.0
998,1031,Glas 6-20-5/2/5hars.luchtgevuld (GDL),GDL,6.0,20.0,5.0,True,25.0,29.0,37.0,42.0,43.0,46.0
999,1032,Glas 6-20-6/2/6hars.luchtgevuld (GDL),GDL,6.0,20.0,6.0,True,26.0,29.0,38.0,41.0,42.0,47.0
1000,1033,Glas 8-20-5/2/5hars.luchtgevuld (GDL),GDL,8.0,20.0,5.0,True,26.0,29.0,38.0,41.0,42.0,47.0
1001,1034,Glas 4-24-5/2/5hars.luchtgevuld (GDL),GDL,4.0,24.0,5.0,True,24.0,28.0,37.0,43.0,44.0,45.0
1002,1035,Glas 6-24-5/2/5hars.luchtgevuld (GDL),GDL,6.0,24.0,5.0,True,25.0,30.0,38.0,43.0,44.0,47.0
1003,1036,Glas 6-24-6/2/6hars.luchtgevuld (GDL),GDL,6.0,24.0,6.0,True,26.0,30.0,39.0,42.0,43.0,48.0
1004,1037,Glas 8-24-5/2/5hars.luchtgevuld (GDL),GDL,8.0,24.0,5.0,True,26.0,30.0,39.0,42.0,43.0,48.0
1005,1038,Glas 8-24-6/2/6hars.luchtgevuld (GDL),GDL,8.0,24.0,6.0,True,27.0,31.0,40.0,42.0,43.0,49.0
1006,1039,Glas 4-12-6/1/6 pvb.gasgevuld (GDG),GDG,4.0,12.0,6.0,True,23.0,23.0,37.0,38.0,36.0,41.0
1007,1040,Glas 4-16-4/1/4 pvb.gasgevuld (GDG),GDG,4.0,16.0,4.0,True,21.0,24.0,39.0,44.0,40.0,41.0
1008,1041,Glas 6-12-6/1/6 pvb.gasgevuld (GDG),GDG,6.0,12.0,6.0,True,23.0,26.0,40.0,36.0,36.0,43.0
1009,1042,Glas 8-12-6/1/6 pvb.gasgevuld (GDG),GDG,8.0,12.0,6.0,True,23.0,28.0,41.0,36.0,36.0,45.0
1010,1043,Glas 4-16-6/1/6 pvb.gasgevuld (GDG),GDG,4.0,16.0,6.0,True,23.0,26.0,40.0,40.0,38.0,43.0
1011,1044,Glas 4-20-4/1/4 pvb.gasgevuld (GDG),GDG,4.0,20.0,4.0,True,21.0,27.0,41.0,45.0,41.0,42.0
1012,1045,Glas 6-16-6/1/6 pvb.gasgevuld (GDG),GDG,6.0,16.0,6.0,True,22.0,29.0,41.0,38.0,38.0,45.0
1013,1046,Glas 6-20-4/1/4 pvb.gasgevuld (GDG),GDG,6.0,20.0,4.0,True,21.0,29.0,42.0,42.0,41.0,44.0
1014,1047,Glas 8-16-6/1/6 pvb.gasgevuld (GDG),GDG,8.0,16.0,6.0,True,23.0,31.0,42.0,38.0,38.0,46.0
1015,1048,Glas 4-20-6/1/6 pvb.gasgevuld (GDG),GDG,4.0,20.0,6.0,True,22.0,28.0,41.0,41.0,39.0,44.0
1016,1049,Glas 8-20-4/1/4 pvb.gasgevuld (GDG),GDG,8.0,20.0,4.0,True,22.0,31.0,42.0,39.0,40.0,45.0
1017,1050,Glas 4-24-4/1/4 pvb.gasgevuld (GDG),GDG,4.0,24.0,4.0,True,21.0,29.0,41.0,46.0,42.0,43.0
1018,1051,Glas 6-24-4/1/4 pvb.gasgevuld (GDG),GDG,6.0,24.0,4.0,True,21.0,31.0,42.0,43.0,42.0,45.0
1019,1052,Glas 8-20-6/1/6 pvb.gasgevuld (GDG),GDG,8.0,20.0,6.0,True,23.0,33.0,43.0,39.0,39.0,47.0
1020,1053,Glas 4-24-6/1/6 pvb.gasgevuld (GDG),GDG,4.0,24.0,6.0,True,22.0,30.0,42.0,42.0,40.0,45.0
1021,1054,Glas 8-24-4/1/4 pvb.gasgevuld (GDG),GDG,8.0,24.0,4.0,True,22.0,33.0,43.0,40.0,41.0,46.0
1022,1055,Glas 6-24-6/1/6 pvb.gasgevuld (GDG),GDG,6.0,24.0,6.0,True,22.0,33.0,43.0,40.0,40.0,47.0
1023,1056,Glas 8-24-6/1/6 pvb.gasgevuld (GDG),GDG,8.0,24.0,6.0,True,23.0,35.0,44.0,40.0,40.0,48.0
1024,1057,Glas 6-12-4/1/4 pvb.gasgevuld (GDG),GDG,6.0,12.0,4.0,True,22.0,24.0,39.0,40.0,38.0,41.0
1025,1058,Glas 4-12-5/2/5hars.gasgevuld (GDG),GDG,4.0,12.0,5.0,True,23.0,24.0,39.0,47.0,40.0,41.0
1026,1059,Glas 6-12-5/2/5hars.gasgevuld (GDG),GDG,6.0,12.0,5.0,True,23.0,24.0,39.0,47.0,40.0,41.0
1027,1060,Glas 6-12-6/2/6hars.gasgevuld (GDG),GDG,6.0,12.0,6.0,True,24.0,25.0,40.0,45.0,39.0,42.0
1028,1061,Glas 8-12-5/2/5hars.gasgevuld (GDG),GDG,8.0,12.0,5.0,True,24.0,28.0,43.0,41.0,39.0,45.0
1029,1062,Glas 8-12-6/2/6hars.gasgevuld (GDG),GDG,8.0,12.0,6.0,True,25.0,29.0,44.0,39.0,39.0,45.0
1030,1063,Glas 6-16-5/2/5hars.gasgevuld (GDG),GDG,6.0,16.0,5.0,True,23.0,30.0,44.0,46.0,41.0,45.0
1031,1064,Glas 6-16-6/2/6hars.gasgevuld (GDG),GDG,6.0,16.0,6.0,True,24.0,30.0,44.0,44.0,41.0,46.0
1032,1065,Glas 4-20-5/2/5hars.gasgevuld (GDG),GDG,4.0,20.0,5.0,True,22.0,29.0,43.0,50.0,43.0,44.0
1033,1066,Glas 8-16-6/2/6hars.gasgevuld (GDG),GDG,8.0,16.0,6.0,True,24.0,31.0,44.0,43.0,41.0,46.0
1034,1067,Glas 6-20-5/2/5hars.gasgevuld (GDG),GDG,6.0,20.0,5.0,True,23.0,32.0,44.0,47.0,43.0,46.0
1035,1068,Glas 6-20-6/2/6hars.gasgevuld (GDG),GDG,6.0,20.0,6.0,True,24.0,33.0,45.0,45.0,42.0,47.0
1036,1069,Glas 8-20-5/2/5hars.gasgevuld (GDG),GDG,8.0,20.0,5.0,True,24.0,34.0,45.0,44.0,42.0,47.0
1037,1070,Glas 4-24-5/2/5hars.gasgevuld (GDG),GDG,4.0,24.0,5.0,True,22.0,31.0,44.0,50.0,44.0,45.0
1038,1071,Glas 6-24-5/2/5hars.gasgevuld (GDG),GDG,6.0,24.0,5.0,True,23.0,34.0,45.0,48.0,44.0,47.0
1039,1072,Glas 6-24-6/2/6hars.gasgevuld (GDG),GDG,6.0,24.0,6.0,True,24.0,35.0,46.0,46.0,43.0,48.0
1040,1073,Glas 8-24-5/2/5hars.gasgevuld (GDG),GDG,8.0,24.0,5.0,True,24.0,36.0,46.0,45.0,43.0,48.0
1041,1074,Glas 8-24-6/2/6hars.gasgevuld (GDG),GDG,8.0,24.0,6.0,True,25.0,37.0,46.0,43.0,43.0,49.0
1042,1075,Glas 4/1/4-12-6/1/6 luchtgev.gelam.(GDL),GDL,4.0,1.0,4.0,True,26.0,26.0,33.0,36.0,39.0,48.0
1043,1076,Glas 4/1/4-16-6/1/6 luchtgev..gelam. (GDL),GDL,4.0,1.0,4.0,True,26.0,27.0,35.0,38.0,41.0,49.0
1044,1077,Glas 4/1/4-20-4/1/4 luchtgev..gelam. (GDL),GDL,4.0,1.0,4.0,True,24.0,27.0,35.0,37.0,43.0,48.0
1045,1078,Glas 4/1/4-20-6/1/6 luchtgev..gelam. (GDL),GDL,4.0,1.0,4.0,True,27.0,28.0,36.0,39.0,42.0,50.0
1046,1079,Glas 4/1/4-24-4/1/4 luchtgev..gelam. (GDL),GDL,4.0,1.0,4.0,True,25.0,28.0,36.0,38.0,44.0,49.0
1047,1080,Glas 4/1/4-24-6/1/6 luchtgev..gelam. (GDL),GDL,4.0,1.0,4.0,True,27.0,29.0,37.0,40.0,43.0,51.0
1048,1081,Glas 4/1/4-12-6/2/6 luchtgev..gelam. (GDL),GDL,4.0,1.0,4.0,True,27.0,27.0,36.0,38.0,42.0,48.0
1049,1082,Glas 4/1/4-16-5/2/5 luchtgev..gelam. (GDL),GDL,4.0,1.0,4.0,True,26.0,28.0,37.0,40.0,44.0,49.0
1050,1083,Glas 4/1/4-16-6/2/6 luchtgev..gelam. (GDL),GDL,4.0,1.0,4.0,True,28.0,29.0,37.0,40.0,44.0,50.0
1051,1084,Glas 4/1/4-20-5/2/5 luchtgev..gelam. (GDL),GDL,4.0,1.0,4.0,True,27.0,29.0,38.0,41.0,45.0,50.0
1052,1085,Glas 4/1/4-24-5/2/5 luchtgev..gelam. (GDL),GDL,4.0,1.0,4.0,True,27.0,30.0,39.0,42.0,46.0,51.0
1053,1086,Glas 4/1/4-24-6/2/6 luchtgev..gelam. (GDL),GDL,4.0,1.0,4.0,True,28.0,31.0,40.0,42.0,46.0,52.0
1054,1087,Glas 5/2/5-12-5/2/5 luchtgev..gelam. (GDL),GDL,5.0,2.0,5.0,True,28.0,29.0,38.0,42.0,44.0,50.0
1055,1088,Glas 5/2/5-16-5/2/5 luchtgev..gelam. (GDL),GDL,5.0,2.0,5.0,True,29.0,30.0,40.0,44.0,46.0,51.0
1056,1089,Glas 5/2/5-24-5/2/5 luchtgev..gelam. (GDL),GDL,5.0,2.0,5.0,True,29.0,33.0,42.0,46.0,48.0,53.0
1057,1090,Glas 4/1/4-12-6/1/6 gasgevuld.gelam. (GDG),GDG,4.0,1.0,4.0,True,24.0,28.0,42.0,36.0,39.0,48.0
1058,1091,Glas 4/1/4-16-6/1/6 gasgevuld.gelam. (GDG),GDG,4.0,1.0,4.0,True,24.0,31.0,42.0,38.0,41.0,49.0
1059,1092,Glas 4/1/4-20-4/1/4 gasgevuld.gelam. (GDG),GDG,4.0,1.0,4.0,True,22.0,31.0,42.0,39.0,43.0,48.0
1060,1093,Glas 4/1/4-20-6/1/6 gasgevuld.gelam. (GDG),GDG,4.0,1.0,4.0,True,24.0,33.0,43.0,39.0,42.0,50.0
1061,1094,Glas 4/1/4-24-4/1/4 gasgevuld.gelam. (GDG),GDG,4.0,1.0,4.0,True,22.0,33.0,43.0,40.0,44.0,49.0
1062,1095,Glas 4/1/4-24-6/1/6 gasgevuld.gelam. (GDG),GDG,4.0,1.0,4.0,True,24.0,35.0,44.0,40.0,43.0,51.0
1063,1096,Glas 4/1/4-12-6/2/6 gasgevuld.gelam. (GDG),GDG,4.0,1.0,4.0,True,25.0,29.0,44.0,39.0,42.0,48.0
1064,1097,Glas 4/1/4-16-5/2/5 gasgevuld.gelam.(GDG),GDG,4.0,1.0,4.0,True,24.0,31.0,44.0,43.0,44.0,49.0
1065,1098,Glas 4/1/4-16-6/2/6 gasgevuld.gelam. (GDG),GDG,4.0,1.0,4.0,True,26.0,32.0,45.0,41.0,44.0,50.0
1066,1099,Glas 4/1/4-24-5/2/5 gasgevuld.gelam. (GDG),GDG,4.0,1.0,4.0,True,24.0,36.0,46.0,45.0,46.0,51.0
1067,1100,Glas 4/1/4-24-6/2/6 gasgevuld.gelam.(GDG),GDG,4.0,1.0,4.0,True,26.0,37.0,46.0,43.0,46.0,52.0
1068,1101,Glas 5/2/5-12-5/2/5 gasgevuld.gelam. (GDG),GDG,5.0,2.0,5.0,True,26.0,31.0,46.0,46.0,44.0,50.0
1069,1102,Glas 5/2/5-16-5/2/5 gasgevuld.gelam. (GDG),GDG,5.0,2.0,5.0,True,27.0,34.0,47.0,48.0,46.0,51.0
1070,1103,Glas 5/2/5-20-5/2/5 gasgevuld.gelam. (GDG),GDG,5.0,2.0,5.0,True,27.0,36.0,48.0,49.0,47.0,52.0
1071,1104,Glas 5/2/5-24-5/2/5 gasgevuld.gelam. (GDG),GDG,5.0,2.0,5.0,True,26.0,38.0,49.0,50.0,48.0,53.0
1072,1105,Deur D1: 38 mm [1],,,,,True,20.0,24.0,26.0,26.0,26.0,0.0
1073,1106,Deur D2: 38 mm massief [1],,,,,True,24.0,28.0,29.0,30.0,34.0,0.0
1074,1107,Deur D4: 65 mm zwaar [1],,,,,True,29.0,36.0,42.0,48.0,50.0,0.0
1075,1108,Glas 4-40-4 voorzetraam (GDR),GDR,4.0,40.0,4.0,True,21.0,27.0,35.0,42.0,44.0,40.0
1076,1109,Glas 4-40-6 voorzetraam (GDR),GDR,4.0,40.0,6.0,True,22.0,28.0,36.0,43.0,44.0,44.0
1077,1110,Glas 4-40-8 voorzetraam (GDR),GDR,4.0,40.0,8.0,True,22.0,29.0,37.0,42.0,44.0,40.0
1078,1111,Glas 6-40-6 voorzetraam (GDR),GDR,6.0,40.0,6.0,True,22.0,30.0,37.0,43.0,38.0,44.0
1079,1112,Glas 4-40-10 voorzetraam (GDR),GDR,4.0,40.0,10.0,True,23.0,29.0,37.0,41.0,41.0,44.0
1080,1113,Glas 6-40-8 voorzetraam (GDR),GDR,6.0,40.0,8.0,True,22.0,30.0,38.0,42.0,37.0,45.0
1081,1114,Glas 6-40-10 voorzetraam (GDR),GDR,6.0,40.0,10.0,True,23.0,31.0,38.0,41.0,41.0,46.0
1082,1115,Glas 6-40-12 voorzetraam (GDR),GDR,6.0,40.0,12.0,True,25.0,31.0,39.0,40.0,40.0,47.0
1083,1116,Glas 4-80-4 voorzetraam (GDR),GDR,4.0,80.0,4.0,True,20.0,31.0,39.0,46.0,48.0,44.0
1084,1117,Glas 4-80-6 voorzetraam (GDR),GDR,4.0,80.0,6.0,True,23.0,32.0,40.0,47.0,47.0,47.0
1085,1118,Glas 4-80-8 voorzetraam (GDR),GDR,4.0,80.0,8.0,True,25.0,33.0,40.0,46.0,46.0,47.0
1086,1119,Glas 6-80-6 voorzetraam (GDR),GDR,6.0,80.0,6.0,True,26.0,33.0,41.0,47.0,42.0,47.0
1087,1120,Glas 4-80-10 voorzetraam (GDR),GDR,4.0,80.0,10.0,True,26.0,33.0,41.0,45.0,45.0,48.0
1088,1121,Glas 6-80-8 voorzetraam (GDR),GDR,6.0,80.0,8.0,True,27.0,34.0,42.0,46.0,41.0,49.0
1089,1122,Glas 6-80-10 voorzetraam (GDR),GDR,6.0,80.0,10.0,True,27.0,35.0,42.0,45.0,45.0,50.0
1090,1123,Glas 6-80-12 voorzetraam (GDR),GDR,6.0,80.0,12.0,True,27.0,35.0,42.0,44.0,44.0,50.0
1091,1124,Glas 4-160-4 voorzetraam (GDR),GDR,4.0,160.0,4.0,True,27.0,35.0,42.0,50.0,52.0,48.0
1092,1125,Glas 4-160-6 voorzetraam (GDR),GDR,4.0,160.0,6.0,True,28.0,36.0,43.0,51.0,51.0,51.0
1093,1126,Glas 4-160-8 voorzetraam (GDR),GDR,4.0,160.0,8.0,True,29.0,37.0,44.0,50.0,50.0,51.0
1094,1127,Glas 6-160-6 voorzetraam (GDR),GDR,6.0,160.0,6.0,True,30.0,37.0,45.0,50.0,45.0,51.0
1095,1128,Glas 4-160-10 voorzetraam (GDR),GDR,4.0,160.0,10.0,True,29.0,37.0,44.0,48.0,48.0,51.0
1096,1129,Glas 6-160-8 voorzetraam (GDR),GDR,6.0,160.0,8.0,True,30.0,38.0,45.0,49.0,44.0,52.0
1097,1130,Glas 6-160-10 voorzetraam (GDR),GDR,6.0,160.0,10.0,True,31.0,38.0,46.0,48.0,48.0,53.0
1098,1131,Glas 6-160-12 voorzetraam (GDR),GDR,6.0,160.0,12.0,True,31.0,39.0,46.0,47.0,47.0,54.0
1099,1132,Spaanplaat/rwol 80/Phonisol [1],,,,,True,30.9,38.1,46.6,55.6,63.2,0.0
1100,1133,Spaanplaat/rwol 80/Idikell [1],,,,,True,30.3,37.8,47.3,55.8,63.8,0.0
1101,1134,Spaanplaat/rwol 50/Idikell [1],,,,,True,26.4,38.8,46.9,55.8,61.4,0.0
1102,1135,Spaanplaat/foam 50/Idikell [1],,,,,True,27.4,38.3,46.3,55.5,62.8,0.0
1103,1136,Spaanplaat/rwol 50/Idikell 10 [1],,,,,True,30.8,37.7,46.5,56.2,63.5,0.0
1104,1149,Panho Trespa 29C0666 paneel,,,,,True,29.3,32.9,36.6,36.2,23.0,50.0
1105,1150,Panho Trespa 30A1230 paneel,,,,,True,24.3,27.9,31.8,34.4,26.7,31.5
1106,1151,Panho Staal/gl 30B0943 paneel,,,,,True,27.4,30.4,33.9,28.0,28.6,44.0
1107,1152,Panho Alumin. 30D0450 paneel,,,,,True,29.5,27.5,25.5,35.4,40.2,42.2
1108,1153,Panho Glasal 31A1530 paneel,,,,,True,27.9,30.3,34.4,32.8,27.6,34.3
1109,1154,Panho Trespa 31A0630 paneel,,,,,True,28.7,31.4,35.7,40.0,25.0,24.5
1110,1155,Panho Staal 31A0240 paneel,,,,,True,24.7,26.2,31.1,35.0,36.8,43.9
1111,1156,Panho Glasal 32A1032 paneel,,,,,True,29.3,33.3,36.4,37.0,26.3,31.5
1112,1157,Panho Trespa 32A0630 paneel,,,,,True,26.8,29.3,33.4,38.2,28.2,25.6
1113,1158,Panho Trespa 33A0636 paneel,,,,,True,30.0,34.2,37.6,37.9,27.7,28.3
1114,1159,Panho Staal/gl 33B2131 paneel,,,,,True,28.0,26.9,32.9,37.3,35.6,44.9
1115,1160,Panho Staal 33A0430 paneel,,,,,True,27.3,30.4,34.3,31.6,49.3,54.4
1116,1161,Panho Trespa 33C0648 paneel,,,,,True,30.3,29.9,29.0,37.3,42.1,49.1
1117,1162,Panho Staal/gl 33B1040 paneel,,,,,True,19.9,34.6,39.0,44.5,40.8,43.2
1118,1163,Panho Glasal 34C1548 paneel,,,,,True,30.4,33.1,31.4,35.9,35.9,49.2
1119,1164,Panho Trespa 34A0630 paneel,,,,,True,28.6,32.1,35.8,37.8,30.2,48.9
1120,1165,Panho Staal 35A0340 paneel,,,,,True,27.8,29.2,34.5,39.1,41.7,45.8
1121,1166,Panho Trespa 35A0640 paneel,,,,,True,32.8,35.0,31.3,35.4,46.4,51.4
1122,1167,Panho Staal 36A0440 paneel,,,,,True,28.8,30.2,35.5,38.4,40.9,50.2
1123,1168,Panho Alumin. 36B0440 paneel,,,,,True,22.2,38.1,44.5,44.6,42.4,48.8
1124,1169,Panho Trespa 36A0640 paneel,,,,,True,22.8,36.3,41.0,46.9,49.9,51.4
1125,1170,Panho Staal/tr 37B0450 paneel,,,,,True,30.0,34.3,37.2,39.2,36.0,35.4
1126,1171,Panho Trespa 37C0650 paneel,,,,,True,29.8,33.0,36.6,38.1,39.0,44.9
1127,1172,Panho Staal/tr 37B0960 paneel,,,,,True,25.9,37.5,42.4,42.5,35.4,48.1
1128,1173,Panho Glasal 39A1540 paneel,,,,,True,27.5,37.1,42.9,44.8,46.5,49.2
1129,1174,Panho Alumin. 40D0460 paneel,,,,,True,35.7,39.3,45.0,44.1,35.4,45.0
1130,1175,Panho Glasal 42A1040 paneel,,,,,True,33.3,37.4,43.0,45.5,46.6,49.8
1131,1176,Alusta Cadet Super 250,,,,,True,32.7,29.5,38.8,40.0,41.2,0.0
1132,1177,*Alusta Taurus Ga mma 110 (meting '93),,,,,True,35.9,37.2,42.1,41.6,41.3,0.0
1133,1178,*Alusta Taurus Ga mma 150 (meting '93),,,,,True,33.1,34.8,39.3,37.4,37.6,0.0
1134,1179,*Alusta Taurus Ga mma 200 (meting '93),,,,,True,31.3,32.3,39.2,37.1,37.0,0.0
1135,1180,*Alusta Taurus Ga mma 250 (meting '93),,,,,True,30.5,30.2,37.1,34.0,34.5,0.0
1136,1181,*Alusta Taurus Ga mma 300 (meting '93),,,,,True,29.9,29.4,34.6,31.7,32.7,0.0
1137,1182,*Alusta Taurus Delta 110 (meting '93),,,,,True,36.1,38.1,44.6,44.3,43.9,0.0
1138,1183,*Alusta Taurus Delta 150 (meting '93),,,,,True,34.9,36.0,44.7,43.7,45.5,0.0
1139,1184,*Alusta Taurus Delta 200 (meting '93),,,,,True,32.5,32.9,42.3,41.1,41.9,0.0
1140,1185,*Alusta Taurus Delta 250 (meting '93),,,,,True,31.7,32.6,38.9,37.3,38.0,0.0
1141,1186,*Alusta Taurus Delta 300 (meting '93),,,,,True,29.7,29.6,38.2,36.9,37.7,0.0
1142,1187,*Alusta Taurus Kappa 110 (meting '93),,,,,True,38.0,42.9,47.9,48.4,46.7,0.0
1143,1188,*Alusta Taurus Kappa 150 (meting '93),,,,,True,34.2,37.5,47.4,48.4,49.5,0.0
1144,1189,*Alusta Taurus Kappa 200 (meting '93),,,,,True,33.0,34.7,44.4,43.8,45.5,0.0
1145,1190,*Alusta Taurus Kappa 250 (meting '93),,,,,True,31.3,33.7,41.8,40.5,42.1,0.0
1146,1191,*Alusta Taurus Kappa 300 (meting '93),,,,,True,30.6,30.8,40.0,39.0,40.6,0.0
1147,1192,Alusta Thermob 135 ventilatierooster,,,,,True,27.1,26.7,23.1,25.7,31.0,33.1
1148,1193,Alusta Thermob 136 ventilatierooster,,,,,True,27.0,26.8,22.7,26.0,31.0,32.6
1149,1194,Alusta Thermob 185 ventilatierooster,,,,,True,24.5,24.0,21.8,27.7,28.6,29.2
1150,1195,Alusta Thermob 186 ventilatierooster,,,,,True,25.4,23.7,22.4,27.9,29.2,29.4
1151,1196,Alusta PDD 25 platdakdemper,,,,,True,35.0,35.2,34.0,45.3,43.6,0.0
1152,1197,Alusta PDD 50 platdakdemper,,,,,True,29.9,37.8,39.8,48.3,50.8,0.0
1153,1198,Alusta PDD 75 platdakdemper,,,,,True,31.8,39.7,46.0,50.2,51.3,0.0
1154,1199,Acoustair VERsus 1410,,,,,True,36.4,33.0,41.5,41.7,47.0,0.0
1155,1200,Acoustair VERsus 1415,,,,,True,34.0,30.3,36.1,35.0,40.7,0.0
1156,1201,Acoustair VERsus 1420,,,,,True,33.2,29.4,32.1,31.9,34.8,0.0
1157,1202,Acoustair VERsus 1810,,,,,True,35.9,34.2,44.1,44.4,52.5,0.0
1158,1203,AcoustairVERsus 1815,,,,,True,34.8,30.9,39.8,40.4,47.0,0.0
1159,1204,Acoustair VERsus 1820,,,,,True,33.7,30.5,36.8,35.2,42.0,0.0
1160,1205,Acoustair VERsus 2210,,,,,True,34.9,35.7,45.1,50.1,52.1,0.0
1161,1206,Acoustair VERsus 2215,,,,,True,34.1,31.7,41.7,46.2,48.9,0.0
1162,1207,Acoustair VERsus 2220,,,,,True,34.6,31.3,39.4,39.8,47.9,0.0
1163,1208,Acoustair VERsus 2620,,,,,True,31.4,34.0,41.8,55.1,52.4,0.0
1164,1209,Acoustair AGV 110 (Bolair),,,,,True,30.3,29.5,37.5,37.9,40.5,46.3
1165,1210,Heycop Climaclip ventilatierooster,,,,,True,24.0,21.2,22.4,22.9,23.7,27.9
1166,1211,Heycop Climaclip+suskast (type 280),,,,,True,26.6,23.1,24.6,31.3,34.8,0.0
1167,1212,Heycop Climabreak ventilatierooster,,,,,True,25.9,23.4,25.3,23.8,25.6,0.0
1168,1213,Heycop Climabreak+suskast (type 280),,,,,True,27.9,24.1,26.5,32.7,38.1,42.4
1169,1214,Heycop Climatherm ventilatierooster,,,,,True,23.8,21.3,23.1,21.9,24.0,27.9
1170,1215,Heycop Climatherm+suskast (type 280),,,,,True,26.6,23.1,24.8,31.8,37.2,38.7
1171,1216,Heycop Climacoust SR1/2/3 type 100,,,,,True,33.6,34.7,39.2,42.2,50.1,50.7
1172,1217,Heycop Climacoust SR1/2/3 type 150,,,,,True,31.6,32.0,36.2,38.8,45.0,43.2
1173,1218,Heycop Climacoust SR1/2/3 type 200,,,,,True,30.9,29.3,33.8,36.2,39.2,0.0
1174,1219,Heycop Climacoust SR1/2/3 type 250,,,,,True,29.5,29.5,31.0,33.1,37.4,37.0
1175,1220,Heycop Climacoust SR 4/5 type 100,,,,,True,34.8,38.1,42.0,46.5,51.1,49.8
1176,1221,Heycop Climacoust SR 4/5 type 150,,,,,True,32.3,35.3,37.6,41.3,44.5,44.9
1177,1222,Heycop Climacoust SR 4/5 type 200,,,,,True,31.4,32.5,37.4,38.1,36.3,36.5
1178,1223,Heycop Climacoust SR 4/5 type 250,,,,,True,31.4,31.6,34.6,35.7,35.2,35.2
1179,1224,Heycop Climacoust SR 6 type 100,,,,,True,34.6,42.4,47.5,51.2,49.5,49.8
1180,1225,Heycop Climacoust SR 6 type 150,,,,,True,33.9,38.1,42.1,46.1,34.6,47.9
1181,1226,Heycop Climacoust SR 6 type 200,,,,,True,32.6,35.2,40.2,40.5,39.9,42.1
1182,1227,Heycop Climacoust SR 6 type 250,,,,,True,31.3,32.7,38.2,39.0,39.2,41.2
1183,1228,Heycop Climacoust SRX 1 type 100,,,,,True,32.7,35.3,39.8,42.1,44.2,48.8
1184,1229,Heycop Climacoust SRX 1 type 150,,,,,True,32.2,32.3,36.6,38.1,39.0,43.7
1185,1230,Heycop Climacoust SRX 1 type 200,,,,,True,30.5,29.9,34.9,37.5,36.4,40.7
1186,1231,Heycop Climacoust SRX 1 type 250,,,,,True,28.9,28.2,30.4,32.3,34.9,39.7
1187,1232,Heycop Climacoust SRX 2/3 type 100,,,,,True,32.4,38.6,45.3,49.4,52.4,58.8
1188,1233,Heycop Climacoust SRX 2/3 type 150,,,,,True,30.6,34.9,38.9,41.7,46.9,52.0
1189,1234,Heycop Climacoust SRX 2/3 type 200,,,,,True,29.7,33.1,37.3,38.4,40.9,46.2
1190,1235,Heycop Climacoust SRX 2/3 type 250,,,,,True,29.0,29.5,34.0,37.1,42.3,50.9
1191,1236,Heycop Climacoust SRX 4 type 100,,,,,True,34.6,43.6,48.1,49.1,54.1,60.9
1192,1237,Heycop Climacoust SRX 4 type 150,,,,,True,30.5,38.1,41.6,47.9,54.1,62.1
1193,1238,Heycop Climacoust SRX 4 type 200,,,,,True,29.6,34.8,39.4,44.4,49.3,59.5
1194,1239,Heycop Climacoust SRX 4 type 250,,,,,True,29.1,32.3,36.7,40.5,45.7,56.9
1195,1240,Heycop Climacoust SRM 2 met rooster,,,,,True,37.6,39.3,39.9,46.4,48.7,56.8
1196,1241,Heycop Climacoust SRM 3 met rooster,,,,,True,39.6,45.6,48.4,53.5,57.2,63.9
1197,1242,Heycop Climacoust SRM 2 stootvoegen,,,,,True,43.4,42.6,49.3,50.3,51.1,59.4
1198,1243,Heycop Climacoust SRM 3 stootvoegen,,,,,True,43.1,47.6,57.6,60.6,61.6,66.8
1199,1244,VentiSafe 5/2/5-20-5/2/5 (Merbau),,,,,True,30.3,36.9,41.0,44.0,46.7,51.6
1200,1245,VentiSafe 8-24-5/2/5 (Meranti),,,,,True,29.3,35.2,39.4,41.3,42.7,47.9
1201,1246,VentiSafe 6-12-6/2/6 (Red Cedar),,,,,True,26.7,30.6,37.1,39.0,41.1,45.2
1202,1247,PH 1260 4-15-4  mm schuifpui,,,,,True,20.0,19.0,27.0,33.0,36.0,0.0
1203,1248,Tectomat dakelement 170  mm min.wol [1],,,,,True,24.4,34.7,42.1,42.7,46.3,0.0
1204,1249,Tectomat dakelement 120  mm min.wol [1],,,,,True,23.7,33.6,40.2,43.9,46.0,0.0
1205,1250,Tectomat dakelement 100  mm min.wol [1],,,,,True,20.2,32.8,39.5,43.9,45.1,0.0
1206,1251,Thermobel 6-12-4 luchtgevuld,,,,,True,23.4,22.0,28.4,38.3,40.3,42.2
1207,1252,Phonibel 4-12-6 gasgevuld     (2235),,,,,True,23.8,20.8,37.2,44.4,37.1,35.3
1208,1253,Phonibel 5-12-8 gasgevuld     (2536),,,,,True,24.7,23.5,39.6,42.5,33.8,39.0
1209,1254,Phonibel 6-12-10 gasgevuld    (2836),,,,,True,22.9,27.3,40.9,38.2,33.6,42.7
1210,1255,Phonibel 5-15-8 gasgevuld     (2837),,,,,True,23.1,26.8,39.5,43.2,34.2,40.3
1211,1256,Phonibel 6-15-8 gasgevuld     (2936),,,,,True,21.9,26.6,40.2,42.1,32.2,42.7
1212,1257,Phonibel 6-15-10 gasgevuld    (3137),,,,,True,21.7,30.7,39.8,39.0,35.4,45.2
1213,1258,Phonibel 4-20-6 gasgevuld     (3039),,,,,True,20.8,26.9,39.9,47.2,42.3,40.9
1214,1259,Phonibel 6-20-10 gasgevuld    (3640),,,,,True,22.4,34.6,41.8,40.7,37.8,48.9
1215,1260,Phonibel 5-24-8 gasgevuld     (3741),,,,,True,22.7,33.1,39.5,45.9,39.3,45.2
1216,1261,Phonibel 6-24-10 gasgevuld    (4041),,,,,True,23.8,36.0,42.2,41.6,38.2,49.3
1217,1262,Phonibel 6-12-44.2 luchtgev.(SL2737),,,,,True,24.9,26.5,35.2,41.9,36.6,45.3
1218,1263,Phonibel 6-12-44.2 gasgevuld (S2738),,,,,True,23.6,25.5,41.4,45.0,36.0,45.3
1219,1264,Phonibel 12-12-44.2 gasgevuld(S3340),,,,,True,26.1,29.9,41.9,39.2,39.1,49.4
1220,1265,Phonibel 6-20-44.2 gasgevuld (S3541),,,,,True,20.6,34.8,40.6,46.0,40.2,49.7
1221,1266,Phonibel 6-15-5/2/5 gasgev. (GH3239),,,,,True,21.0,28.8,44.3,48.5,38.6,42.4
1222,1267,Phonibel 8-15-6/2/6 gasgev. (GH3640),,,,,True,24.1,32.9,44.6,45.3,37.4,46.7
1223,1268,Phonibel 10-15-5/2/5 gasgev.(GH3643),,,,,True,25.9,32.3,46.8,46.6,42.7,46.0
1224,1269,Phonibel 10-15-6/2/6 gasgev.(GH3843),,,,,True,26.1,35.6,46.5,45.6,40.2,48.3
1225,1270,Phonibel 10-15-6/2/6 gasgev.(GH3843),,,,,True,26.1,35.0,46.3,46.2,41.2,49.7
1226,1271,Phonibel 8-20-5/2/5 gasgev. (GH3944),,,,,True,25.0,36.0,46.2,48.9,43.1,48.1
1227,1272,Phonibel 10-20-4/2/6 gasgev.(GH4144),,,,,True,27.2,36.4,45.7,45.4,42.2,47.7
1228,1273,Phonibel 8-24-5/2/5 gasgev. (GH4345),,,,,True,25.8,38.2,46.6,48.7,44.1,48.7
1229,1274,Phonibel 10-24-4/2/4 gasgev.(GH4346),,,,,True,26.5,35.6,46.0,47.2,49.2,51.8
1230,1275,Phonibel 10-24-5/2/5 gasgev.(GH4545),,,,,True,27.6,36.9,44.8,45.9,45.5,48.9
1231,1276,Phonibel 10-24-5/2/5 gasgev.(GH4545),,,,,True,28.9,38.6,47.2,48.2,46.6,50.5
1232,1277,Phonibel 12-24-4/2/4 gasgev.(GH4546),,,,,True,27.6,37.3,45.8,45.7,49.6,51.7
1233,1278,*Iglas 6-12-4 luchtgevuld    (30/22),,,,,True,25.0,22.4,29.0,39.9,42.5,45.5
1234,1279,*Iglas 6-3-4 luchtgevuld   (31/13xx),,,,,True,25.9,27.0,29.1,34.5,36.2,37.9
1235,1280,*Iglas 6-12-4 luchtgevuld  (31/22xx),,,,,True,25.5,24.5,30.7,39.6,41.2,43.9
1236,1281,*Iglas 6-15-4 gasgevuld     (31/25g),,,,,True,17.8,30.7,45.5,54.4,47.6,44.6
1237,1282,*Iglas 8-12-4 luchtgevuld  (32/24xx),,,,,True,25.6,23.9,32.3,40.0,41.7,47.2
1238,1283,*Iglas 8-12-6 luchtgevuld    (32/26),,,,,True,25.7,24.5,36.1,43.4,38.7,50.1
1239,1284,*Iglas 8-15-4 gasgevuld     (32/27g),,,,,True,18.7,32.8,45.4,50.8,48.2,47.0
1240,1285,*Iglas 10-12-4 luchtgevuld (32/26xx),,,,,True,26.8,25.0,32.7,37.6,42.4,48.2
1241,1286,*Iglas 4-20-6 gasgevuld     (32/30g),,,,,True,20.7,25.6,39.1,48.1,44.7,42.8
1242,1287,*Iglas 6-24-4 luchtgevuld    (32/34),,,,,True,21.5,24.8,35.6,44.2,43.7,42.9
1243,1288,*Iglas 6-12-44.4 luchtgev.(33/28fxx),,,,,True,24.3,27.5,34.1,42.4,39.6,48.3
1244,1289,*Iglas 6-12-44.1 luchtgev(33/27fzxx),,,,,True,24.9,26.6,34.2,44.3,43.6,49.7
1245,1290,*Iglas 8-15-6 luchtgevuld    (33/29),,,,,True,25.0,24.8,37.4,44.2,39.7,49.9
1246,1291,*Iglas 8-20-6 gasgevuld     (33/34g),,,,,True,20.8,27.3,45.5,51.3,49.7,49.9
1247,1292,*Iglas 10-24-4 luchtgevuld   (33/38),,,,,True,20.3,30.5,44.9,49.4,51.0,51.8
1248,1293,*Iglas 4/1/4-15-4 gasgevul(33/28ghs),,,,,True,22.4,26.4,45.7,53.6,53.8,45.5
1249,1294,*Iglas 4-20-3/1/3 gasgevul(33/31ghs),,,,,True,20.3,30.8,47.0,54.7,55.8,47.2
1250,1295,*Iglas 6-12-44.2 gasgevuld (34/27fg),,,,,True,23.0,28.0,42.2,45.4,39.5,46.1
1251,1296,*Iglas 44.2-8-33.1 gasgev.(34/23ffg),,,,,True,28.4,25.4,37.9,48.8,45.2,52.3
1252,1297,*Iglas 6-20-4 gasgevuld   (34/30gxx),,,,,True,21.6,28.9,44.5,49.1,45.2,47.9
1253,1298,*Iglas 6-12-46.1 luchtgev(34/29fzxx),,,,,True,25.0,28.3,35.9,44.5,43.3,50.3
1254,1299,*Iglas 6-20-44.1 luchtgev(34/35fzxx),,,,,True,22.5,30.3,36.7,46.2,45.1,51.1
1255,1300,*Iglas 8-15-6 gasgevuld     (34/29g),,,,,True,21.5,32.4,44.1,47.0,42.1,51.0
1256,1301,*Iglas 8-24-4 gasgevuld     (34/36g),,,,,True,21.2,34.5,45.7,49.2,46.4,47.8
1257,1302,*Iglas 5/1/5-20-4 luchtgev.(34/35hs),,,,,True,23.8,27.9,39.0,47.9,48.4,47.7
1258,1303,*Iglas 4/1/4-20-4 gasgevul(34/33ghs),,,,,True,23.4,28.1,42.7,54.4,54.7,47.3
1259,1304,*Iglas 5-12-4/1/4 gasgevul(34/26ghs),,,,,True,24.6,26.1,46.9,55.3,51.7,47.9
1260,1305,*Iglas 10-20-4 gasgevuld    (35/34g),,,,,True,22.1,32.5,44.3,43.8,46.2,51.7
1261,1306,*Iglas 8-20-4 gasgevuld   (35/32gxx),,,,,True,22.6,30.8,44.6,45.9,45.0,51.1
1262,1307,*Iglas 12-12-44.2 luchtgevul(36/33f),,,,,True,27.5,29.0,38.6,38.8,43.0,54.3
1263,1308,*Iglas 10-12-6 gasgevuld    (35/28g),,,,,True,22.5,33.4,46.9,45.7,42.8,50.0
1264,1309,*Iglas 10-24-4 gasgevuld    (35/38g),,,,,True,21.9,31.5,46.0,50.4,51.8,51.7
1265,1310,*Iglas 5/1/5-20-4 gasgevul(35/35ghs),,,,,True,21.2,34.0,47.3,55.6,50.6,46.4
1266,1311,*Iglas 4/1/4-24-4 gasgevul(35/37ghs),,,,,True,22.1,31.5,45.5,54.7,54.1,46.3
1267,1312,*Iglas 6-20-3/1/3 gasgevul(35/33ghs),,,,,True,21.8,33.2,48.5,54.4,52.0,54.5
1268,1313,*Iglas 5-15-4/1/4 gasgevul(35/29ghs),,,,,True,23.4,28.7,49.0,54.9,51.6,47.1
1269,1314,*Iglas 6-20-44.4 luchtgevuld(36/36f),,,,,True,24.4,32.4,40.8,45.3,43.3,55.2
1270,1315,*Iglas 6-20-64.1 luchtgev(36/38fzxx),,,,,True,24.2,32.9,38.5,46.7,45.0,51.5
1271,1316,*Iglas 8-15-4/1/4 luchtgev.(36/32hs),,,,,True,26.1,29.3,41.2,48.7,49.9,52.0
1272,1317,*Iglas 6/1/6-15-6 gasgevul(36/33ghs),,,,,True,23.2,34.1,46.9,51.1,42.0,48.3
1273,1318,*Iglas 4-15-5/1/5 gasgevul(36/30ghs),,,,,True,24.6,28.8,46.7,54.5,51.8,47.1
1274,1319,*Iglas 5-20-4/1/4 gasgevul(36/34ghs),,,,,True,23.0,34.1,49.5,55.2,51.9,49.4
1275,1320,*Iglas 5/1/5-24-4 gasgevul(36/39ghs),,,,,True,23.1,33.7,48.0,54.3,51.7,49.6
1276,1321,*Iglas 66.2-20-4 luchtgevuld(37/37f),,,,,True,24.8,31.7,44.5,46.3,52.1,57.7
1277,1322,*Iglas 12-12-8 luchtgevuld   (37/32),,,,,True,28.4,32.1,39.9,39.6,39.9,49.4
1278,1323,*Iglas 10-15-4/1/4 luchtgev(37/34hs),,,,,True,28.8,29.4,42.6,47.6,51.5,52.3
1279,1324,*Iglas 6-15-4/1/4 gasgevul(37/30ghs),,,,,True,23.8,34.5,48.7,55.2,52.3,52.3
1280,1325,*Iglas 4/1/4-20-6 gasgevul(38/35ghs),,,,,True,24.4,40.0,49.7,53.5,51.5,56.9
1281,1326,*Iglas 8-15-5/1/5 luchtgev.(38/34hs),,,,,True,26.9,33.9,41.4,49.8,43.0,51.3
1282,1327,*Iglas 6-15-5/1/5 gasgevul(38/32ghs),,,,,True,25.0,34.7,50.1,53.0,47.3,49.8
1283,1328,*Iglas 6-24-4/1/4 gasgevul(38/39ghs),,,,,True,24.5,38.8,48.4,54.8,49.9,49.3
1284,1329,*Iglas 8/1/3-20-3/1/3 gas(38/39ghs2),,,,,True,24.3,39.7,52.1,57.2,55.3,59.0
1285,1330,*Iglas 8-20-4/1/4 gasgevul(38/37ghs),,,,,True,25.5,36.1,48.6,52.5,51.1,54.3
1286,1331,*Iglas 8-15-4/1/4 gasgevul(38/32ghs),,,,,True,26.2,32.0,48.3,51.7,49.7,51.4
1287,1332,*Iglas 5/1/5-20-6 gasgevul(39/37ghs),,,,,True,25.3,40.4,48.3,52.8,48.2,56.9
1288,1333,*Iglas 8-15-6/1/6 luchtgev.(39/36hs),,,,,True,27.6,34.3,43.5,48.7,43.8,50.3
1289,1334,*Iglas 8-15-5/1/5 gasgevul(39/34ghs),,,,,True,26.9,36.4,47.9,51.8,46.7,51.1
1290,1335,*Iglas 10-15-4/1/4 gasgev(a39/34ghs),,,,,True,26.6,36.1,51.2,52.2,54.5,56.3
1291,1336,*Iglas 10-20-4/1/4 gasgev.(39/39ghs),,,,,True,26.3,36.1,49.2,50.9,52.7,55.1
1292,1337,*Iglas 5/1/5-15-4/1/4lucht(39/35hs2),,,,,True,27.0,33.8,44.0,52.1,54.1,52.9
1293,1338,*Iglas 8-15-6/1/6 gasgevul(40/36ghs),,,,,True,28.1,38.3,49.7,50.2,44.2,50.4
1294,1339,*Iglas 10-15-5/1/5 gasgev(a40/36ghs),,,,,True,28.1,35.6,50.1,50.3,48.6,52.4
1295,1340,*Iglas 12-15-4/1/4 gasgev(b40/36ghs),,,,,True,27.4,37.0,49.2,49.6,52.9,52.1
1296,1341,*Iglas 10-20-5/1/5 gasgev.(40/41ghs),,,,,True,27.7,37.8,49.0,49.9,49.8,54.7
1297,1342,*Iglas 5/1/5-15-4/1/4 gas(40/35ghs2),,,,,True,27.6,36.5,51.8,57.7,55.8,53.0
1298,1343,*Iglas 5/1/5-20-4/1/4 gas(40/40ghs2),,,,,True,26.1,40.7,51.7,58.1,57.0,55.8
1299,1344,*Iglas 12-20-6/1/6 gasgev.(41/45ghs),,,,,True,29.9,40.3,44.1,46.3,43.5,49.7
1300,1345,*Iglas 8-20-5/1/5 gasgevul(41/39ghs),,,,,True,28.2,38.1,48.8,52.4,48.5,53.8
1301,1346,*Iglas 10-24-4/1/4 gasgev.(41/43ghs),,,,,True,28.9,37.8,50.0,51.2,52.9,55.1
1302,1347,*Iglas 6/1/6-20-4/1/4 gas (41/42ghs),,,,,True,27.4,45.3,52.0,58.3,60.5,60.3
1303,1348,*Iglas 10-15-6/1/6 gasgev.(42/38ghs),,,,,True,30.1,40.8,50.5,50.1,47.1,53.9
1304,1349,*Iglas 8-24-5/1/5 gasgevul(42/43ghs),,,,,True,28.8,41.4,49.3,52.8,49.3,54.2
1305,1350,*Iglas 10-24-5/1/5 gasgev.(43/45ghs),,,,,True,30.9,40.2,50.4,50.3,50.8,55.7
1306,1351,Prefair type 255-10,,,,,True,35.1,43.8,56.9,54.7,56.9,63.3
1307,1352,Prefair type 93.220A (hout),,,,,True,38.5,39.8,49.0,53.0,52.2,0.0
1308,1353,Prefair type 93.220B (hout),,,,,True,34.4,36.7,48.3,51.3,53.5,0.0
1309,1354,Prefair type 135-10,,,,,True,31.6,35.4,48.6,49.6,45.6,48.7
1310,1355,Prefair type 135-15,,,,,True,29.4,31.9,43.3,43.4,41.0,44.8
1311,1356,Prefair type 135-20,,,,,True,28.6,30.1,38.8,39.2,37.9,41.0
1312,1357,Prefair type 195-15,,,,,True,31.7,36.5,46.0,40.9,41.4,45.1
1313,1358,Prefair type 195-20,,,,,True,29.9,34.1,43.8,38.3,39.3,43.0
1314,1359,Prefair type 195-30,,,,,True,28.6,30.5,38.3,34.3,36.7,39.2
1315,1360,Prefair type 255-15,,,,,True,32.9,38.4,51.3,46.3,49.3,55.1
1316,1361,Prefair type 255-20,,,,,True,30.4,35.8,46.8,43.4,45.7,50.9
1317,1362,Prefair type 255-25,,,,,True,29.9,34.2,42.9,39.6,43.0,47.4
1318,1363,Prefair type 120 (muurkast),,,,,True,37.1,36.5,40.9,39.7,48.6,52.2
1319,1364,Prefair Prefasus 200 vent.rooster,,,,,True,28.3,27.4,24.5,27.6,32.1,36.3
1320,1365,Prefair Prefarol 300 vent.rooster,,,,,True,27.3,26.7,25.1,25.2,27.4,30.7
1321,1378,Cadet Super 200 HVH 20 (Alusta),,,,,True,33.6,34.0,40.8,40.2,48.0,49.9
1322,1380,Aeropac s 1klep. stand1 (Heycop),,,,,True,46.1,46.7,47.9,59.4,66.3,0.0
1323,1381,Aeropac s 1klep. stand2 (Heycop),,,,,True,46.1,46.7,47.9,59.4,66.3,0.0
1324,1382,Aeropac s 2klep. stand1 (Heycop),,,,,True,46.0,43.5,44.2,56.9,64.6,0.0
1325,1383,Aeropac s 2klep. stand2 (Heycop),,,,,True,46.0,43.5,44.2,56.9,64.6,0.0
1326,1384,Aeropac a 1klep. stand1 (Heycop),,,,,True,44.6,45.5,55.3,75.5,82.2,0.0
1327,1385,Aeropac a 1klep. stand2 (Heycop),,,,,True,44.6,45.5,55.3,75.5,82.2,0.0
1328,1386,Aeropac a 2klep. stand1 (Heycop),,,,,True,43.5,42.5,51.4,71.6,80.5,0.0
1329,1387,Aeropac a 2klep. stand2 (Heycop),,,,,True,43.5,42.5,51.4,71.6,80.5,0.0
1330,1388,Simec TH67 4-12-6  mm (vast raam),,,,,True,24.2,22.7,31.8,39.6,37.8,37.4
1331,1389,Simec TH67 4-20-10  mm (vast raam),,,,,True,22.5,27.2,36.7,39.8,41.3,44.0
1332,1390,Simec TH67 8-15G-4/1.5/4 (vast raam),,,,,True,25.7,32.7,40.9,42.9,42.2,46.9
1333,1391,Simec TH67 4-20-10  mm (opendraaiend),,,,,True,26.4,27.7,30.7,32.9,36.0,41.9
1334,1392,Simec TH67 8-15G-4/1.5/4 (draairaam),,,,,True,26.4,31.7,35.1,38.4,37.7,45.7
1335,1393,Simec 4-170-6 dubbel schuifraam 606S,,,,,True,32.1,38.7,41.9,47.6,46.6,48.5
1336,1394,Simec 6-170-6 dubbel schuifraam 606S,,,,,True,33.8,40.2,42.5,48.1,46.9,51.6
1337,1395,Simec 4-170-8 dubbel schuifraam 606S,,,,,True,32.5,39.0,41.6,46.6,44.0,42.1
1338,1396,Simec 4-170-6RA dubbel schuifr. 606S,,,,,True,32.8,40.1,44.0,49.5,49.7,53.4
1339,1397,Simec 6-170-6RA dubbel schuifr. 606S,,,,,True,33.9,41.7,44.6,49.6,49.6,55.8
1340,1398,Simec 4-160-6 dubbel schuifraam 606S,,,,,True,31.0,38.0,42.1,47.8,47.5,48.2
1341,1399,Simec 6-160-6 dubbel schuifraam 606S,,,,,True,32.3,39.5,42.8,48.1,47.1,49.7
1342,1400,Simec 4-150-6 dubbel schuifraam 606S,,,,,True,30.2,37.7,42.1,48.4,47.6,49.3
1343,1401,Simec 6-150-6 dubbel schuifraam 606S,,,,,True,32.3,39.5,42.8,48.1,47.1,49.7
1344,1402,Simec 4-140-6 dubbel schuifraam 606S,,,,,True,29.9,37.9,41.8,48.0,46.4,48.7
1345,1403,Simec 6-140-6 dubbel schuifraam 606S,,,,,True,31.6,39.7,42.5,48.5,47.5,51.1
1346,1404,Simec 4-130-6 dubbel schuifraam 606S,,,,,True,29.3,37.0,41.1,46.9,46.7,48.5
1347,1405,Simec 6-130-6 dubbel schuifraam 606S,,,,,True,28.9,38.2,41.9,47.4,46.8,49.5
1348,1406,Simec 4-120-6 dubbel schuifraam 606S,,,,,True,28.7,36.8,41.3,47.0,47.1,48.6
1349,1407,Simec 6-120-6 dubbel schuifraam 606S,,,,,True,28.8,38.2,41.6,47.3,46.7,48.9
1350,1408,Simec 4-120-8 dubbel schuifraam 606S,,,,,True,29.2,36.5,40.8,46.3,44.0,41.2
1351,1409,Simec 4-120-6RA dubbel schuifr. 606S,,,,,True,28.7,37.8,42.8,48.9,49.0,52.2
1352,1410,Simec 6-120-6RA dubbel schuifr. 606S,,,,,True,30.6,39.3,43.2,49.0,48.9,53.8
1353,1411,Simec 4-120-8RA dubbel schuifr. 606S,,,,,True,29.9,38.1,42.5,48.7,47.8,45.8
1354,1412,Simec T81 4-12-6  mm enkel schuifraam,,,,,True,23.3,25.0,30.0,32.0,32.4,33.7
1355,1413,Alu/sta/kon 4-12-5  mm draai-valraam,,,,,True,24.6,25.2,33.7,39.6,37.3,33.4
1356,1414,Dak: staal 106 [1],,,,,True,13.2,9.3,16.2,24.7,23.4,26.8
1357,1415,Dak: bitumen/iso60/staal106 [1],,,,,True,20.6,26.5,33.7,37.0,44.4,54.6
1358,1416,Dak: pvc/iso60/staal106P3 perforatie [1],,,,,True,13.2,15.9,24.6,37.6,45.8,55.7
1359,1417,Dak: staal 106P4 perforatie [1],,,,,True,5.0,3.8,4.1,4.9,6.4,6.3
1360,1418,Dak: pvc/iso60/staal106P4 perforatie [1],,,,,True,14.0,16.7,25.4,37.5,45.6,56.0
1361,1419,Dak: bit/iso60/staal106P4 perforatie [1],,,,,True,22.0,25.8,29.6,29.1,37.9,48.0
1362,1420,Dak Isobouw S-PLS 3/3 (sandwich) [1],,,,,True,18.0,16.0,23.0,26.0,48.0,0.0
1363,1421,Dak Isobouw S-PLS 8/8 (sandwich) [1],,,,,True,19.0,21.0,28.0,34.0,50.0,0.0
1364,1422,Dak Isobouw S-PLS 8/12 (sandwich) [1],,,,,True,20.0,24.0,28.0,39.0,50.0,0.0
1365,1423,Dak Unidek HD 3 mm spaanpl.(sandwich),,,,,True,14.0,17.0,23.0,22.0,39.0,0.0
1366,1424,Dak Unidek HD 7 mm spaanpl.(sandwich),,,,,True,20.0,17.0,26.0,32.0,46.0,0.0
1367,1425,Dak Unidek HD DLG 3 mm+GKP (sandwich),,,,,True,18.0,23.0,32.0,32.0,40.0,0.0
1368,1426,Aralco Junior 150,,,,,True,28.0,29.2,26.9,23.0,29.2,0.0
1369,1427,Aralco Junior 200,,,,,True,26.2,26.1,23.1,25.5,26.1,0.0
1370,1428,Aralco Junior 300,,,,,True,25.8,25.9,23.9,25.1,25.6,0.0
1371,1429,*Duco type Ducoton 10 vent.rooster (meting '92),,,,,True,27.3,27.5,25.7,24.1,28.2,0.0
1372,1430,*Duco type Ducoton 18 vent.rooster (meting '92),,,,,True,25.7,25.9,22.6,21.9,25.1,0.0
1373,1431,*Duco type Ducoton 18A vent.rooster  (meting '94),,,,,True,27.0,25.2,24.9,23.8,27.4,0.0
1374,1432,Alusta Thermob 155 ventilatierooster,,,,,True,29.2,26.9,22.8,25.5,29.7,34.6
1375,1433,Alusta Thermob 156 ventilatierooster,,,,,True,28.4,26.4,22.5,25.9,30.0,33.8
1376,1434,Alusta Thermob 131 kap vent.rooster,,,,,True,29.1,28.0,23.6,27.7,31.9,34.3
1377,1435,Alusta Thermob 131 lamel ventilatie,,,,,True,24.5,26.2,23.1,20.6,21.8,26.9
1378,1436,Alusta Thermob 151 kap vent.rooster,,,,,True,25.5,27.0,23.1,25.6,29.3,32.8
1379,1437,Alusta Thermob 151 lamel ventilatie,,,,,True,26.8,24.8,21.9,20.0,21.3,24.9
1380,1438,Alusta Thermob 181 kap vent.rooster,,,,,True,25.9,24.2,22.3,26.5,27.8,29.5
1381,1439,Alusta Thermob 181 lamel ventilatie,,,,,True,22.4,21.9,19.7,19.0,20.0,22.6
1382,1440,Buvalux type HR 17 ventilatierooster,,,,,True,27.5,26.0,24.5,27.5,33.2,0.0
1383,1441,Buvalux type HR 23 ventilatierooster,,,,,True,25.8,24.9,22.7,24.8,26.2,0.0
1384,1442,Buvalux type 23.11.100 vent.rooster,,,,,True,26.3,24.9,22.1,21.1,23.2,27.6
1385,1443,Buvalux IC type 33.11 vent.rooster,,,,,True,25.8,24.6,22.1,20.7,23.3,25.0
1386,1444,Buvamatic 40.2 standaard ventilatie,,,,,True,30.6,25.2,23.6,23.1,26.4,30.0
1387,1445,Buvamatic 40.2 absorptie ventilatie,,,,,True,32.1,31.4,27.0,23.1,28.3,36.6
1388,1446,*Alusta Cadet Prime 110 suskast,,,,,True,35.5,33.3,39.6,42.9,41.0,44.7
1389,1447,*Alusta Cadet Prime 150 suskast,,,,,True,33.6,30.0,35.6,41.3,41.7,42.5
1390,1448,*Alusta Cadet Prime 200 suskast,,,,,True,34.7,31.0,31.9,36.7,35.8,40.1
1391,1449,*Alusta Cadet Secunde110 suskast,,,,,True,36.2,33.7,45.9,49.2,48.1,50.9
1392,1450,*Alusta Cadet Secunde150 suskast,,,,,True,35.3,30.7,41.0,46.8,45.4,46.8
1393,1451,*Alusta Cadet Secunde200 suskast,,,,,True,34.0,28.3,36.1,41.8,41.1,43.9
1394,1452,*Alusta Cadet Terts 110 suskast,,,,,True,38.1,38.0,49.3,48.2,44.7,50.2
1395,1453,*Alusta Cadet Terts 150 suskast,,,,,True,35.6,33.9,45.6,45.7,43.1,47.7
1396,1454,*Alusta Cadet Terts 200 suskast,,,,,True,34.5,30.7,41.6,40.7,39.7,44.2
1397,1455,*Alusta Cadet Terts 250 suskast,,,,,True,33.5,28.8,38.2,37.9,37.5,42.2
1398,1456,*Alusta Cadet Quart 110 suskast,,,,,True,36.6,39.3,53.4,53.1,51.3,56.5
1399,1457,*Alusta Cadet Quart 150 suskast,,,,,True,35.6,35.3,49.6,50.7,50.2,55.5
1400,1458,*Alusta Cadet Quart 200 suskast,,,,,True,33.8,31.4,44.8,43.9,43.8,49.7
1401,1459,*Alusta Cadet Quart 250 suskast,,,,,True,33.0,29.2,40.1,39.8,39.7,48.6
1402,1460,Conte Bari 110 suskast (Alu/sta/kon),,,,,True,33.1,32.4,34.7,36.6,44.3,45.7
1403,1461,Conte Bari 150 suskast (Alu/sta/kon),,,,,True,31.3,30.0,31.9,32.8,37.5,38.2
1404,1462,Conte Bari 200 suskast (Alu/sta/kon),,,,,True,31.4,29.1,29.8,31.2,35.3,36.3
1405,1463,Conte Etna 110 suskast (Alu/sta/kon),,,,,True,33.3,33.1,38.5,42.7,48.9,47.0
1406,1464,Conte Etna 150 suskast (Alu/sta/kon),,,,,True,32.7,30.9,35.7,38.9,45.0,45.1
1407,1465,Conte Etna 200 suskast (Alu/sta/kon),,,,,True,30.7,29.5,32.4,35.6,40.5,41.2
1408,1466,Conte Pisa 110 suskast (Alu/sta/kon),,,,,True,34.4,34.2,40.8,44.2,52.0,52.1
1409,1467,Conte Pisa 150 suskast (Alu/sta/kon),,,,,True,32.4,30.7,39.1,40.6,48.8,49.7
1410,1468,Conte Pisa 200 suskast (Alu/sta/kon),,,,,True,31.9,29.2,35.5,36.9,43.0,45.4
1411,1469,Conte Roma 110 suskast (Alu/sta/kon),,,,,True,35.5,36.0,47.8,46.5,53.1,54.7
1412,1470,Conte Roma 150 suskast (Alu/sta/kon),,,,,True,33.6,32.7,43.7,43.4,50.0,52.7
1413,1471,Conte Roma 200 suskast (Alu/sta/kon),,,,,True,31.0,31.5,40.5,39.3,45.7,49.9
1414,1472,CA Turbolux 107 standaard ventilatie [1],,,,,True,25.3,27.1,26.6,23.5,31.2,33.6
1415,1473,CA Turbolux 142 standaard ventilatie [1],,,,,True,22.8,24.8,24.3,24.7,25.4,24.8
1416,1474,Climacomfort (Heycop) [1],,,,,True,26.8,24.0,23.3,24.6,23.2,0.0
1417,1475,Heycop Climacomfort HDV [1],,,,,True,27.9,25.3,24.3,25.4,24.4,0.0
1418,1476,Heycop Climadecor ventilatierooster [1],,,,,True,29.2,26.2,24.6,24.9,26.3,0.0
1419,1477,Heycop Climadecor HDV vent.rooster [1],,,,,True,29.2,26.5,24.6,25.0,25.9,0.0
1420,1478,Heycop Climacomfort Plus [1],,,,,True,31.2,27.3,25.1,29.8,36.9,0.0
1421,1479,Heycop Climacomfort HDV Plus [1],,,,,True,31.3,27.5,25.4,30.0,37.1,0.0
1422,1480,Heycop Climadecor Plus suskast [1],,,,,True,30.3,26.3,24.0,28.7,37.0,0.0
1423,1481,Heycop Climadecor HDV Plus suskast [1],,,,,True,32.0,28.2,25.6,30.2,38.9,0.0
1424,1526,Sasmox SS6 12 mm/geenwol spaanplaat [1],,,,,True,15.4,28.2,41.7,53.4,48.6,0.0
1425,1527,Sasmox SS7 10 mm/geenwol spaanplaat [1],,,,,True,15.6,26.6,39.5,51.2,58.9,0.0
1426,1528,Sasmox SS7 12 mm/geenwol spaanplaat [1],,,,,True,15.7,33.1,44.4,54.6,46.5,0.0
1427,1529,Sasmox SS8 12 mm/geenwol spaanplaat [1],,,,,True,22.1,30.0,42.8,54.5,60.9,0.0
1428,1530,Sasmox SS11 2x10 mm/geenwol spaanplt. [1],,,,,True,25.8,34.5,46.5,57.6,65.6,0.0
1429,1531,Sasmox SS11 2x12 mm/geenwol spaanplt. [1],,,,,True,28.7,42.2,52.3,64.0,56.6,0.0
1430,1532,Sasmox SS14 10 mm/wol spaanplaat [1],,,,,True,18.7,38.7,51.2,60.9,64.9,0.0
1431,1533,Sasmox SS14 15 mm/wol spaanplaat [1],,,,,True,28.1,47.2,59.7,67.9,50.5,0.0
1432,1534,Sasmox SS15 10 mm/wol spaanplaat [1],,,,,True,23.0,38.9,47.8,61.2,66.6,0.0
1433,1535,Sasmox SS15 12 mm/wol spaanplaat [1],,,,,True,25.8,38.1,49.2,61.3,65.3,0.0
1434,1536,Sasmox SS17 2x10 mm/wol spaanplaat [1],,,,,True,35.4,52.1,62.0,67.5,70.6,0.0
1435,1537,Sasmox SS17 12 mm/wol spaanplaat [1],,,,,True,27.9,45.6,56.7,64.6,59.1,0.0
1436,1538,Sasmox SS19 2x10 mm/wol spaanplaat [1],,,,,True,28.6,41.0,55.6,63.2,68.9,0.0
1437,1539,Sasmox SS19 2x12 mm/wol spaanplaat [1],,,,,True,34.8,48.3,59.6,68.4,60.1,0.0
1438,1540,Sasmox SW7 10 mm/geenwol spaanplaat [1],,,,,True,17.8,29.9,36.0,44.4,50.2,0.0
1439,1541,Sasmox SW8 12 mm/geenwol spaanplaat [1],,,,,True,22.8,31.6,37.6,44.2,49.3,0.0
1440,1542,Sasmox SW13 10 mm/wol spaanplaat [1],,,,,True,18.9,34.6,40.2,47.5,52.6,0.0
1441,1543,Sasmox SW14 12 mm/wol spaanplaat [1],,,,,True,20.8,37.5,41.0,46.4,47.6,0.0
1442,1544,Sasmox SW15 12 mm/wol spaanplaat [1],,,,,True,23.7,35.0,41.9,48.5,52.3,0.0
1443,1545,Sasmox SW19 2x 10 mm/wol spaanplaat [1],,,,,True,29.3,39.4,43.2,50.9,59.2,0.0
1444,1546,Sasmox SW22 10 mm/wol spaanplaat [1],,,,,True,31.1,48.2,58.2,63.2,68.2,0.0
1445,1547,Sasmox SW22 12 mm/wol spaanplaat [1],,,,,True,34.6,50.8,61.7,65.8,69.3,0.0
1446,1548,Sasmox SW23 2x10 mm/wol spaanplaat [1],,,,,True,43.9,56.4,63.5,66.9,69.9,0.0
1447,1549,Kingspan 0.6 mm st/100 mm wol/0.6 mm st,,,,,True,21.1,24.6,24.4,23.7,39.9,0.0
1448,1550,Dumex houtbeton 100 mm dakelement,,,,,True,27.6,26.6,31.1,36.3,43.7,56.3
1449,1551,Dumex houtbeton 100 mm+grind dakelem.,,,,,True,29.4,27.1,34.9,44.5,48.3,53.4
1450,1552,Luxalon panel 50 mm enkele naaddicht [1],,,,,True,17.2,19.6,22.6,24.6,22.4,38.9
1451,1553,Luxalon panel 50 mm xtra naaddichting [1],,,,,True,17.9,20.7,22.9,24.9,22.4,41.4
1452,1554,Wand 2x1/sp.90 mm/hout420 mm hoh [1],,,,,True,18.0,29.0,36.0,43.0,42.0,0.0
1453,1555,Wand 2x1/sp.90 mm/hout620 mm hoh [1],,,,,True,25.0,30.0,37.0,45.0,43.0,0.0
1454,1556,Wand 2x1/wol50 mm/hout600 mm hoh [1],,,,,True,19.0,33.0,36.0,43.0,44.0,0.0
1455,1557,Wand 2xgh/wol65 mm/hout480 mm hoh [1],,,,,True,24.0,37.0,43.0,48.0,55.0,0.0
1456,1558,Wand 2x2/wol30 mm/hout600 mm hoh gesch [1],,,,,True,35.0,45.0,47.0,53.0,62.0,0.0
1457,1559,Wand 2x2/wol2x50/hout400 mm hoh gesch [1],,,,,True,44.0,49.0,51.0,54.0,58.0,0.0
1458,1560,Wand 2x2/wol2x50/hout400 mm hoh 125sp [1],,,,,True,42.0,54.0,60.0,62.0,65.0,0.0
1459,1561,Accent Soundshield 46A geluidw.deur,,,,,True,23.0,28.5,33.6,35.7,38.5,35.7
1460,1562,Accent Soundshield 46B geluidw.deur,,,,,True,22.5,34.9,42.6,43.1,43.8,46.0
1461,1563,Accent Soundshield 53C geluidw.deur,,,,,True,22.5,38.4,47.8,50.6,48.3,53.0
1462,1564,Accent Soundshield 53D geluidw.deur,,,,,True,27.6,42.7,46.5,47.1,44.3,49.8
1463,1565,Accent Soundshield 53E geluidw.deur,,,,,True,27.9,41.1,48.4,49.5,50.8,55.2
1464,1566,Accent Soundshield 53E met raam 1,,,,,True,29.5,38.8,47.0,47.5,45.6,50.8
1465,1567,Accent Soundshield 53E met raam 2,,,,,True,28.8,38.4,43.1,44.4,45.2,51.1
1466,1568,Accent Soundshield 83F geluidw. deur,,,,,True,35.0,44.0,51.4,56.2,57.8,60.7
1467,1569,Accent Soundshield 83FL geluidw.deur,,,,,True,37.0,44.5,52.3,58.3,56.2,58.5
1468,1570,Unidek sandwich 3/4  mm hellend dak,,,,,True,14.0,17.0,23.0,22.0,39.0,0.0
1469,1571,Unidek sandwich 7  mm hellend dak,,,,,True,20.0,17.0,26.0,32.0,46.0,0.0
1470,1572,Unidek sandwich DLG3+GKP hellend dak,,,,,True,18.0,23.0,32.0,32.0,40.0,0.0
1471,1573,Unilin dakelement wol<85  mm [1],,,,,True,21.0,26.0,37.0,40.0,44.0,0.0
1472,1574,Unilin dakelement wol>85  mm [1],,,,,True,22.0,32.0,37.0,43.0,43.0,0.0
1473,1575,Arho kozijn 4-12-6  mm glas (schuifr),,,,,True,25.9,25.7,32.5,33.3,35.1,37.3
1474,1576,Arho kozijn 6-20-4/2/4 glas(schuifr) [1],,,,,True,27.7,32.4,35.6,36.6,36.2,45.9
1475,1577,Arho kozijn met sandwich (schuifr) [1],,,,,True,30.1,37.3,36.8,35.7,39.8,48.0
1476,1578,Buvalux type EC 10 ventilatierooster,,,,,True,25.0,25.6,24.7,26.5,26.9,28.4
1477,1579,Buva Slidestream (EC-12-ZR) [1],,,,,True,26.1,25.5,25.5,31.1,28.9,31.0
1478,1580,Buva Whitco 5  mm raamuitzetter+raam [1],,,,,True,26.5,26.9,28.3,29.0,25.4,0.0
1479,1581,Buva Whitco 10  mm raamuitzetter+raam [1],,,,,True,24.9,25.2,26.5,26.8,23.6,0.0
1480,1582,Buva Whitco 15  mm raamuitzetter+raam [1],,,,,True,24.6,24.2,25.5,25.6,23.1,0.0
1481,1583,Buva Whitco 20  mm raamuitzetter+raam [1],,,,,True,23.8,23.5,24.8,24.8,23.0,0.0
1482,1584,Buva Whitco 25  mm raamuitzetter+raam [1],,,,,True,23.4,22.7,23.8,23.8,22.8,0.0
1483,1585,Aralco Junior SL ventilatierooster,,,,,True,28.5,26.1,26.5,26.0,25.9,30.5
1484,1586,Aralco Junior 14 ventilatierooster,,,,,True,27.9,25.3,22.6,22.9,29.1,32.3
1485,1587,Aralco Junior 14A ventilatierooster,,,,,True,29.1,26.9,25.5,24.1,31.9,34.5
1486,1588,Aralco Junior 22 ventilatierooster,,,,,True,27.4,23.2,21.0,24.5,29.7,31.6
1487,1589,*Duco Stylista Corto 10 suskast (meting '96),,,,,True,35.1,33.1,38.4,47.3,43.2,0.0
1488,1590,*Duco Stylista Corto 22 suskast (meting '96),,,,,True,29.8,28.7,33.3,38.3,36.2,0.0
1489,1591,*Duco Stylista Medio 11 suskast (meting '96),,,,,True,36.7,37.1,42.1,53.7,47.7,0.0
1490,1592,*Duco Stylista Medio 21 suskast (meting '96),,,,,True,31.8,30.9,36.3,42.9,41.1,0.0
1491,1593,*Duco Stylista Alto 14 suskast (meting '96),,,,,True,36.0,35.6,46.6,57.3,46.9,0.0
1492,1594,*Duco Stylista Alto 21 suskast (meting '96),,,,,True,30.8,31.2,39.6,46.6,51.5,0.0
1493,1595,*Duco Acoustica Corto 10 suskast (meting '96),,,,,True,34.2,34.3,44.0,49.9,41.9,0.0
1494,1596,*Duco Acoustica Corto 18 suskast (meting '96),,,,,True,31.5,31.4,37.5,38.6,37.0,0.0
1495,1597,*Duco Acoustica Medio 11 suskast (meting '96),,,,,True,32.8,37.6,45.7,50.3,51.9,0.0
1496,1598,*Duco Acoustica Medio 21 suskast (meting '96),,,,,True,29.3,31.9,41.4,43.7,46.2,0.0
1497,1599,*Duco Acoustica Alto 11 suskast (meting '96),,,,,True,33.7,41.2,51.7,54.0,54.8,0.0
1498,1600,*Duco Acoustica Alto 20 suskast (meting '96),,,,,True,30.4,35.3,43.8,47.5,48.4,0.0
1499,1601,Luko Pico-E wandsuskast (mechanisch),,,,,True,38.6,42.7,46.1,57.4,71.1,0.0
1500,1602,*Alusta Virgo Alumien 100 suskast (meting '96),,,,,True,36.0,35.9,39.5,43.2,38.1,39.4
1501,1603,*Alusta Virgo Alumien 150 suskast (meting '96),,,,,True,33.6,33.6,35.8,39.4,34.2,35.1
1502,1604,*Alusta Virgo Alumien 200 suskast (meting '96),,,,,True,32.2,31.7,34.0,35.7,32.8,35.9
1503,1605,*Alusta Virgo Alumien 250 suskast (meting '96),,,,,True,31.2,31.2,31.4,32.8,30.8,34.1
1504,1606,*Alusta Virgo Belinda 100 suskast (meting '96),,,,,True,35.8,36.4,44.2,47.5,45.3,48.8
1505,1607,*Alusta Virgo Belinda 150 suskast (meting '96),,,,,True,34.5,33.7,39.2,42.5,39.3,44.2
1506,1608,*Alusta Virgo Belinda 200 suskast (meting '96),,,,,True,32.5,32.9,36.1,39.3,38.3,44.8
1507,1609,*Alusta Virgo Belinda 250 suskast (meting '96),,,,,True,31.2,30.2,33.0,36.7,35.1,40.8
1508,1610,*Alusta Virgo Claudia 100 suskast (meting '96),,,,,True,35.0,37.4,45.8,51.0,48.7,52.7
1509,1611,*Alusta Virgo Claudia 150 suskast (meting '96),,,,,True,34.8,33.6,42.9,46.3,45.4,49.8
1510,1612,*Alusta Virgo Claudia 200 suskast (meting '96),,,,,True,33.4,30.9,38.8,43.0,42.2,48.3
1511,1613,*Alusta Virgo Claudia 250 suskast (meting '96),,,,,True,32.4,29.6,35.5,39.2,39.3,46.5
1512,1614,*Alusta Virgo Desiree 100 suskast (meting '96),,,,,True,37.3,39.4,49.4,53.1,50.8,52.3
1513,1615,*Alusta Virgo Desiree 150 suskast (meting '96),,,,,True,34.6,34.6,44.0,48.0,47.2,52.2
1514,1616,*Alusta Virgo Desiree 200 suskast (meting '96),,,,,True,33.5,33.6,40.3,43.5,42.7,49.0
1515,1617,*Alusta Virgo Desiree 250 suskast (meting '96),,,,,True,33.0,31.4,38.6,38.3,38.4,45.0
1516,1618,Alusta Cadet Standaard 110 HVH 25,,,,,True,33.9,33.3,39.2,38.7,44.7,45.3
1517,1619,Alusta Cadet Standaard 150 HVH 25,,,,,True,34.1,32.4,37.2,34.9,39.8,41.7
1518,1620,Alusta Cadet Standaard 200 HVH 25,,,,,True,34.1,31.2,35.7,32.9,37.1,40.1
1519,1621,Alusta Cadet Plus 110 HVH 25,,,,,True,34.2,33.5,42.8,43.8,49.6,51.1
1520,1622,Alusta Cadet Plus 150 HVH 25,,,,,True,33.3,31.8,40.3,40.4,46.3,47.7
1521,1623,Alusta Cadet Plus 200 HVH 25,,,,,True,33.9,31.4,37.4,37.1,43.3,45.1
1522,1624,Alusta Cadet Extra 110 HVH 25,,,,,True,35.8,36.6,46.3,44.1,47.6,50.6
1523,1625,Alusta Cadet Extra 150 HVH 25,,,,,True,34.7,33.3,44.6,41.7,45.0,49.4
1524,1626,Alusta Cadet Extra 200 HVH 25,,,,,True,32.8,32.6,42.0,38.6,43.5,47.7
1525,1627,Alusta Cadet Super 110 HVH 25,,,,,True,32.4,37.9,48.9,48.2,49.5,54.1
1526,1628,Alusta Cadet Super 150 HVH 25,,,,,True,32.7,34.9,45.6,44.2,47.2,50.2
1527,1629,Alusta Cadet Super 200 HVH 25,,,,,True,32.2,32.9,43.5,41.9,48.4,51.8
1528,1630,Alusta Orion Bonum 110 HVH 30,,,,,True,34.1,33.1,37.5,38.1,43.1,44.5
1529,1631,Alusta Orion Bonum 150 HVH 30,,,,,True,32.8,32.1,36.1,35.7,41.7,43.7
1530,1632,Alusta Orion Bonum 200 HVH 30,,,,,True,33.1,31.2,34.9,33.5,39.3,40.3
1531,1633,Alusta Orion Bonum 300 HVH 30,,,,,True,31.6,30.3,33.2,31.7,35.6,38.8
1532,1634,Alusta Orion Ultra 110 HVH 30,,,,,True,33.6,35.1,42.7,43.9,49.4,52.2
1533,1635,Alusta Orion Ultra 150 HVH 30,,,,,True,32.5,33.8,40.2,40.8,47.2,50.4
1534,1636,Alusta Orion Ultra 200 HVH 30,,,,,True,31.8,32.7,37.7,37.9,44.8,46.0
1535,1637,Alusta Orion Ultra 300 HVH 30,,,,,True,31.0,31.5,35.1,34.2,39.9,43.5
1536,1638,Alusta Orion Hyper 110 HVH 30,,,,,True,33.7,37.6,43.7,41.5,43.0,43.7
1537,1639,Alusta Orion Hyper 150 HVH 30,,,,,True,32.5,35.2,42.8,40.3,42.7,44.3
1538,1640,Alusta Orion Hyper 200 HVH 30,,,,,True,31.9,33.5,40.3,39.2,41.7,41.5
1539,1641,Alusta Orion Hyper 250 HVH 30,,,,,True,30.3,32.1,39.9,37.4,42.7,45.2
1540,1642,Alusta Orion Hyper 300 HVH 30,,,,,True,31.1,31.4,37.0,37.1,42.5,47.3
1541,1643,Alusta Orion Summum 110 HVH 30,,,,,True,33.1,41.7,48.5,46.8,48.4,51.9
1542,1644,Alusta Orion Summum 150 HVH 30,,,,,True,32.8,38.6,45.8,45.1,44.6,47.0
1543,1645,Alusta Orion Summum 200 HVH 30,,,,,True,30.0,35.9,42.2,41.7,43.5,42.9
1544,1646,Alusta Orion Summum 250 HVH 30,,,,,True,31.6,35.1,40.0,39.9,45.1,47.1
1545,1647,Alusta Orion Summum 300 HVH 30,,,,,True,29.4,34.4,38.4,40.5,45.8,56.3
1546,1648,Alusta Orion Bonum 110 HVH 11,,,,,True,38.0,37.5,42.5,44.7,51.9,51.5
1547,1649,Alusta Orion Bonum 150 HVH 15,,,,,True,35.9,35.0,39.6,39.8,44.5,45.3
1548,1650,Alusta Orion Bonum 200 HVH 20,,,,,True,34.8,33.8,37.8,36.8,40.6,40.4
1549,1651,Alusta Orion Ultra 110 HVH 11,,,,,True,36.2,39.7,48.0,50.6,57.9,56.8
1550,1652,Alusta Orion Ultra 150 HVH 15,,,,,True,34.7,37.3,44.3,44.9,49.5,51.6
1551,1653,Alusta Orion Ultra 200 HVH 20,,,,,True,33.6,34.8,40.4,40.6,45.8,45.1
1552,1654,Alusta Orion Hyper 110 HVH 11,,,,,True,35.9,42.4,50.5,52.5,56.0,56.2
1553,1655,Alusta Orion Hyper 150 HVH 15,,,,,True,34.4,38.9,47.3,44.3,44.3,46.1
1554,1656,Alusta Orion Hyper 200 HVH 20,,,,,True,33.6,36.0,43.4,42.8,45.1,46.0
1555,1657,Alusta Orion Hyper 250 HVH 25,,,,,True,31.7,33.4,40.9,37.7,42.7,44.0
1556,1658,Alusta Orion Summum 110 HVH 11,,,,,True,35.7,46.3,54.0,53.1,53.6,54.2
1557,1659,Alusta Orion Summum 150 HVH 15,,,,,True,34.5,42.4,49.5,49.9,51.9,51.9
1558,1660,Alusta Orion Summum 200 HVH 20,,,,,True,31.9,38.7,45.3,45.4,45.7,45.7
1559,1661,Alusta Orion Summum 250 HVH 25,,,,,True,30.9,36.2,40.8,39.2,41.8,43.9
1560,1662,Alusta Cadet Inverse Standaard 110,,,,,True,33.1,32.4,34.7,36.6,44.3,0.0
1561,1663,Alusta Cadet Inverse Standaard 150,,,,,True,31.3,30.0,31.9,32.8,37.5,0.0
1562,1664,Alusta Cadet Inverse Standaard 200,,,,,True,31.4,29.1,29.8,31.2,35.3,0.0
1563,1665,Alusta Cadet Inverse Plus 110,,,,,True,33.3,33.1,38.5,42.7,48.9,0.0
1564,1666,Alusta Cadet Inverse Plus 150,,,,,True,32.7,30.9,35.7,38.9,45.0,0.0
1565,1667,Alusta Cadet Inverse Plus 200,,,,,True,30.7,29.5,32.4,35.6,40.5,0.0
1566,1668,Alusta Cadet Inverse Extra 110,,,,,True,34.4,34.2,40.8,44.2,52.0,0.0
1567,1669,Alusta Cadet Inverse Extra 150,,,,,True,32.4,30.7,39.1,40.6,48.8,0.0
1568,1670,Alusta Cadet Inverse Extra 200,,,,,True,31.9,29.2,35.5,36.9,43.0,0.0
1569,1671,Alusta Cadet Inverse Super 110,,,,,True,35.5,36.0,47.8,46.5,53.1,0.0
1570,1672,Alusta Cadet Inverse Super 150,,,,,True,33.6,32.7,43.7,43.4,50.0,0.0
1571,1673,Alusta Cadet Inverse Super 200,,,,,True,31.0,31.5,40.5,39.3,45.7,0.0
1572,1674,Alusta Orion Inverse Bonum 110,,,,,True,31.8,31.8,36.6,37.7,41.7,42.7
1573,1675,Alusta Orion Inverse Bonum 150,,,,,True,29.8,30.5,35.5,35.1,38.2,38.6
1574,1676,Alusta Orion Inverse Bonum 200,,,,,True,29.7,29.0,32.3,32.6,35.6,36.4
1575,1677,Alusta Orion Inverse Bonum 300,,,,,True,28.5,27.9,30.1,29.5,32.0,33.7
1576,1678,Alusta Orion Inverse Ultra 110,,,,,True,32.2,35.4,41.7,41.9,46.1,45.9
1577,1679,Alusta Orion Inverse Ultra 150,,,,,True,31.2,32.0,37.6,39.6,43.7,42.1
1578,1680,Alusta Orion Inverse Ultra 200,,,,,True,29.8,31.4,36.0,37.0,40.4,40.0
1579,1681,Alusta Orion Inverse Ultra 250,,,,,True,29.4,30.2,34.0,33.5,35.7,36.8
1580,1682,Alusta Orion Inverse Ultra 300,,,,,True,29.4,29.3,32.0,32.2,35.3,37.8
1581,1683,Alusta Orion Inverse Hyper 110,,,,,True,35.8,39.5,45.9,43.5,47.1,47.5
1582,1684,Alusta Orion Inverse Hyper 150,,,,,True,31.8,35.7,44.0,41.2,42.8,43.1
1583,1685,Alusta Orion Inverse Hyper 200,,,,,True,30.2,33.9,40.3,36.9,39.4,40.6
1584,1686,Alusta Orion Inverse Hyper 250,,,,,True,31.3,32.8,38.5,33.3,34.7,36.9
1585,1687,Alusta Orion Inverse Hyper 300,,,,,True,29.8,31.3,34.0,33.4,38.0,43.1
1586,1688,Alusta Orion Inverse Summum 110,,,,,True,34.7,39.6,51.7,47.8,47.6,53.6
1587,1689,Alusta Orion Inverse Summum 150,,,,,True,31.8,35.6,44.9,44.7,48.1,52.0
1588,1690,Alusta Orion Inverse Summum 200,,,,,True,31.7,32.7,40.7,39.8,43.3,48.1
1589,1691,Alusta Orion Inverse Summum 250,,,,,True,30.9,32.4,39.1,36.4,39.5,44.2
1590,1692,Alusta Orion Inverse Summum 300,,,,,True,30.1,30.8,35.9,35.9,41.1,49.1
1591,1693,Alusta Thermob 134 ventilatierooster,,,,,True,29.7,29.3,24.6,25.3,30.6,34.7
1592,1694,Alusta MD16k11V muurdemper,,,,,True,39.6,35.0,42.3,45.1,54.9,53.6
1593,1695,Aralco Easy Clean Basic 22 suskast,,,,,True,27.7,26.4,30.0,38.8,32.8,32.3
1594,1696,AluArt type 65/08/0 op houten kalf [1],,,,,True,32.8,30.6,27.6,30.9,34.6,37.1
1595,1697,AluArt type 65/09/-1 op houten kalf [1],,,,,True,30.4,28.2,26.0,29.8,32.3,35.0
1596,1698,AluArt type 65/10/1 op houten kalf [1],,,,,True,31.1,30.4,29.3,30.3,33.5,33.9
1597,1699,AluArt type 420 vlinderrooster [1],,,,,True,26.6,25.8,24.2,22.2,25.7,31.9
1598,1700,AluArt type 420+ontdr.vlinderrooster [1],,,,,True,27.6,26.4,24.9,22.8,26.6,31.7
1599,1701,AluArt type 420-2 vlinderrooster [1],,,,,True,29.4,25.6,25.4,24.8,27.5,33.5
1600,1702,AluArt type 122/10/11 op houten kalf [1],,,,,True,35.8,34.8,43.0,41.2,46.9,55.2
1601,1703,AluArt type 122/17/8 op houten kalf [1],,,,,True,30.7,28.3,36.9,40.1,40.6,46.5
1602,1704,AluArt type Isosus-35.10 suskast [1],,,,,True,33.0,29.4,32.7,39.0,42.1,46.1
1603,1705,Iglas 4-6-8  mm; luchtgevuld,,,,,True,22.9,24.3,28.7,36.6,38.0,40.5
1604,1706,Iglas 4-9-8  mm; luchtgevuld,,,,,True,22.3,25.7,30.4,39.3,37.0,43.0
1605,1707,Iglas 4-12-10  mm; luchtgevuld+verh.,,,,,True,23.7,22.9,32.0,39.4,42.8,45.3
1606,1708,Iglas 4-15g-6  mm; gasgevuld,,,,,True,19.5,21.2,35.5,44.9,41.9,41.4
1607,1709,Iglas 4-15g-12  mm; gasgevuld,,,,,True,22.6,26.2,38.2,41.3,43.7,44.1
1608,1710,Iglas 4-20g-6  mm; gasgevuld,,,,,True,19.2,25.8,37.4,44.9,42.2,39.2
1609,1711,Iglas 4-20g-6  mm; gasgevuld+verhoogd,,,,,True,18.4,24.1,38.0,45.7,43.7,42.5
1610,1712,Iglas 4-15g-10  mm; gasgevuld,,,,,True,22.7,22.5,38.9,42.7,44.4,44.5
1611,1713,Iglas 5-12g-8  mm; gasgevuld,,,,,True,20.1,23.2,34.2,44.6,35.9,41.9
1612,1714,Iglas 5-15g-8  mm; gasgevuld,,,,,True,20.6,27.1,39.4,41.7,32.6,43.8
1613,1715,Iglas 5-15g-4/1/4  mm; hars+gasgevuld,,,,,True,20.1,25.5,41.0,49.0,45.3,49.4
1614,1716,Iglas 5-15g-10  mm; gasgevuld,,,,,True,21.6,27.4,39.1,40.8,35.5,44.4
1615,1717,Iglas 5-15g-4/3/4  mm; hars+gasgevuld,,,,,True,19.9,25.9,40.2,48.3,46.2,47.1
1616,1718,Iglas 5-20g-4/1/4  mm; hars+gasgevuld,,,,,True,18.9,28.6,41.1,48.0,45.5,46.8
1617,1719,Iglas 6-12g-4/1/4  mm; hars+gasgevuld,,,,,True,21.8,25.7,42.3,48.5,43.4,50.0
1618,1720,Iglas 6-12g-44.4  mm; 4pvb-folies+gas,,,,,True,20.8,25.7,38.5,44.3,38.5,47.1
1619,1721,Iglas 6-12g-12  mm; gasgevuld,,,,,True,23.3,26.2,37.7,39.5,36.1,44.9
1620,1722,Iglas 6-12g-8/1/4  mm; hars+gasgevuld,,,,,True,23.8,27.2,41.2,46.4,42.3,52.7
1621,1723,Iglas 6-15-10  mm; luchtgevuld,,,,,True,23.7,27.2,34.1,39.9,37.8,44.8
1622,1724,Iglas 6-20g-8  mm; gasgevuld,,,,,True,18.3,29.7,40.5,41.0,34.5,43.8
1623,1725,Iglas 6-20g-4/1/4  mm; hars+gasgevuld,,,,,True,20.7,29.9,44.8,48.9,45.4,50.4
1624,1726,Iglas 6-20g-44.4  mm; 4pvb-folies+gas,,,,,True,22.2,31.6,42.5,46.0,42.4,50.1
1625,1727,Iglas 8-10-6/1/5  mm;hars+luchtgevuld,,,,,True,23.5,26.6,35.2,42.9,41.9,48.7
1626,1728,Iglas 8-15g-4/1/4  mm; hars+gasgevuld,,,,,True,22.0,31.4,42.1,46.3,44.5,49.0
1627,1729,Iglas 8-15g-5/3/5  mm; hars+gasgevuld,,,,,True,21.2,32.7,42.1,46.2,43.5,48.3
1628,1730,Iglas 4/1/4-20g-5/1/5  mm; hars+gas,,,,,True,25.7,36.9,47.9,51.5,51.9,56.6
1629,1731,Iglas 44.2-9g-33.1  mm; pvb-folie+gas,,,,,True,21.6,23.4,38.6,44.9,40.8,51.2
1630,1732,Iglas 10-9g-44.2  mm; pvb-folie+gas,,,,,True,22.4,25.8,35.0,39.0,37.1,47.6
1631,1733,Iglas 44.2-15g-55.2  mm;pvb-folie+gas,,,,,True,22.7,28.7,37.4,43.0,41.7,54.5
1632,1734,Iglas 44.2-20g-55.2  mm;pvb-folie+gas,,,,,True,22.7,29.6,38.1,42.8,41.9,54.5
1633,1735,Iglas 10-24g-5/1/5  mm;hars+gasgevuld,,,,,True,26.4,36.6,43.0,44.5,45.3,50.0
1634,1736,Iglas 12-6g-4/1/4  mm;hars+gasgevuld,,,,,True,26.7,28.2,39.6,44.1,46.7,52.4
1635,1737,Iglas 12-9g-4/1/4  mm;hars+gasgevuld,,,,,True,26.1,30.5,42.7,44.5,47.1,53.2
1636,1738,Iglas 44.4-20g-55.5  mm;pvb-folie+gas,,,,,True,25.8,31.0,40.0,44.4,44.6,55.8
1637,1739,Iglas 44.4-15g-55.5  mm;pvb-folie+gas,,,,,True,23.2,29.7,38.3,43.7,43.6,50.6
1638,1740,Houten vloer standaard (Nevima),,,,,True,16.9,17.2,19.9,23.7,28.1,31.4
1639,1741,Houten vloer+sp+ivi+gkp (Nevima),,,,,True,34.8,43.6,44.8,48.7,48.9,51.4
1640,1742,Houten vloer+sp+ulm+ivi+gkp (Nevima),,,,,True,33.4,49.4,60.2,69.9,73.1,75.3
1641,1743,Houten vloer+rw+ivi+gkp (Nevima),,,,,True,36.1,44.0,57.3,66.8,72.6,76.6
1642,1744,Houten vloer+is+ivi+gkp (Nevima),,,,,True,37.8,47.9,56.8,66.9,74.4,78.0
1643,1745,Houten vloer+ic+ivi+gkp (Nevima),,,,,True,37.6,47.5,63.1,71.6,74.7,76.4
1644,1746,BP1: Enkelvoudig paneel [1],,,,,True,15.0,20.0,25.0,30.0,30.0,0.0
1645,1747,BP2a: Sandw.wol150+pl.mat;d= 50-85 mm [1],,,,,True,23.0,22.0,17.0,33.0,43.0,0.0
1646,1748,BP2b: Sandw.wol100+pl.mat;d= 50-85 mm [1],,,,,True,20.0,14.0,30.0,41.0,50.0,0.0
1647,1749,BP2c: Sandw.PS+pl.mat;d= 50-65 mm [1],,,,,True,22.0,26.0,30.0,24.0,37.0,0.0
1648,1750,BP2d: Sandw.PUR+pl.mat;d= 45-75 mm [1],,,,,True,22.0,26.0,30.0,31.0,26.0,0.0
1649,1751,BP2e: Sandw.kurk+pl.mat;d= 65-75 mm [1],,,,,True,22.0,26.0,29.0,27.0,35.0,0.0
1650,1752,BP2f: Sandw.schuimgl+pl.mat;d=45-85 mm [1],,,,,True,20.0,24.0,27.0,31.0,36.0,0.0
1651,1753,BP3a: Lichte spwconstr.+wol 70-90  mm [1],,,,,True,15.0,25.0,35.0,41.0,44.0,0.0
1652,1754,BP3b: Spouwconstr.+wol 110-160  mm [1],,,,,True,18.0,27.0,35.0,41.0,44.0,0.0
1653,1755,BP3c: Spouwconstr.+wol 160-180  mm [1],,,,,True,21.0,30.0,37.0,41.0,44.0,0.0
1654,1756,BP4: Spwconstr.zware bepl. 170-210  mm [1],,,,,True,25.0,35.0,40.0,45.0,50.0,0.0
1655,1757,BP5: Spwconstr.wol verend 170-200  mm [1],,,,,True,27.0,38.0,45.0,50.0,50.0,0.0
1656,1758,Merford deur MN 41 geluidisolerend,,,,,True,21.8,36.4,44.1,40.6,41.8,45.6
1657,1759,Merford deur MN 47 geluidisolerend,,,,,True,24.6,38.2,44.2,47.7,50.9,56.1
1658,1760,Merford deur MN 53 geluidisolerend,,,,,True,34.2,42.3,51.0,54.9,56.0,60.6
1659,1761,Merford deur MD 53L geluidisolerend,,,,,True,37.7,43.9,48.5,54.3,56.1,62.6
1660,1762,Merford deur MD 54L geluidisolerend,,,,,True,40.9,43.1,53.0,55.0,57.1,63.1
1661,1763,*Alusta Taurus II Eveline 110 (meting '97),,,,,True,33.9,36.4,40.9,39.8,36.8,37.7
1662,1764,*Alusta Taurus II Eveline 150 (meting '97),,,,,True,32.0,34.2,38.3,37.4,35.1,37.8
1663,1765,*Alusta Taurus II Eveline 200 (meting '97),,,,,True,31.3,32.8,34.9,33.9,32.7,35.4
1664,1766,*Alusta Taurus II Eveline 250 (meting '97),,,,,True,30.5,31.2,33.2,32.2,30.9,33.7
1665,1767,*Alusta Taurus II Eveline 300 (meting '97),,,,,True,29.9,30.0,31.6,31.0,29.0,30.6
1666,1768,*Alusta Taurus II Felicia 110 (meting '97),,,,,True,34.5,38.2,42.2,46.1,45.2,47.7
1667,1769,*Alusta Taurus II Felicia 150 (meting '97),,,,,True,33.2,35.4,40.7,42.3,41.7,44.4
1668,1770,*Alusta Taurus II Felicia 200 (meting '97),,,,,True,32.8,32.6,38.4,38.8,38.7,41.9
1669,1771,*Alusta Taurus II Felicia 250 (meting '97),,,,,True,31.0,31.1,36.4,37.3,36.6,40.6
1670,1772,*Alusta Taurus II Felicia 300 (meting '97),,,,,True,30.5,30.4,33.4,35.0,33.4,35.9
1671,1773,*Alusta Taurus II Gina 110 (meting '97),,,,,True,35.0,39.2,44.8,50.9,50.3,51.5
1672,1774,*Alusta Taurus II Gina 150 (meting '97),,,,,True,33.6,36.9,44.9,47.8,48.1,49.8
1673,1775,*Alusta Taurus II Gina 200 (meting '97),,,,,True,32.9,33.6,41.0,43.6,44.3,48.2
1674,1776,*Alusta Taurus II Gina 250 (meting '97),,,,,True,31.8,31.7,38.4,41.6,42.5,46.3
1675,1777,*Alusta Taurus II Gina 300 (meting '97),,,,,True,31.4,30.4,37.1,38.8,39.8,43.7
1676,1778,*Alusta Taurus II Hilde 110 (meting '97),,,,,True,37.6,41.8,47.9,48.7,48.7,51.0
1677,1779,*Alusta Taurus II Hilde 150 (meting '97),,,,,True,34.5,38.1,46.3,47.7,46.8,49.3
1678,1780,*Alusta Taurus II Hilde 200 (meting '97),,,,,True,34.0,35.0,44.1,43.9,44.3,47.9
1679,1781,*Alusta Taurus II Hilde 250 (meting '97),,,,,True,32.5,33.6,41.5,39.3,41.1,44.2
1680,1782,*Alusta Taurus II Hilde 300 (meting '97),,,,,True,31.0,32.6,38.9,37.4,39.4,43.2
1681,1783,Alusta HVH Thermob 131 K25 (Alusta),,,,,True,32.8,31.5,28.1,26.6,29.1,35.7
1682,1784,Alusta HVH Thermob 131 K30 (Alusta),,,,,True,32.1,30.4,26.9,25.7,28.3,34.8
1683,1785,Alusta HVH Thermob 131 Libra K25 (Alusta),,,,,True,33.1,29.6,30.2,33.2,35.9,44.3
1684,1786,Alusta HVH Thermob 131 Libra K30 (Alusta),,,,,True,32.1,29.2,29.5,31.8,36.0,46.6
1685,1787,Alusta Wandsuskast MVR1,,,,,True,41.4,45.8,44.1,52.9,58.8,57.4
1686,1788,Kozijn K1 kunststof/aluminium K031 [1],,,,,True,22.0,25.0,33.0,35.0,35.0,0.0
1687,1789,Kozijn hout (minimum) K032 [1],,,,,True,26.0,29.0,29.0,34.0,40.0,45.0
1688,1790,Kozijn Wavira dubbele kierd. K033 [1],,,,,True,28.0,28.0,35.0,34.0,37.0,37.0
1689,1791,K2: houten of dubbelwandig kunststof kozijn [1],,,,,True,26.0,28.0,34.0,36.0,40.0,0.0
1690,1792,K3: dikke kozijnen en ramen van diverse materialen [1],,,,,True,31.0,34.0,34.0,39.0,44.0,0.0
1691,1793,Kozijn hout (gemiddeld) K037A [1],,,,,True,31.0,34.0,34.0,39.0,44.0,49.0
1692,1794,SGG Climalit Acoustic 47/42 LPHA,,,,,True,31.8,36.2,43.6,44.1,43.0,41.4
1693,1795,SGG Climalit Acoustic 45/43 LPHA,,,,,True,33.0,38.0,43.5,43.7,44.8,41.2
1694,1796,SGG Climalit Acoustic 43/42 LPHA,,,,,True,30.8,35.4,43.1,44.0,42.9,41.3
1695,1797,SGG Climalit Acoustic 21/32 L,,,,,True,23.1,21.5,29.2,39.2,37.4,33.2
1696,1798,SGG Climalit Acoustic 20/30 L,,,,,True,23.8,19.3,26.1,36.7,39.0,30.8
1697,1799,SGG Climalit Acoustic 32/38 LST,,,,,True,25.9,28.0,35.9,40.5,38.7,39.6
1698,1800,SGG Climalit Acoustic 27/36 LST,,,,,True,23.2,25.7,36.1,41.8,37.1,39.3
1699,1801,SGG Climalit Acoustic 33/37L opbouw 10-15-8,,,,,True,24.8,30.2,38.0,37.5,34.8,39.3
1700,1802,SGG Climalit Acoustic 30/36 L 8-20-5,,,,,True,23.3,28.0,37.1,37.0,34.3,38.7
1701,1803,SGG Climalit Acoustic 31/36 L opbouw 10-15-6,,,,,True,24.9,27.6,35.6,39.8,35.9,38.3
1702,1804,SGG Climalit Acoustic 28/35 L 106,,,,,True,23.6,25.7,34.5,39.1,35.5,38.0
1703,1805,SGG Climalit Acoustic 29/34 L opbouw 8-15-6,,,,,True,21.6,24.9,35.9,40.5,32.7,37.4
1704,1806,SGG Climalit Acoustic 26/34 L,,,,,True,22.6,24.4,34.8,40.1,32.5,37.1
1705,1807,SGG Climalit Acoustic 33/35 L,,,,,True,20.8,27.3,33.8,41.5,35.4,37.7
1706,1808,SGG Climalit Acoustic 28/35 L opbouw 8-15-5,,,,,True,21.4,25.7,33.5,41.1,35.7,37.8
1707,1809,SGG Climalit Acoustic 25/34 L 64 opbouw 6-15-4,,,,,True,22.6,23.6,32.8,40.6,36.0,37.1
1708,1810,SGG Climalit Acoustic 22/33 L,,,,,True,23.5,21.5,29.5,39.8,37.9,35.2
1709,1811,SGG Climalit Acoustic 28/38 LPH,,,,,True,24.2,25.8,36.1,44.8,42.3,40.1
1710,1812,SGG Climalit Acoustic 37/40 LSTA,,,,,True,27.5,30.4,39.7,42.8,41.7,41.5
1711,1813,SGG Climalit Acoustic 35/42 LPH,,,,,True,26.6,33.0,40.9,45.3,45.7,41.8
1712,1814,SGG Climalit Acoustic 45/46 GPHPH,,,,,True,28.4,40.9,48.6,51.1,49.0,41.9
1713,1815,SGG Climalit Acoustic 41/47 GPHPH,,,,,True,28.3,41.4,49.6,51.6,51.4,42.0
1714,1816,SGG Climalit Acoustic 36/43 LPHPH,,,,,True,27.3,33.4,41.4,48.4,49.0,41.6
1715,1817,SGG Climalit Acoustic 31/41 LPHPH,,,,,True,25.1,29.5,38.7,47.3,49.0,41.6
1716,1818,SGG Climalit Acoustic 30/39 LST,,,,,True,25.3,28.5,37.1,42.6,42.9,40.9
1717,1819,SGG Climalit Acoustic 32/41 LPH,,,,,True,25.9,31.5,40.1,45.0,45.5,41.1
1718,1820,SGG Climalit Acoustic 35/41 LPHA,,,,,True,28.1,32.3,41.4,43.9,42.6,41.2
1719,1821,SGG Climalit Acoustic 36/40 LPH,,,,,True,23.0,29.5,38.4,46.3,43.3,40.6
1720,1822,SGG Climalit Acoustic 34/40 LSTA,,,,,True,27.2,31.8,39.8,40.4,41.2,41.0
1721,1823,SGG Climalit Acoustic 31/37 LST,,,,,True,23.2,27.6,38.2,40.9,38.0,40.4
1722,1824,SGG Climalit Acoustic 36/39 LSTA,,,,,True,23.7,29.9,38.4,43.7,39.1,40.4
1723,1825,SGG Climalit Acoustic 28/37 LSTA,,,,,True,23.6,26.3,36.2,42.7,38.9,39.9
1724,1826,SGG Climalit Acoustic 31/38 LST,,,,,True,26.8,27.9,35.8,40.3,40.8,40.3
1725,1827,SGG Climalit Silence 27/39 AST,,,,,True,23.3,25.5,36.4,45.3,43.5,48.2
1726,1828,SGG Climalit Silence 36/41 ASTA,,,,,True,22.5,28.7,38.7,46.8,43.6,49.6
1727,1829,SGG Climalit Silence 32/40 ASTA,,,,,True,24.9,28.2,38.7,45.8,42.3,50.7
1728,1830,SGG Climalit Silence 33/43 ASTA,,,,,True,29.1,33.2,41.0,42.9,46.2,55.4
1729,1831,SGG Climalit Silence 32/41 AST 655 opbouw 6-15-55.2Si,,,,,True,24.8,28.4,38.5,45.8,42.8,50.5
1730,1832,SGG Climalit Silence 28/40 AST,,,,,True,23.4,26.3,37.0,45.6,43.9,48.1
1731,1833,SGG Climalit Silence 31/42 AST,,,,,True,25.1,30.8,40.2,43.4,45.7,52.9
1732,1834,SGG Climalit Silence 33/43 AST opbouw 44.2Si-15-44.2Si,,,,,True,28.3,32.9,40.9,42.8,48.0,54.3
1733,1835,SGG Climalit Silence 32/41 AST 844 opbouw 8-15-44.2Si,,,,,True,23.1,28.7,38.9,45.1,43.6,52.0
1734,1836,SGG Climalit Silence 38/44 ASTA,,,,,True,25.0,32.7,40.4,50.8,53.9,60.1
1735,1837,SGG Climalit Silence 31/40 AST,,,,,True,25.9,27.7,38.3,45.6,42.5,51.0
1736,1838,SGG Climalit Silence 40/46 AST,,,,,True,26.3,35.1,41.9,51.4,52.9,59.2
1737,1839,SGG Climalit Silence 41/44 AST opbouw 12-20-44.2Si,,,,,True,29.6,36.3,41.7,43.0,48.4,56.3
1738,1840,SGG Climalit Silence 35/44 AST,,,,,True,25.6,32.1,41.2,50.4,52.4,58.4
1739,1841,SGG Climalit Silence 34/43 AST,,,,,True,27.6,32.9,40.9,43.8,49.8,53.8
1740,1842,SGG Climalit Silence 37/46 ASTA,,,,,True,26.6,34.1,42.8,51.2,50.1,57.7
1741,1843,SGG Climalit Silence 26/36 AST,,,,,True,21.7,22.7,31.7,43.0,47.3,47.4
1742,1844,SGG Climalit Silence 30/42 ASTA,,,,,True,25.2,28.8,38.5,48.7,52.5,58.4
1743,1845,SGG Climalit Silence 40/51 ASTA,,,,,True,26.8,41.7,50.4,54.3,54.3,59.8
1744,1846,Duco Stylista Corto 13,,,,,True,33.8,33.3,38.0,41.9,44.5,40.8
1745,1847,Duco Stylista Corto 20,,,,,True,28.7,27.4,32.3,38.7,37.1,37.3
1746,1848,Duco Stylista Medio 10,,,,,True,34.0,36.0,43.7,45.8,41.0,41.2
1747,1849,Duco Stylista Medio 19,,,,,True,29.7,29.0,37.0,42.0,47.6,45.5
1748,1850,Duco Stylista Alto 11,,,,,True,34.2,35.9,44.9,49.6,51.8,45.1
1749,1851,Duco Stylista Alto 18,,,,,True,29.5,31.3,37.7,43.4,41.1,38.6
1750,1852,Duco Acoustica Corto 12,,,,,True,31.1,32.9,41.1,45.0,44.4,43.8
1751,1853,Duco Acoustica Corto 22,,,,,True,27.8,29.0,36.3,39.3,37.7,37.3
1752,1854,Duco Acoustica Medio 13,,,,,True,32.2,37.0,43.4,51.9,55.7,54.4
1753,1855,Duco Acoustica Medio 22,,,,,True,31.2,35.0,38.3,39.6,43.3,38.7
1754,1856,Duco Acoustica Alto 12,,,,,True,32.4,38.7,47.3,52.7,49.7,42.8
1755,1857,Duco Acoustica Alto 20,,,,,True,30.4,35.0,42.5,43.7,42.6,42.1
1756,1858,Gyproc MS210/2.75-75.2.A(50),,,,,True,39.2,54.7,64.6,70.6,70.3,71.5
1757,1859,Gyproc MS210/2.75-75.2.A(75),,,,,True,39.7,54.7,66.1,72.8,73.8,76.1
1758,1860,Gyproc MS210/2.75-75.2.A(50+75),,,,,True,41.2,56.2,67.3,76.6,80.8,82.2
1759,1861,Gyproc MS260/2.100-100.2.A(2x80),,,,,True,41.4,53.9,66.6,73.8,77.1,76.7
1760,1862,Gyproc MS260/2.100+100.2.A(2x80)g,,,,,True,36.2,48.8,61.2,70.5,70.2,70.0
1761,1863,Gyproc MS260/2.100+100.2.A(2x80)i,,,,,True,40.1,51.2,63.3,71.5,75.0,73.3
1762,1864,Gyproc MS175/2.125-100.2.A(45),,,,,True,36.8,51.5,59.7,65.8,58.2,59.3
1763,1865,Gyproc MS175/2.125-100.2.A(100),,,,,True,40.0,51.2,59.5,66.6,58.8,59.4
1764,1866,Gyproc MS175/2.125-100.2.A(45gr),,,,,True,37.4,51.7,62.1,68.4,68.1,65.1
1765,1867,Gyproc MS175/2.125-100.2.A(100gr),,,,,True,39.8,52.3,62.1,69.7,70.6,67.8
1766,1868,Gyproc basiswand kalkzandsteen 100  mm,,,,,True,29.0,34.3,41.1,47.8,54.5,60.9
1767,1869,Gyproc basiswand+MS58V/45.1,,,,,True,32.1,37.8,48.7,57.6,60.0,62.3
1768,1870,Gyproc basiswand+MS58V/45.1.A,,,,,True,39.0,46.1,51.2,60.0,62.2,64.4
1769,1871,Gyproc basiswand+MS70V/45.2.A s150,,,,,True,36.0,50.5,61.0,65.3,67.4,68.4
1770,1872,Gyproc basiswand+MS75V/50.2.A los,,,,,True,37.2,54.6,64.1,72.1,78.2,78.2
1771,1873,Gyproc basiswand kz-steen 210  mm,,,,,True,36.8,38.3,46.4,55.1,61.9,66.1
1772,1874,Gyproc basiswand+MS138V/100.3.A,,,,,True,54.6,66.8,77.4,87.2,90.3,89.4
1773,1875,Gyproc basiswand+MS125V/100.2.A,,,,,True,52.9,65.4,77.5,87.1,91.2,90.0
1774,1876,Gyproc basiswand+MS113V/100.1.A,,,,,True,47.7,61.7,76.7,87.6,92.0,90.1
1775,1877,Gyproc basiswand+MS113V/100.1.A+50,,,,,True,51.3,63.7,76.6,87.1,91.7,90.3
1776,1878,Gyproc basiswand+MS125V/100.2.A gk,,,,,True,51.3,63.2,74.9,86.1,91.5,89.9
1777,1879,Gyproc basiswand+MS113V/100.1.A gk,,,,,True,45.1,58.5,73.7,85.4,90.0,89.6
1778,1880,Gyproc basiswand+MS75V/50.2.A,,,,,True,48.1,60.8,75.6,86.3,90.4,89.6
1779,1881,Gyproc basiswand+MS63V/50.1.A,,,,,True,40.1,56.5,73.1,85.8,90.3,89.3
1780,1882,Gyproc basiswand+MS75V/50.2.A rbp,,,,,True,46.2,48.9,54.6,62.7,71.4,76.2
1781,1883,Gyproc basiswand+MS75V/50.2.A rbv,,,,,True,45.5,49.1,54.4,62.4,71.2,77.0
1782,1884,Gyproc basiswand+MS113V/100.1.A c,,,,,True,43.9,57.1,77.7,87.5,91.6,89.8
1783,1885,Gyproc basiswand+MS113V/100.1,,,,,True,39.7,50.3,70.8,75.3,83.6,84.2
1784,1886,Gyproc basisvloer (2x gkp),,,,,True,18.1,32.6,41.5,48.6,48.1,51.1
1785,1887,Gyproc basisvloer+MS150P/125.2A100,,,,,True,34.8,43.8,52.6,62.3,62.2,67.1
1786,1888,Gyproc basisvloer+MS138P/125.1A100,,,,,True,30.1,44.4,53.1,63.4,63.1,68.2
1787,1889,Gyproc basisvloer+Plagyp D/1.A100,,,,,True,28.5,45.0,55.1,65.3,66.8,72.9
1788,1890,Gyproc basisvloer+Plagyp D/2.A100,,,,,True,33.0,45.8,56.0,66.2,67.5,73.8
1789,1891,Gyproc basisvloer+MS150P/125.2A100x,,,,,True,35.3,45.7,56.0,65.7,67.3,73.5
1790,1892,Gyproc basisvloer+MS138P/125.1A100x,,,,,True,30.5,45.0,55.3,65.5,66.8,72.9
1791,1893,Gyproc basisvloer 2,,,,,True,22.4,28.9,32.4,33.2,33.6,35.7
1792,1894,Gyproc basisvl2+MS150P/125.2.A100,,,,,True,37.8,48.1,58.2,68.6,77.0,81.1
1793,1895,Gyproc basisvl2+MS138P/125.1.A100,,,,,True,35.1,47.6,57.6,68.6,74.7,77.5
1794,1896,Gyproc basisvl2+Plagyp D/2.A100,,,,,True,38.0,47.8,57.8,68.2,77.0,82.1
1795,1897,Gyproc basisvl2+Plagyp D/1.A100,,,,,True,34.4,46.4,57.5,67.8,75.6,78.8
1796,1898,Gyproc basisvl2+Plagyp standaard2,,,,,True,39.4,48.2,58.1,67.6,73.9,78.9
1797,1899,Gyproc basisvl2+Plagyp standaard1,,,,,True,34.5,46.2,57.3,67.5,72.9,76.2
1798,1900,Gyproc houten vloer underlayment,,,,,True,13.2,19.3,23.4,24.3,22.9,26.8
1799,1901,Alusta Bingo 16 ventilatierooster,,,,,True,30.8,32.0,30.0,28.7,32.0,0.0
1800,1902,Alusta Bingo 21 ventilatierooster,,,,,True,28.6,29.2,27.7,23.5,23.3,0.0
1801,1903,Alusta Bingo 30 ventilatierooster,,,,,True,28.1,29.2,27.8,23.4,22.9,0.0
1802,1904,Alusta Virgo Alumien 100 inbouw 1 (),,,,,True,35.3,34.3,39.0,43.2,40.5,0.0
1803,1905,Alusta Virgo Alumien 250 inbouw 1,,,,,True,32.3,31.2,32.9,35.3,33.0,0.0
1804,1906,Alusta Virgo Belinda 100 inbouw 1,,,,,True,33.9,34.9,41.6,46.2,45.0,0.0
1805,1907,Alusta Virgo Belinda 250 inbouw 1,,,,,True,32.3,31.8,34.7,37.0,37.2,0.0
1806,1908,Alusta Virgo Claudia 100 inbouw 1,,,,,True,34.5,36.7,43.2,48.8,49.5,0.0
1807,1909,Alusta Virgo Claudia 250 inbouw 1,,,,,True,32.4,31.7,35.8,40.7,41.2,0.0
1808,1910,Alusta Virgo Desiree 100 inbouw 1,,,,,True,36.8,39.3,48.0,49.3,50.1,0.0
1809,1911,Alusta Virgo Desiree 250 inbouw 1,,,,,True,32.8,33.3,39.8,40.1,41.5,0.0
1810,1912,Alusta Virgo Alumien 100 inbouw 2,,,,,True,34.8,34.0,37.3,42.4,39.7,0.0
1811,1913,Alusta Virgo Alumien 250 inbouw 2,,,,,True,32.1,29.9,31.5,34.2,32.6,0.0
1812,1914,Alusta Virgo Belinda 100 inbouw 2,,,,,True,34.0,34.6,41.0,45.8,44.5,0.0
1813,1915,Alusta Virgo Belinda 250 inbouw 2,,,,,True,32.7,30.1,33.4,35.9,36.8,0.0
1814,1916,Alusta Virgo Claudia 100 inbouw 2,,,,,True,33.1,36.6,42.7,47.8,48.9,0.0
1815,1917,Alusta Virgo Claudia 250 inbouw 2,,,,,True,31.1,30.4,35.2,39.6,40.4,0.0
1816,1918,Alusta Virgo Desiree 100 inbouw 2,,,,,True,35.6,38.5,47.6,48.5,49.4,0.0
1817,1919,Alusta Virgo Desiree 250 inbouw 2,,,,,True,32.2,31.9,39.5,39.0,40.6,0.0
1818,1920,Alusta Virgo Alumien 100 inbouw 3,,,,,True,33.8,33.0,39.2,41.6,38.4,0.0
1819,1921,Alusta Virgo Alumien 150 inbouw 3,,,,,True,32.0,31.6,36.4,38.9,35.8,0.0
1820,1922,Alusta Virgo Alumien 200 inbouw 3,,,,,True,30.3,30.3,33.8,35.6,33.1,0.0
1821,1923,Alusta Virgo Alumien 250 inbouw 3,,,,,True,29.8,29.2,32.1,33.9,31.4,0.0
1822,1924,Alusta Virgo Belinda 100 inbouw 3,,,,,True,33.3,33.1,42.6,45.2,43.7,0.0
1823,1925,Alusta Virgo Belinda 200 inbouw 3,,,,,True,31.0,30.4,35.8,38.1,37.0,0.0
1824,1926,Alusta Virgo Belinda 250 inbouw 3,,,,,True,30.3,29.1,33.6,35.7,35.6,0.0
1825,1927,Alusta Virgo Claudia 100 inbouw 3,,,,,True,32.5,34.8,43.8,47.4,47.9,0.0
1826,1928,Alusta Virgo Claudia 150 inbouw 3,,,,,True,31.4,33.2,41.2,44.2,44.7,0.0
1827,1929,Alusta Virgo Claudia 200 inbouw 3,,,,,True,31.2,31.1,38.3,41.2,41.8,0.0
1828,1930,Alusta Virgo Claudia 250 inbouw 3,,,,,True,29.9,28.7,35.4,39.6,39.8,0.0
1829,1931,Alusta Virgo Desiree 100 inbouw 3,,,,,True,34.7,37.8,48.5,47.8,48.2,0.0
1830,1932,Alusta Virgo Desiree 150 inbouw 3,,,,,True,33.6,35.0,45.4,43.6,43.1,0.0
1831,1933,Alusta Virgo Desiree 200 inbouw 3,,,,,True,32.4,32.9,41.0,38.5,38.5,0.0
1832,1934,Alusta Virgo Desiree 250 inbouw 3,,,,,True,31.0,30.2,40.1,39.1,40.3,0.0
1833,1935,Alusta Virgo Alumien 100 inbouw 4,,,,,True,34.9,35.0,40.1,42.7,40.6,0.0
1834,1936,Alusta Virgo Alumien 250 inbouw 4,,,,,True,31.8,32.2,34.3,35.4,33.0,0.0
1835,1937,Alusta Virgo Belinda 100 inbouw 4,,,,,True,34.4,35.4,43.1,45.5,45.5,0.0
1836,1938,Alusta Virgo Belinda 150 inbouw 4,,,,,True,32.1,33.4,41.6,42.6,42.0,0.0
1837,1939,Alusta Virgo Belinda 200 inbouw 4,,,,,True,33.2,32.8,38.6,39.0,38.5,0.0
1838,1940,Alusta Virgo Belinda 250 inbouw 4,,,,,True,31.4,31.5,36.9,36.9,36.7,0.0
1839,1941,Alusta Virgo Claudia 100 inbouw 4,,,,,True,33.8,36.8,45.5,48.6,49.6,0.0
1840,1942,Alusta Virgo Claudia 250 inbouw 4,,,,,True,32.0,31.5,38.7,40.3,40.9,0.0
1841,1943,Alusta Virgo Desiree 100 inbouw 4,,,,,True,35.6,39.2,48.8,48.8,49.6,0.0
1842,1944,Alusta Virgo Desiree 250 inbouw 4,,,,,True,32.6,34.2,42.2,40.3,40.8,0.0
1843,1945,Alusta DC18 ventilatierooster,,,,,True,28.7,28.7,29.6,24.2,25.5,27.1
1844,1946,Metaalbouwsysteem 209perfo(Rockwool),,,,,True,17.3,24.7,33.7,41.5,45.2,57.4
1845,1947,Metaalbouwsysteem 209     (Rockwool),,,,,True,23.0,33.7,44.1,49.2,53.9,62.6
1846,1948,Metaalbouwsysteem 207     (Rockwool),,,,,True,17.6,32.3,41.9,48.0,49.8,49.1
1847,1949,Rockwool MS 100 gipskarton 8.7 kg/m2,,,,,True,27.0,36.7,45.7,55.4,50.6,46.0
1848,1950,Rockwool MS 100 gipsvezel 11.2 kg/m2,,,,,True,32.5,42.1,52.7,61.6,54.3,49.6
1849,1951,Rockwool MS 75 gipskarton 8.7 kg/m2,,,,,True,25.0,35.5,49.0,55.4,50.4,45.3
1850,1952,Rockwool MS 75 gipskarton 8.7 kg/m2,,,,,True,37.1,41.2,50.5,56.3,55.2,54.2
1851,1953,Rockwool MS 75 gipsvezel 11.2 kg/m2,,,,,True,26.3,38.8,47.4,56.0,49.8,44.9
1852,1954,Rockwool MS 50 gipsvezel 11.2 kg/m2,,,,,True,21.3,36.2,47.5,55.9,48.9,43.8
1853,1955,Rockwool MS 50 gipskarton 8.7 kg/m2,,,,,True,21.6,33.1,48.4,55.1,47.3,44.8
1854,1956,Rockwool MS 50 gipskarton 8.7 kg/m2 [1],,,,,True,18.2,23.6,32.6,43.1,38.8,40.6
1855,1957,SGG Climalit Silence 26/38 ASTA,,,,,True,22.9,24.4,35.8,44.4,43.1,47.7
1856,1958,SGG Stadip Silence 64.4 ASTA,,,,,True,26.0,29.3,34.5,39.4,39.3,39.4
1857,1959,SGG Stadip Silence 10101010.6 AST,,,,,True,35.4,38.8,44.7,48.8,55.7,59.9
1858,1960,SGG Stadip Silence 55.2 AST,,,,,True,26.2,28.8,34.3,39.3,40.3,47.1
1859,1961,SGG Stadip Silence 53.4 ASTA,,,,,True,25.1,27.8,33.2,38.4,39.2,42.2
1860,1962,SGG Stadip Silence 44.2 AST,,,,,True,24.7,27.5,33.0,38.2,39.6,72.9
1861,1963,SGG Stadip Silence 44.4 AST,,,,,True,24.3,27.8,33.3,38.6,40.2,41.5
1862,1964,SGG Stadip Silence 33.2 AST,,,,,True,22.2,25.5,31.1,36.2,38.8,39.3
1863,1965,SGG Stadip Silence 66.2 AST,,,,,True,27.7,29.7,35.6,40.2,41.5,50.3
1864,1966,SGG Stadip Silence 64.2 ASTA,,,,,True,26.2,29.1,34.2,39.2,39.9,47.4
1865,1967,Nevima wand standaard,,,,,True,28.6,30.8,38.1,46.6,53.7,58.8
1866,1968,Nevima wand+40 mm IVI-regel+spouw met steenwol,,,,,True,39.8,50.1,65.1,75.2,83.3,91.7
1867,1969,Nevima wand+60 mm IVI-regel+spouw met steenwol (Nevima),,,,,True,42.4,50.1,63.5,71.8,82.5,92.2
1868,1970,Nevima wand+80 mm IVI-regel+spouw met steenwol,,,,,True,46.5,53.8,66.6,70.9,81.3,90.1
1869,1971,Nevima wand+50 mm IVI-metaalregel+spouw met glaswol,,,,,True,47.8,55.2,70.0,80.2,92.9,99.9
1870,1972,Nevima wand+50 mm IVI-metaalregel+spouw met steenwol,,,,,True,47.1,54.4,68.7,80.4,92.6,99.9
1871,1973,Nevima wand+50 mm IVI-metaalregel+spouw met cellulose,,,,,True,45.1,53.0,68.4,81.1,93.6,99.9
1872,1974,Nevima wand+50 mm IVI-metaalregel+spouw met steenwol,,,,,True,48.1,59.2,72.5,84.7,96.2,99.9
1873,1975,Nevima houten vloer+sp+ivi+sp,,,,,True,28.7,42.8,48.5,57.6,64.5,70.4
1874,1976,Aralco Junior SL-A,,,,,True,27.4,28.8,28.2,28.4,29.4,0.0
1875,1977,Phonotech basisdakconstructie,,,,,True,13.7,19.3,24.4,24.6,24.0,31.6
1876,1978,Phonotech 12  mm cementgeb. spaanpl.,,,,,True,21.7,28.2,32.3,34.3,35.1,41.0
1877,1979,Phonotech DK-45 elementen,,,,,True,22.3,39.2,44.9,50.3,52.3,60.6
1878,1980,Phonotech DK-45 dakpannen,,,,,True,20.8,35.3,45.2,49.9,53.0,61.2
1879,1981,Phonotech DK-65 elementen,,,,,True,26.4,42.6,46.2,51.6,53.4,61.3
1880,1982,Phonotech DK-65 dakpannen,,,,,True,26.4,38.7,46.2,51.1,54.1,61.8
1881,1983,Phonotech DK-80 elementen,,,,,True,32.1,43.5,46.7,51.3,53.5,60.5
1882,1984,Phonotech DK-85 dakpannen,,,,,True,31.1,38.7,46.5,50.7,53.9,61.4
1883,1985,Phonotech DK-85 elementen,,,,,True,32.0,43.6,47.6,51.4,53.7,61.3
1884,1986,Phonotech DK-185 elementen,,,,,True,35.4,43.6,48.3,53.3,56.2,64.2
1885,1987,Phonotech DK-85 zonder gips,,,,,True,20.6,37.2,42.9,47.4,50.0,59.8
1886,1988,Phonotech DK-185 zonder gips,,,,,True,29.1,41.9,47.4,51.0,52.5,62.6
1887,1989,Phonotech 12  mm onderbroken cementgb,,,,,True,22.4,27.3,31.4,34.7,35.8,42.3
1888,1990,Phonotech PH-43 elementen,,,,,True,25.4,43.4,47.7,50.6,50.9,55.7
1889,1991,Phonotech PH-43 dakpannen,,,,,True,24.5,38.7,47.3,52.4,54.8,59.5
1890,1992,Phonotech PH-43 spouw en dakpannen,,,,,True,25.3,45.1,54.2,61.3,63.3,71.1
1891,1993,Phonotech PH-43 spouw,,,,,True,36.1,46.0,52.7,64.5,70.3,80.3
1892,1994,Phonotech PH-43 spouw en dakpannen,,,,,True,33.3,42.8,51.6,65.4,72.5,82.3
1893,1995,Phonotech PH-83 met dakpannen,,,,,True,28.1,41.4,48.6,52.3,56.3,62.3
1894,1996,Phonotech PH-83 spouw,,,,,True,36.8,46.3,52.2,63.3,69.5,76.6
1895,1997,Phonotech PH-83 spouw en dakpannen,,,,,True,32.9,43.2,50.6,64.6,72.8,77.8
1896,1998,Phonotech gipspl. tussen balken,,,,,True,21.4,25.3,29.2,32.5,34.5,41.4
1897,1999,Isodek bouwpaneel 140 VO [1],,,,,True,18.9,23.8,35.4,45.7,43.6,0.0
1898,2000,Isodek bouwpaneel 203 VO [1],,,,,True,21.4,28.7,35.5,46.0,44.0,0.0
1899,2001,Isodek bouwpaneel 210 VO [1],,,,,True,20.7,26.1,34.5,42.6,40.2,0.0
1900,2002,Duco Ducoflat 14 ventilatierooster,,,,,True,24.2,22.1,20.6,23.5,24.7,0.0
1901,2003,Duco type Ducoflat 12 ventilatierooster,,,,,True,26.7,27.0,24.8,26.1,29.0,28.0
1902,2004,Duco Ducoton 10 'ZR' [1],,,,,True,25.9,28.4,26.9,25.6,27.6,0.0
1903,2005,Duco DucoTon 10A 'ZR' [1],,,,,True,31.9,28.2,26.4,25.7,34.4,40.7
1904,2006,Duco DucoTon 18 [1],,,,,True,25.7,25.9,22.6,21.9,25.1,0.0
1905,2007,Duco DucoTon 18A [1],,,,,True,27.0,25.2,24.9,23.8,27.4,36.6
1906,2008,Duco type Ducoklep 17 ventilatierooster,,,,,True,27.0,28.3,26.7,25.7,27.3,0.0
1907,2009,Duco DucoKlep 25,,,,,True,26.0,24.2,22.1,23.1,26.7,32.3
1908,2010,Duco type Ducotop 18 ventilatierooster,,,,,True,30.0,28.9,23.3,25.6,29.4,0.0
1909,2011,Acoustair Siegenia Aeropac 60/90 ventilatie-unit,,,,,True,45.0,43.4,44.5,49.4,57.0,62.4
1910,2012,Acoustair Siegenia Aeropac 60A/90A ventilatie-unit,,,,,True,45.7,44.1,45.3,49.9,57.8,63.3
1911,2013,Merford deur MF 51 geluidisolerend/brandwerend,,,,,True,30.6,41.6,48.8,54.9,53.3,52.9
1912,2014,Merford deur MD 55 geluidisolerend,,,,,True,41.0,46.3,49.9,56.3,54.6,53.9
1913,2015,Merford deur MD 56 L geluidisolerend,,,,,True,43.0,47.1,50.0,56.4,55.3,55.4
1914,2016,Merford AKR 150 gevelventilatierooster [1],,,,,True,4.6,4.4,8.4,11.4,12.8,12.2
1915,2017,Merford AKR 300 gevelventilatierooster [1],,,,,True,5.4,6.5,13.0,19.3,22.7,21.7
1916,2018,Merford AKR 350 gevelventilatierooster [1],,,,,True,4.7,6.3,10.3,13.0,13.9,11.9
1917,2019,Merford AKR 500 gevelventilatierooster [1],,,,,True,5.2,9.3,16.5,22.9,26.4,24.8
1918,2020,Merford AKR HMH gevelventilatierooster [1],,,,,True,6.8,11.9,16.6,16.9,24.6,22.9
1919,2021,Aralco Junior 150-A ventilatierooster,,,,,True,28.4,27.6,26.1,26.3,33.1,0.0
1920,2022,Aralco Junior 200-A ventilatierooster,,,,,True,26.3,25.0,23.0,27.9,29.8,0.0
1921,2023,Aralco Junior 14 PC ventilatierooster,,,,,True,28.6,29.7,25.9,23.2,30.6,0.0
1922,2024,Aralco Junior 14 PC-A ventilatierooster,,,,,True,29.5,30.6,26.9,24.1,30.8,0.0
1923,2025,Aralco Junior 22 PC ventilatierooster,,,,,True,27.9,27.4,23.1,25.8,30.1,0.0
1924,2026,Aralco A.S. Vario 12 ventilatierooster,,,,,True,29.2,27.3,24.8,23.3,30.4,0.0
1925,2027,Aralco A.S. Vario 12-A ventilatierooster,,,,,True,29.3,29.1,25.4,24.7,33.5,0.0
1926,2028,Aralco A.S. Vario 16 ventilatierooster,,,,,True,28.7,28.0,24.5,23.5,30.4,0.0
1927,2029,Aralco A.S. Vario 21 ventilatierooster,,,,,True,28.5,27.2,24.2,22.4,30.5,0.0
1928,2030,Aralco A.S. Vario 12 PC ventilatierooster,,,,,True,28.5,27.8,26.0,24.5,29.1,0.0
1929,2031,Aralco A.S. Vario 16 PC ventilatierooster,,,,,True,28.0,27.4,25.8,24.3,28.9,0.0
1930,2032,Aralco A.S. Vario 21 PC ventilatierooster,,,,,True,27.6,27.0,25.6,24.4,28.6,0.0
1931,2033,Aralco Deci Air K1015/30 suskast,,,,,True,28.0,24.7,27.2,35.8,43.2,0.0
1932,2034,Aralco Deci Air K1020/30 suskast,,,,,True,28.2,24.7,30.6,38.0,49.1,0.0
1933,2035,Aralco Deci Air K1025/30 suskast,,,,,True,29.0,27.4,34.3,42.7,39.4,0.0
1934,2036,Eland-Brandt Type 7.31/7.71 enkel schuivende deur/raam 6-15-4,,,,,True,26.0,23.1,32.1,36.1,37.8,40.8
1935,2037,Eland-Brandt Type 7.31/7.71 enkel schuivende deur/raam 6-15-44.A2,,,,,True,26.4,30.6,37.2,39.8,41.5,46.1
1936,2038,Eland-Brandt Type 7.31/7.71 enkel schuivende deur/raam 6-15-44/A2,,,,,True,24.8,30.1,37.2,40.8,41.1,46.6
1937,2039,Eland-Brandt Type 7.31/7.71 enkel schuivende deur/raam 6-15-44.2,,,,,True,25.6,29.8,34.6,32.3,34.1,41.4
1938,2040,Eland-Brandt Type 7.31/7.71 enkel schuivende deur/raam 8-15-44/A2,,,,,True,28.4,33.6,40.1,41.3,42.4,48.6
1939,2041,Eland-Brandt Type 7.31/7.71 enkel schuivende deur/raam 44.2-15-44.2,,,,,True,23.6,28.7,35.9,36.8,37.6,45.5
1940,2048,SGG Stadip Silence 33.A2 AST,,,,,True,22.2,25.5,31.1,36.2,38.8,39.3
1941,2049,SGG Stadip Silence 44.A2 AST,,,,,True,24.7,27.5,33.0,38.2,39.6,42.9
1942,2050,SGG Stadip Silence 44.4 AST,,,,,True,24.3,27.8,33.3,38.6,40.2,41.5
1943,2051,SGG Stadip Silence 53.4 ASTA,,,,,True,25.1,27.8,33.2,38.4,39.2,42.2
1944,2052,SGG Stadip Silence 64.2 ASTA,,,,,True,26.0,29.0,34.0,39.0,40.0,47.0
1945,2054,SGG Stadip Silence 64.4 ASTA,,,,,True,26.0,29.3,34.5,39.4,39.3,39.4
1946,2055,SGG Stadip Silence 66.A2 AST,,,,,True,27.7,29.7,35.6,40.2,41.5,50.3
1947,2056,Alu Art Inventus 48/10/1.5 schuifventilatierooster [1],,,,,True,32.2,34.2,29.4,30.2,36.9,0.0
1948,2057,Alu Art Inventus 48/12/-1.3schuifventilatierooster [1],,,,,True,29.4,30.6,25.7,26.9,30.8,0.0
1949,2058,Alu Art Inventus 65/10/1.3 schuifventilatierooster [1],,,,,True,32.2,34.6,29.4,30.3,36.2,0.0
1950,2059,Alu Art Inventus 65/10/-1.7 schuifventilatierooster [1],,,,,True,29.1,30.4,25.8,27.1,32.1,0.0
1951,2060,Alu Art Inventus 100/12/0.6 schuifventilatierooster [1],,,,,True,32.7,31.9,27.4,29.0,34.1,0.0
1952,2061,Alu Art Inventus 100/15/-1 schuifventilatierooster [1],,,,,True,29.7,30.0,24.9,26.7,30.3,0.0
1953,2062,SGG Climalit Silence 36/43 AST opbouw 10-15-55.2Si,,,,,True,28.5,33.2,42.0,45.1,45.2,52.5
1954,2063,SGG Climalit Silence 35/43 AST,,,,,True,29.4,32.6,41.8,44.4,44.4,53.0
1955,2064,SGG Climalit Silence 35/41 AST,,,,,True,24.8,30.4,37.8,46.4,43.9,49.8
1956,2065,SGG Climalit Silence 37/42 AST,,,,,True,25.5,32.1,39.4,46.5,44.2,52.0
1957,2066,SGG Climalit Silence 41/42 AST,,,,,True,25.4,32.5,39.7,45.3,44.1,52.0
1958,2068,SGG Climalit Silence 43/45 AST 1066 opbouw 10-20-66.2Si,,,,,True,32.0,36.0,43.9,44.7,44.8,53.8
1959,2069,Heycop Climacoust GT1-100 suskast [1],,,,,True,34.3,35.7,38.3,41.8,34.1,0.0
1960,2070,Heycop Climacoust GT1-150 suskast [1],,,,,True,32.9,33.1,34.5,37.0,32.2,0.0
1961,2071,Heycop Climacoust GT1-200 suskast [1],,,,,True,31.4,31.7,33.0,33.8,31.0,0.0
1962,2072,Heycop Climacoust GT1-250 suskast [1],,,,,True,30.1,30.2,31.1,31.9,30.3,0.0
1963,2073,Heycop Climacoust GT2-100 suskast [1],,,,,True,34.1,34.9,40.9,44.0,41.4,0.0
1964,2074,Heycop Climacoust GT2-150 suskast [1],,,,,True,31.8,32.7,37.4,41.1,39.9,0.0
1965,2075,Heycop Climacoust GT2-200 suskast [1],,,,,True,31.7,29.7,35.5,38.9,38.2,0.0
1966,2076,Heycop Climacoust GT2-250 suskast [1],,,,,True,30.6,27.8,32.2,35.7,35.4,0.0
1967,2077,Heycop Climacoust GT3-100 suskast [1],,,,,True,35.2,37.9,43.9,44.9,44.6,0.0
1968,2078,Heycop Climacoust GT3-150 suskast [1],,,,,True,32.7,33.4,39.4,41.7,41.5,0.0
1969,2079,Heycop Climacoust GT3-200 suskast [1],,,,,True,32.2,31.2,37.1,39.2,40.4,0.0
1970,2080,Heycop Climacoust GT3-250 suskast [1],,,,,True,31.4,29.5,33.8,36.9,38.1,0.0
1971,2081,Heycop Climacoust GT4-100 suskast [1],,,,,True,34.2,37.9,47.5,49.7,51.3,0.0
1972,2082,Heycop Climacoust GT4-150 suskast [1],,,,,True,31.5,35.5,43.9,44.8,45.8,0.0
1973,2083,Heycop Climacoust GT4-200 suskast [1],,,,,True,31.2,31.6,39.4,41.5,43.3,0.0
1974,2084,Heycop Climacoust GT4-250 suskast [1],,,,,True,30.6,29.8,36.5,39.9,42.0,0.0
1975,2085,Heycop Climacoust GT5-100 suskast [1],,,,,True,35.6,40.6,51.2,51.0,48.0,0.0
1976,2086,Heycop Climacoust GT5-150 suskast [1],,,,,True,32.6,36.5,44.4,45.1,45.6,0.0
1977,2087,Heycop Climacoust GT5-200 suskast [1],,,,,True,30.7,32.0,40.2,41.2,45.3,0.0
1978,2088,Heycop Climacoust GT5-250 suskast [1],,,,,True,28.8,30.4,37.8,41.2,43.5,0.0
1979,2089,Heycop Climacoust GT6-100 suskast [1],,,,,True,35.8,41.8,52.1,53.6,54.1,0.0
1980,2090,Heycop Climacoust GT6-150 suskast [1],,,,,True,33.4,37.2,47.9,49.6,49.2,0.0
1981,2091,Heycop Climacoust GT6-200 suskast [1],,,,,True,31.3,34.0,44.0,42.5,44.2,0.0
1982,2092,Heycop Climacoust GT6-250 suskast [1],,,,,True,29.3,31.3,41.6,42.2,45.0,0.0
1983,2093,Heycop Climacoust GT7-100 suskast [1],,,,,True,37.3,42.2,51.0,53.6,57.8,0.0
1984,2094,Heycop Climacoust GT7-150 suskast [1],,,,,True,33.8,40.1,48.6,49.8,53.5,0.0
1985,2095,Heycop Climacoust GT7-200 suskast [1],,,,,True,31.4,34.3,45.8,44.0,49.3,0.0
1986,2096,Heycop Climacoust GT7-250 suskast [1],,,,,True,30.6,32.7,41.9,41.0,47.4,0.0
1987,2097,Alcoa RT 52 met beglazing WS 34/44 SI V,,,,,True,29.9,33.3,41.6,44.4,45.8,53.4
1988,2098,Alcoa RT 52 met beglazing WS 28/38,,,,,True,23.6,24.2,36.4,42.7,41.4,45.6
1989,2099,Alcoa RT 52 met beglazing WS-M 42/52,,,,,True,32.9,36.1,42.8,46.1,47.5,55.3
1990,2100,Alcoa RT 62 met beglazing WS-M 46/53 SI V,,,,,True,35.0,40.6,43.7,46.3,48.4,52.7
1991,2101,Alcoa RT 62 met beglazing WS 28/38,,,,,True,23.9,24.0,36.9,42.7,41.9,45.4
1992,2102,Alcoa RT 62 met beglazing WS 34/44 SI V,,,,,True,29.5,32.8,41.6,43.5,45.3,51.2
1993,2103,Alcoa RT 72 met beglazing WS-M 46/53 SI V,,,,,True,35.0,41.5,43.7,45.1,48.7,57.2
1994,2104,Alcoa RT 72 met beglazing WS 34/44 SI V,,,,,True,29.6,34.0,42.1,43.4,45.7,53.9
1995,2105,Alcoa RT 72 met beglazing WS 28/38,,,,,True,24.0,25.7,36.8,42.5,41.7,47.2
1996,2106,Alcoa RT 72.1 met beglazing WS 28/38,,,,,True,24.6,26.3,36.0,42.2,42.9,46.3
1997,2107,DHG Silenko Type DD-60WA afvoerventilatiesysteem,,,,,True,19.1,36.4,45.1,53.9,56.3,55.4
1998,2108,DHG Silenko geluidwerende panelen G90,,,,,True,22.1,29.4,36.9,43.3,48.1,52.1
1999,2109,DHG Silenko geluidwerende panelen A25,,,,,True,21.7,27.1,31.9,38.0,44.5,48.8
2000,2110,Jazo Comprophone 57/2 aluminium geluidwerende deuren [1],,,,,True,30.9,25.9,36.8,42.2,49.0,55.8
2001,2111,Jazo Comprophone 22/2 aluminium geluidwerende deuren [1],,,,,True,27.2,28.7,32.1,35.1,40.8,40.6
2002,2112,Maars wand Style Line Finesse '107' [1],,,,,True,27.7,42.0,48.1,49.8,50.0,50.5
2003,2113,G+H montage geluidwerende stalen deuren type G+H TSS-6 [1],,,,,True,26.0,40.0,48.0,50.0,54.0,0.0
2004,2114,AGC Phonibel ST 2739. 6-12-4/2(PVB)/4 lucht,,,,,True,25.8,26.2,36.2,44.1,42.4,51.0
2005,2115,AGC Phonibel ST 2939. 8-12-4/2(PVB)/4 lucht,,,,,True,25.7,27.3,37.1,44.8,42.0,53.9
2006,2116,AGC Phonibel ST 3141. 10-12-4/2(PVB)/4 lucht,,,,,True,27.6,30.7,39.8,42.7,43.7,54.9
2007,2117,AGC Phonibel ST 4045. 6/2(PVB)/4-20-4/2(PVB)/4 lucht,,,,,True,29.4,34.2,41.8,48.2,49.8,56.4
2008,2118,AGC Phonibel ST 3038. 6-15-4/2(PVB)/4 lucht,,,,,True,21.9,27.7,36.7,43.9,39.5,50.1
2009,2119,AGC Phonibel ST 3943. 10-20-4/2(PVB)/4 lucht,,,,,True,26.2,33.7,41.2,43.1,44.5,52.2
2010,2120,AGC Phonibel ST 3441. 6-15-6/2(PVB)/6 lucht,,,,,True,25.1,29.4,38.3,45.3,42.9,51.4
2011,2121,AGC  Phonibel ST 3641. 8-15-6/2(PVB)/6 lucht,,,,,True,26.8,30.5,39.2,43.6,41.6,5.4
2012,2122,AGC Phonibel ST 4141. 8-20-6/2(PVB)/6 lucht,,,,,True,28.4,31.4,40.1,43.6,41.3,54.0
2013,2123,AGC Phonibel ST 3442. 10-15-4/2(PVB)/4 lucht,,,,,True,26.3,31.5,40.4,43.3,44.4,52.6
2014,2124,AGC Phonibel ST 3842. 10-15-6/2(PVB)/6 lucht,,,,,True,29.9,32.1,40.7,42.2,43.7,53.4
2015,2125,AGC Phonibel ST 4343. 10-20-6/2(PVB)/6 lucht,,,,,True,31.0,34.2,41.6,43.0,43.7,54.4
2016,2126,AGC Phonibel ST 4744. 10-24-6/2(PVB)/6 lucht,,,,,True,31.7,35.4,42.3,43.7,43.9,54.7
2017,2127,AGC Phonibel ST 4246. 4/2(PVB)/4-20-6/2(PVB)/6 lucht,,,,,True,29.1,35.8,42.3,48.8,51.2,56.3
2018,2128,Velux GGL 0059 dakvenster,,,,,True,24.3,19.0,28.0,36.3,38.4,36.6
2019,2129,Velux GGL 0060 dakvenster,,,,,True,25.3,23.9,31.2,36.7,39.2,43.6
2020,2130,Velux GGL 0073 dakvenster,,,,,True,25.9,24.9,31.1,36.5,37.8,41.8
2021,2131,Duco DucoTop 50 'ZR' [1],,,,,True,29.7,27.9,23.1,25.3,29.3,35.5
2022,2132,Duco Stylista Largo 10 suskast,,,,,True,35.9,39.4,50.3,56.0,50.0,47.7
2023,2133,Duco Stylista Largo 22 suskast,,,,,True,32.0,35.0,43.2,39.8,42.3,41.3
2024,2134,Duco Silenzio 200 Uno,,,,,True,34.3,36.3,45.5,50.0,60.4,63.2
2025,2135,Duco Silenzio 200 Plus Uno,,,,,True,31.8,29.4,39.7,47.8,54.0,53.3
2026,2136,Duco Silenzio 250 Uno,,,,,True,33.3,35.2,42.3,46.9,61.7,66.2
2027,2137,SGG Climalit Silence 39/44 AST,,,,,True,23.3,36.5,44.8,48.2,44.7,52.8
2028,2138,SGG Climalit Silence 38/40 AST,,,,,True,20.6,28.7,38.3,47.5,46.0,50.2
2029,2139,SGG Climalit Silence 34/38 AST,,,,,True,23.6,26.0,37.4,39.5,39.0,52.0
2030,2140,Alusta Virgo Alumien 100 suskast,,,,,True,35.3,38.8,42.1,37.5,39.4,42.5
2031,2141,Alusta Virgo Alumien 150 suskast,,,,,True,34.6,35.9,38.3,33.6,36.6,39.7
2032,2142,Alusta Virgo Alumien 200 suskast,,,,,True,31.8,33.3,36.1,32.1,33.6,36.0
2033,2143,Alusta Virgo Alumien 250 suskast,,,,,True,30.8,31.7,33.3,30.2,32.9,35.4
2034,2144,Alusta Virgo Belinda 100 suskast,,,,,True,35.6,36.9,44.1,49.2,45.6,48.9
2035,2145,Alusta Virgo Belinda 150 suskast,,,,,True,33.9,33.3,38.3,43.5,41.4,46.6
2036,2146,Alusta Virgo Belinda 200 suskast,,,,,True,33.3,32.2,35.3,40.6,39.1,44.9
2037,2147,Alusta Virgo Belinda 250 suskast,,,,,True,31.3,29.9,32.0,36.8,35.3,40.1
2038,2148,Alusta Virgo Claudia 100 suskast,,,,,True,36.0,37.5,46.0,47.4,45.9,51.0
2039,2149,Alusta Virgo Claudia 150 suskast,,,,,True,34.7,35.9,41.3,44.5,44.2,49.3
2040,2150,Alusta Virgo Claudia 200 suskast,,,,,True,32.3,31.3,36.9,43.3,42.3,48.3
2041,2151,Alusta Virgo Claudia 250 suskast,,,,,True,31.3,29.4,34.2,40.3,39.5,46.1
2042,2152,Alusta Virgo Desiree 100 suskast,,,,,True,37.3,40.9,49.7,48.4,47.3,52.2
2043,2153,Alusta Virgo Desiree 150 suskast,,,,,True,34.6,35.5,43.7,45.2,44.0,49.9
2044,2154,Alusta Virgo Desiree 200 suskast,,,,,True,33.6,34.5,40.2,41.9,41.1,48.1
2045,2155,Alusta Virgo Desiree 250 suskast,,,,,True,32.4,30.3,36.5,44.0,44.4,50.8
2046,2156,Alusta Taurus Eveline 110 suskast,,,,,True,33.6,36.1,41.8,46.4,41.4,40.7
2047,2157,Alusta Taurus Eveline 150 suskast,,,,,True,32.0,33.7,38.4,41.6,36.7,36.8
2048,2158,Alusta Taurus Eveline 200 suskast,,,,,True,30.4,31.3,37.2,38.0,34.2,34.2
2049,2159,Alusta Taurus Eveline 250 suskast,,,,,True,29.6,29.7,35.4,35.3,32.0,32.8
2050,2160,Alusta Taurus Felicia 110 suskast,,,,,True,34.3,37.5,43.0,47.6,44.7,47.3
2051,2161,Alusta Taurus Felicia 150 suskast,,,,,True,32.7,33.7,40.8,44.8,41.4,43.8
2052,2162,Alusta Taurus Felicia 200 suskast,,,,,True,31.7,33.5,37.8,38.6,36.3,38.2
2053,2163,Alusta Taurus Felicia 250 suskast,,,,,True,29.6,30.1,36.0,38.9,36.9,38.9
2054,2164,Alusta Taurus Gina 110 suskast,,,,,True,34.8,38.2,45.6,50.4,50.1,51.2
2055,2165,Alusta Taurus Gina 150 suskast,,,,,True,33.4,36.7,44.3,46.9,46.0,48.9
2056,2166,Alusta Taurus Gina 200 suskast,,,,,True,31.7,33.6,41.2,43.4,41.5,44.4
2057,2167,Alusta Taurus Gina 250 suskast,,,,,True,31.2,31.3,37.6,40.9,41.5,44.9
2058,2168,Alusta Taurus Hilde 110 suskast,,,,,True,36.5,42.7,49.6,48.4,49.3,51.7
2059,2169,Alusta Taurus Hilde 150 suskast,,,,,True,34.4,39.4,48.2,49.5,47.7,50.5
2060,2170,Alusta Taurus Hilde 200 suskast,,,,,True,32.8,35.9,44.7,44.0,42.9,45.8
2061,2171,Alusta Taurus Hilde 250 suskast,,,,,True,31.5,32.6,41.4,41.5,41.2,44.2
2062,2172,"Innosource Sonair S+, afvoerbuisdiameter 75  mm",,,,,True,44.8,48.7,44.1,58.2,66.7,0.0
2063,2173,"Innosource Sonair S+, absorberende afvoerbuisdiameter 125  mm",,,,,True,44.4,43.4,51.0,66.5,75.5,0.0
2064,2174,"Innosource Sonair A+, afvoerbuisdiameter 75  mm",,,,,True,47.3,42.6,37.4,50.5,52.5,0.0
2065,2175,"Innosource Sonair A+, absorberende afvoerbuisdiameter 125  mm",,,,,True,46.5,39.6,47.0,51.1,57.0,0.0
2066,2176,"Innosource Sonair A+, absorberende afvoerbuisdiameter 160  mm",,,,,True,45.4,43.5,52.5,54.3,56.9,0.0
2067,2177,SGG Climalit Silence 48/49 AST opbouw 66.2Si-20-86.2Si,,,,,True,34.2,40.1,46.0,52.3,50.6,56.3
2068,2178,SGG Climalit Silence 49/45 AST,,,,,True,32.7,37.2,44.5,45.3,43.8,53.9
2069,2179,SGG Climalit Silence 48/49 AST opbouw 66.2Si-24-88.2Si,,,,,True,31.7,40.1,45.7,53.4,51.9,55.8
2070,2180,Alcoa Sonair + (harde buis 75 mm),,,,,True,47.3,42.6,37.4,50.5,52.5,0.0
2071,2181,Alcoa Sonair + (harde buis 125 mm),,,,,True,46.5,39.6,47.0,51.1,57.0,0.0
2072,2182,Alcoa Sonair + (harde buis 160 mm),,,,,True,45.4,43.5,52.5,54.3,56.9,0.0
2073,2183,NVS VariaCoust 170-10,,,,,True,32.6,34.9,40.6,44.9,42.5,0.0
2074,2184,NVS VariaCoust 170-15,,,,,True,32.7,32.1,38.4,43.1,41.2,0.0
2075,2185,NVS VariaCoust 170-20,,,,,True,29.5,28.9,34.4,42.9,41.0,0.0
2076,2186,NVS VariaCoust 170-25,,,,,True,28.9,28.0,33.0,40.4,39.2,0.0
2077,2187,NVS VariaCoust 210-10,,,,,True,33.3,36.6,46.5,49.0,47.1,0.0
2078,2188,NVS VariaCoust 210-15,,,,,True,31.3,31.6,41.2,48.3,47.9,0.0
2079,2189,NVS VariaCoust 210-20,,,,,True,30.4,31.4,38.0,43.4,43.7,0.0
2080,2190,NVS VariaCoust 210-25,,,,,True,29.1,28.1,34.5,42.5,42.5,0.0
2081,2191,NVS VariaCoust 250-10,,,,,True,35.3,37.3,49.1,49.9,49.6,0.0
2082,2192,NVS VariaCoust 250-15,,,,,True,31.5,34.1,40.7,47.3,51.7,0.0
2083,2193,NVS VariaCoust 250-20,,,,,True,30.8,31.3,38.9,41.5,43.0,0.0
2084,2194,NVS VariaCoust 250-25,,,,,True,29.3,27.9,35.9,45.4,47.3,0.0
2085,2195,NVS VariAir 12,,,,,True,30.8,30.2,27.7,24.4,27.5,0.0
2086,2196,NVS VariAir 18,,,,,True,29.2,30.0,26.7,24.0,27.3,0.0
2087,2197,NVS VariAir 23,,,,,True,28.8,29.7,24.9,23.0,26.5,0.0
2088,2198,NVS TwinAir Plus 12,,,,,True,28.5,28.8,27.1,25.8,27.4,0.0
2089,2199,NVS GlazAir,,,,,True,28.5,27.9,27.7,25.8,26.8,0.0
2090,2200,NVS InnovAir,,,,,True,29.6,30.1,28.4,26.6,28.0,0.0
2091,2201,NVS Innoflat,,,,,True,27.7,27.4,25.5,28.2,27.8,0.0
2092,2202,SGG Climalit Acoustic 34/40 LST,,,,,True,26.0,30.9,36.1,41.6,44.4,42.1
2093,2203,SGG Climalit Acoustic 32/38 LST,,,,,True,24.1,26.6,35.1,42.4,42.0,42.2
2094,2204,SGG Climalit Acoustic 27/37 LST,,,,,True,24.5,24.1,33.1,42.0,42.5,41.7
2095,2205,SGG Climalit Silence 34/42 AST,,,,,True,27.7,31.6,40.2,42.4,46.1,53.2
2096,2206,SGG Climalit Silence 32/40 AST,,,,,True,23.8,28.2,36.7,46.1,43.5,49.2
2097,2207,SGG Climalit Silence 27/38 AST,,,,,True,24.0,24.4,34.7,45.1,43.6,48.8
2098,2208,SGG Climalit Acoustic 22/34 K,,,,,True,23.9,20.7,30.9,45.1,39.5,36.1
2099,2209,SGG Climalit Acoustic 17/33 L,,,,,True,24.8,22.2,27.5,38.0,37.1,35.3
2100,2210,SGG Climalit Acoustic 19/33 L,,,,,True,24.3,21.7,27.7,38.6,37.8,36.1
2101,2211,SGG Climalit Acoustic 22/33 L,,,,,True,24.1,20.9,29.0,40.4,38.2,36.9
2102,2212,SGG Climalit Acoustic 25/33 L,,,,,True,22.5,20.6,29.4,41.2,39.2,37.8
2103,2213,SGG Climalit Acoustic 30/34 L,,,,,True,19.2,21.9,30.8,41.7,38.3,38.8
2104,2214,SGG Climalit Acoustic 34/35 (L),,,,,True,19.2,22.4,31.7,42.4,38.6,39.3
2105,2215,SGG Climalit Acoustic 22/33 A,,,,,True,24.3,21.1,27.6,40.1,38.9,36.5
2106,2216,SGG Climalit Acoustic 25/32 A,,,,,True,23.3,19.4,27.5,40.9,39.3,36.4
2107,2217,SGG Climalit Acoustic 30/34 A,,,,,True,21.1,20.9,29.8,42.0,39.5,39.6
2108,2218,SGG Climalit Acoustic 25/34 (L),,,,,True,23.8,22.2,29.2,40.1,39.2,38.6
2109,2219,SGG Climalit Acoustic 30/36 LST,,,,,True,22.1,26.2,35.7,41.4,35.8,44.5
2110,2220,SGG Climalit Acoustic 31/36 (L),,,,,True,24.1,27.0,34.8,39.7,35.8,43.6
2111,2221,SGG Climalit Acoustic 40/38 (L),,,,,True,25.4,31.0,37.0,39.9,35.9,44.7
2112,2222,SGG Climalit Silence 52/50 AST opbouw 86.2Si-24-66.2Si,,,,,True,37.5,40.9,46.4,51.0,53.0,57.3
2113,2223,SGG Climalit Silence 36/43 AST,,,,,True,30.0,34.2,40.4,42.9,48.4,54.1
2114,2224,SGG Climalit Silence 41/45 AST,,,,,True,31.0,36.5,41.9,43.1,48.8,54.6
2115,2225,SGG Climalit Silence 45/45 AST,,,,,True,36.0,37.4,43.1,42.4,46.6,55.5
2116,2226,SGG Climalit Silence 49/45 AST,,,,,True,37.0,38.6,43.7,42.7,47.1,55.3
2117,2227,SGG Climalit Silence 41/42 AST,,,,,True,26.2,32.4,40.8,45.1,43.4,53.5
2118,2228,SGG Climalit Acoustic 37/40 LST,,,,,True,27.0,31.9,38.9,39.2,40.4,52.7
2119,2229,SGG Climalit Acoustic 32/34 LST,,,,,True,20.4,22.9,32.4,38.0,35.3,47.8
2120,2230,SGG Climalit Acoustic 28/35 L,,,,,True,22.3,24.1,32.6,41.3,36.2,40.6
2121,2231,SGG Climalit Acoustic 36/37 L,,,,,True,25.3,30.5,36.5,39.1,35.4,44.5
2122,2232,SGG Climalit Acoustic 33/36 L,,,,,True,21.5,27.5,33.7,41.5,35.6,42.2
2123,2233,SGG Climalit Acoustic 37/37 L,,,,,True,21.1,28.8,34.5,42.3,37.0,43.9
2124,2234,SGG Climalit Acoustic 20/29 L,,,,,True,23.8,17.9,25.3,36.1,39.1,31.2
2125,2235,SGG Climalit Acoustic 21/33 L,,,,,True,23.9,21.1,29.6,39.4,37.8,34.8
2126,2236,SGG Climalit Acoustic 24/33 L,,,,,True,23.1,20.6,30.1,40.3,39.0,36.1
2127,2237,SGG Climalit Acoustic 33/36 LST opbouw 44.2-15-44.2,,,,,True,22.5,23.7,33.6,40.3,38.2,50.9
2128,2238,SGG Climalit Silence 24/36 AST,,,,,True,24.1,22.8,32.7,44.0,45.8,47.0
2129,2239,SGG Climalit Silence 19/36 AST,,,,,True,25.8,23.9,30.8,41.4,44.5,45.3
2130,2240,SGG Climalit Silence 30/39 AST,,,,,True,23.1,26.4,35.7,46.3,44.6,48.9
2131,2241,SGG Climalit Silence 32/41 AST,,,,,True,24.4,28.4,38.3,46.7,45.2,51.4
2132,2242,SGG Climalit Silence 39/44 AST,,,,,True,28.9,34.3,41.4,46.2,47.5,53.2
2133,2243,SGG Stadip Silence 55.A2 AST opbouw 55.2Si,,,,,True,28.1,28.4,34.5,39.6,40.7,47.0
2134,2244,SGG Stadip Silence 66.A2 AST opbouw 66.2Si,,,,,True,29.2,29.8,35.4,40.4,42.0,50.2
2135,2245,SGG Stadip Silence 68.A2 AST,,,,,True,30.5,30.8,36.4,40.7,43.6,52.7
2136,2246,SGG Stadip Silence 88.A2 AST opbouw 88.2Si,,,,,True,32.0,31.7,37.2,41.2,45.6,54.4
2137,2247,SGG Stadip opbouw 44.2,,,,,True,24.2,25.9,31.9,36.2,32.5,42.4
2138,2248,SGG Stadip Silence 33.A1 AST opbouw 33.1Si,,,,,True,24.2,24.8,31.3,36.4,39.4,39.2
2139,2249,SGG Stadip opbouw 88.2,,,,,True,29.3,31.0,35.0,33.3,42.8,52.1
2140,2250,SGG Stadip opbouw 55.2,,,,,True,29.2,27.4,33.7,34.8,35.1,45.9
2141,2251,SGG Stadip opbouw 66.2,,,,,True,30.1,29.4,34.6,33.2,38.2,48.4
2142,2252,SGG Stadip Silence 33.A2 AST opbouw 33.2Si,,,,,True,24.5,25.0,31.1,36.5,39.4,39.1
2143,2253,SGG Stadip Silence 44.A2 AST opbouw 44.2Si,,,,,True,25.8,26.9,33.1,38.2,39.9,42.4
2144,2254,SGG Stadip opbouw 33.2,,,,,True,23.3,23.8,30.7,35.5,31.8,37.6
2145,2255,SGG Stadip opbouw 33.1,,,,,True,22.2,24.1,30.7,35.4,30.7,36.5
2146,2256,Nevima pannendakconstructie standaard,,,,,True,14.6,12.1,19.0,26.7,25.4,29.9
2147,2257,Nevima pannendakconstructie met IVI-HD-systeem,,,,,True,39.0,42.6,54.6,64.1,66.1,70.2
2148,2258,Gyproc MS 70/1.45.1,,,,,True,0.0,0.0,0.0,0.0,0.0,0.0
2149,2259,Gyproc MS 70/1.45.1.A,,,,,True,0.0,0.0,0.0,0.0,0.0,0.0
2150,2260,Gyproc MS 75/1.50.1,,,,,True,0.0,0.0,0.0,0.0,0.0,0.0
2151,2261,Gyproc MS 75/1.50.1.A,,,,,True,0.0,0.0,0.0,0.0,0.0,0.0
2152,2262,Gyproc MS 100/1.75.1,,,,,True,0.0,0.0,0.0,0.0,0.0,0.0
2153,2263,Gyproc MS 100/1.75.1.A,,,,,True,17.7,35.7,47.2,57.2,51.2,45.8
2154,2264,Gyproc MS 125/1.100.1.A,,,,,True,0.0,0.0,0.0,0.0,0.0,0.0
2155,2265,Gyproc MS 70/1.40.1,,,,,True,0.0,0.0,0.0,0.0,0.0,0.0
2156,2266,Gyproc MS 70/1.40.1.A,,,,,True,0.0,0.0,0.0,0.0,0.0,0.0
2157,2267,Gyproc MS 100/1.70.1,,,,,True,0.0,0.0,0.0,0.0,0.0,0.0
2158,2268,Gyproc MS 100/1.70.1.A,,,,,True,0.0,0.0,0.0,0.0,0.0,0.0
2159,2269,Gyproc MS 100/2.50.2,,,,,True,0.0,0.0,0.0,0.0,0.0,0.0
2160,2270,Gyproc MS 100/2.50.2.A,,,,,True,27.5,40.4,52.4,60.4,56.5,52.7
2161,2271,Gyproc MS 125/2.75.2,,,,,True,0.0,0.0,0.0,0.0,0.0,0.0
2162,2272,Gyproc MS 125/2.75.2.A,,,,,True,28.7,42.3,51.5,60.0,57.1,54.1
2163,2273,Gyproc MS 150/2.100.2,,,,,True,0.0,0.0,0.0,0.0,0.0,0.0
2164,2274,Gyproc MS 150/2.100.2.A,,,,,True,0.0,0.0,0.0,0.0,0.0,0.0
2165,2275,Gyproc MS 125/3.50.3,,,,,True,0.0,0.0,0.0,0.0,0.0,0.0
2166,2276,Gyproc MS 125/3.50.3.A,,,,,True,35.7,44.7,57.8,61.9,59.1,56.8
2167,2277,Gyproc MS 150/3.75.3,,,,,True,0.0,0.0,0.0,0.0,0.0,0.0
2168,2278,Gyproc MS 150/3.75.3.A,,,,,True,0.0,0.0,0.0,0.0,0.0,0.0
2169,2279,Gyproc MS 175/3.100.3,,,,,True,0.0,0.0,0.0,0.0,0.0,0.0
2170,2280,Gyproc MS 175/3.100.3.A,,,,,True,0.0,0.0,0.0,0.0,0.0,0.0
2171,2281,Gyproc MS 210/2.75-75.2.A,,,,,True,0.0,0.0,0.0,0.0,0.0,0.0
2172,2282,Gyproc MS 210/2.75-75.2.AA,,,,,True,0.0,0.0,0.0,0.0,0.0,0.0
2173,2283,Gyproc MS 260/2.100-100.2.A,,,,,True,0.0,0.0,0.0,0.0,0.0,0.0
2174,2284,Gyproc MS 260/2.100-100.2.AA,,,,,True,0.0,0.0,0.0,0.0,0.0,0.0
2175,2285,Gyproc MS 285/3.100-100.3.A,,,,,True,0.0,0.0,0.0,0.0,0.0,0.0
2176,2286,Gyproc MS 285/3.100-100.3.AA,,,,,True,0.0,0.0,0.0,0.0,0.0,0.0
2177,2287,Gyproc MS 145/2.45*45.2.A,,,,,True,28.5,49.5,60.8,67.5,66.3,66.4
2178,2288,Gyproc MS 145/2.45*45.2.AA,,,,,True,0.0,0.0,0.0,0.0,0.0,0.0
2179,2289,Gyproc MS 155/2.50*50.2.A,,,,,True,29.0,49.6,60.8,67.5,66.3,66.4
2180,2290,Gyproc MS 155/2.50*50.2.AA,,,,,True,0.0,0.0,0.0,0.0,0.0,0.0
2181,2291,Gyproc MS 205/2.75*75.2.AA,,,,,True,38.1,51.9,64.6,73.0,74.2,75.4
2182,2292,Gyproc MS 255/2.100*100.2.AA,,,,,True,37.3,52.1,62.7,69.1,70.1,71.5
2183,2293,Gyproc MS 280/3.100*100.3,,,,,True,0.0,0.0,0.0,0.0,0.0,0.0
2184,2294,Gyproc MS 280/3.100*100.3.A,,,,,True,0.0,0.0,0.0,0.0,0.0,0.0
2185,2295,Gyproc MS 280/3.100*100.3.AA,,,,,True,0.0,0.0,0.0,0.0,0.0,0.0
2186,2296,Gyproc MS 150/2.45+45.2.A,,,,,True,0.0,0.0,0.0,0.0,0.0,0.0
2187,2297,Gyproc MS 150/2.45+45.2.AA,,,,,True,0.0,0.0,0.0,0.0,0.0,0.0
2188,2298,Gyproc MS 160/2.50+50.2.A,,,,,True,0.0,0.0,0.0,0.0,0.0,0.0
2189,2299,Gyproc MS 160/2.50+50.2.AA,,,,,True,0.0,0.0,0.0,0.0,0.0,0.0
2190,2300,Gyproc MS 210/2.75+75.2.AA,,,,,True,0.0,0.0,0.0,0.0,0.0,0.0
2191,2301,Gyproc MS 260/2.100+100.2.AA,,,,,True,0.0,0.0,0.0,0.0,0.0,0.0
2192,2302,Gyproc MS 285/3.100+100.3,,,,,True,0.0,0.0,0.0,0.0,0.0,0.0
2193,2303,Gyproc MS 285/3.100+100.3.A,,,,,True,0.0,0.0,0.0,0.0,0.0,0.0
2194,2304,Gyproc MS 285/3.100+100.3.AA,,,,,True,0.0,0.0,0.0,0.0,0.0,0.0
2195,2305,Rigidur MS 70 RD/1.45.1,,,,,True,0.0,0.0,0.0,0.0,0.0,0.0
2196,2306,Rigidur MS 70 RD/1.45.1.A,,,,,True,0.0,0.0,0.0,0.0,0.0,0.0
2197,2307,Rigidur MS 75 RD/1.50.1,,,,,True,0.0,0.0,0.0,0.0,0.0,0.0
2198,2308,Rigidur MS 75 RD/1.50.1.A,,,,,True,0.0,0.0,0.0,0.0,0.0,0.0
2199,2309,Rigidur MS 100 RD/1.75.1,,,,,True,0.0,0.0,0.0,0.0,0.0,0.0
2200,2310,Rigidur MS 100 RD/1.75.1.A,,,,,True,0.0,0.0,0.0,0.0,0.0,0.0
2201,2311,Rigidur MS 125 RD/1.100.1.A,,,,,True,0.0,0.0,0.0,0.0,0.0,0.0
2202,2312,Rigidur MS 100 RD/2.50.2,,,,,True,0.0,0.0,0.0,0.0,0.0,0.0
2203,2313,Rigidur MS 100 RD/2.50.2.A,,,,,True,0.0,0.0,0.0,0.0,0.0,0.0
2204,2314,Rigidur MS 125 RD/2.75.2,,,,,True,0.0,0.0,0.0,0.0,0.0,0.0
2205,2315,Rigidur MS 125 RD/2.75.2.A,,,,,True,0.0,0.0,0.0,0.0,0.0,0.0
2206,2316,Rigidur MS 150 RD/2.100.2,,,,,True,0.0,0.0,0.0,0.0,0.0,0.0
2207,2317,Rigidur MS 150 RD/2.100.2.A,,,,,True,0.0,0.0,0.0,0.0,0.0,0.0
2208,2318,Rigidur MS 145 RD/2.45*45.2.A,,,,,True,0.0,0.0,0.0,0.0,0.0,0.0
2209,2319,Rigidur MS 145 RD/2.45*45.2.AA,,,,,True,0.0,0.0,0.0,0.0,0.0,0.0
2210,2320,Rigidur MS 155 RD/2.50*50.2.A,,,,,True,0.0,0.0,0.0,0.0,0.0,0.0
2211,2321,Rigidur MS 155 RD/2.50*50.2.AA,,,,,True,0.0,0.0,0.0,0.0,0.0,0.0
2212,2322,Rigidur MS 205 RD/2.75*75.2.A,,,,,True,0.0,0.0,0.0,0.0,0.0,0.0
2213,2323,Rigidur MS 205 RD/2.75*75.2.AA,,,,,True,0.0,0.0,0.0,0.0,0.0,0.0
2214,2324,Rigidur MS 255 RD/2.100*100.2.AA,,,,,True,0.0,0.0,0.0,0.0,0.0,0.0
2215,2325,Rigidur ECO-wand MS 100 ECO RD/2.50.2.A,,,,,True,0.0,0.0,0.0,0.0,0.0,0.0
2216,2326,Rigidur ECO-wand MS 125 ECO RD/2.75.2.A,,,,,True,0.0,0.0,0.0,0.0,0.0,0.0
2217,2327,Rigidur ECO-wand MS 150 ECO RD/2.100.2.A,,,,,True,0.0,0.0,0.0,0.0,0.0,0.0
2218,2328,Rigidur ECO-wand MS 155 ECO RD/2.50*50.2.A,,,,,True,0.0,0.0,0.0,0.0,0.0,0.0
2219,2329,Rigidur ECO-wand MS 205 ECO RD/2.75*75.2.A,,,,,True,0.0,0.0,0.0,0.0,0.0,0.0
2220,2330,Rigidur ECO-wand MS 255 ECO RD/2.100*100.2.A,,,,,True,0.0,0.0,0.0,0.0,0.0,0.0
2221,2331,Rigidur ECO-wand MS 150 ECO RD/3.75*75.3.A,,,,,True,0.0,0.0,0.0,0.0,0.0,0.0
2222,2332,Rigidur ECO-wand MS 175 ECO RD/3.100.3.A,,,,,True,0.0,0.0,0.0,0.0,0.0,0.0
2223,2333,Rigidur ECO-wand MS 280 ECO RD/3.100*100.3.A,,,,,True,0.0,0.0,0.0,0.0,0.0,0.0
2224,2334,Rigidur voorzetwand MS 88 RD V/75.1.A,,,,,True,0.0,0.0,0.0,0.0,0.0,0.0
2225,2335,Rigidur voorzetwand MS 113 RD V/100.1.A,,,,,True,0.0,0.0,0.0,0.0,0.0,0.0
2226,2336,Rigidur voorzetwand MS 75 ECO RD/V/50.2.A,,,,,True,0.0,0.0,0.0,0.0,0.0,0.0
2227,2337,Rigidur voorzetwand MS 100 RD/V/75.2.A,,,,,True,0.0,0.0,0.0,0.0,0.0,0.0
2228,2338,Rigidur voorzetwand MS 125 ECO RD/V/100.2.A,,,,,True,0.0,0.0,0.0,0.0,0.0,0.0
2229,2339,DuraGyp MS 75 DG/1.50.1.A,,,,,True,0.0,0.0,0.0,0.0,0.0,0.0
2230,2340,DuraGyp MS 100 DG/1.75.1.A,,,,,True,0.0,0.0,0.0,0.0,0.0,0.0
2231,2341,DuraGyp MS 125 DG/1.100.1.A,,,,,True,0.0,0.0,0.0,0.0,0.0,0.0
2232,2342,DuraGyp MS 100 DG/2.50.2.A,,,,,True,0.0,0.0,0.0,0.0,0.0,0.0
2233,2343,DuraGyp MS 125 DG/2.75.2.A,,,,,True,0.0,0.0,0.0,0.0,0.0,0.0
2234,2344,DuraGyp MS 150 DG/2.100.2.A,,,,,True,0.0,0.0,0.0,0.0,0.0,0.0
2235,2345,DuraGyp MS 150 DG/3.75.3.A,,,,,True,0.0,0.0,0.0,0.0,0.0,0.0
2236,2346,DuraGyp MS 175 DG/3.100.3.A,,,,,True,0.0,0.0,0.0,0.0,0.0,0.0
2237,2347,DuraGyp MS 100 ECO DG/2.50.2.A,,,,,True,0.0,0.0,0.0,0.0,0.0,0.0
2238,2348,DuraGyp MS 125 ECO DG/2.75.2.A,,,,,True,0.0,0.0,0.0,0.0,0.0,0.0
2239,2349,DuraGyp MS 150 ECO DG/2.100.2.A,,,,,True,0.0,0.0,0.0,0.0,0.0,0.0
2240,2350,DuraGyp MS 150 DG/3.75.3.A,,,,,True,0.0,0.0,0.0,0.0,0.0,0.0
2241,2351,DuraGyp MS 205 DG/2.75*75.2.A,,,,,True,0.0,0.0,0.0,0.0,0.0,0.0
2242,2352,DuraGyp MS 255 DG/2.100*100.2.A,,,,,True,0.0,0.0,0.0,0.0,0.0,0.0
2243,2353,DuraGyp MS 280 ECO DG/3.100*100.3.A,,,,,True,0.0,0.0,0.0,0.0,0.0,0.0
2244,2354,DuraGyp MS 280 ECO DG/3.100*100.3.AA,,,,,True,0.0,0.0,0.0,0.0,0.0,0.0
2245,2355,DuraGyp MS 63 DG V/50.1.A,,,,,True,0.0,0.0,0.0,0.0,0.0,0.0
2246,2356,DuraGyp MS 88 DG V/75.1.A,,,,,True,0.0,0.0,0.0,0.0,0.0,0.0
2247,2357,DuraGyp MS 113 DG V/100.1.A,,,,,True,0.0,0.0,0.0,0.0,0.0,0.0
2248,2358,DuraGyp MS 138 DG V/125.1.A,,,,,True,0.0,0.0,0.0,0.0,0.0,0.0
2249,2359,DuraGyp MS 75 ECO DG V/50.2.A,,,,,True,0.0,0.0,0.0,0.0,0.0,0.0
2250,2360,DuraGyp MS 100 ECO DG V/75.2.A,,,,,True,0.0,0.0,0.0,0.0,0.0,0.0
2251,2361,DuraGyp MS 125 ECO DG V/100.2.A,,,,,True,0.0,0.0,0.0,0.0,0.0,0.0
2252,2362,DuraGyp MS 150 ECO DG V/125.2.A,,,,,True,0.0,0.0,0.0,0.0,0.0,0.0
2253,2363,Duco Ducomax Corto 10 ZR,,,,,True,32.8,33.7,39.5,44.4,40.0,0.0
2254,2364,Duco Ducomax Corto 15 ZR,,,,,True,30.4,30.8,34.6,40.5,40.1,0.0
2255,2365,Duco Ducomax Corto 20 ZR,,,,,True,29.4,28.6,32.1,38.7,38.2,0.0
2256,2366,Duco Ducomax Corto 25 ZR,,,,,True,29.0,28.4,30.5,37.2,39.9,0.0
2257,2367,Duco Ducomax Medio 10 ZR,,,,,True,35.1,35.1,42.5,49.3,43.1,0.0
2258,2368,Duco Ducomax Medio 15 ZR,,,,,True,31.3,33.4,37.2,47.9,45.2,0.0
2259,2369,Duco Ducomax Medio 20 ZR,,,,,True,30.3,30.5,36.5,43.3,39.0,0.0
2260,2370,Duco Ducomax Medio 25 ZR,,,,,True,28.8,28.3,31.6,39.3,41.2,0.0
2261,2371,Duco Ducomax Alto 10 ZR,,,,,True,34.3,37.5,44.1,51.1,48.7,0.0
2262,2372,Duco Ducomax Alto 15 ZR,,,,,True,32.1,34.6,41.2,50.0,47.7,0.0
2263,2373,Duco Ducomax Alto 20 ZR,,,,,True,29.5,31.3,38.0,48.5,42.9,0.0
2264,2374,Duco Ducomax Alto 25 ZR,,,,,True,28.3,28.9,33.9,45.4,40.3,0.0
2265,2375,Duco Ducomax Largo 10 ZR,,,,,True,35.0,40.1,49.6,57.0,52.2,0.0
2266,2376,Duco Ducomax Largo 15 ZR,,,,,True,32.1,36.5,43.2,53.2,40.9,0.0
2267,2377,Duco Ducomax Largo 20 ZR,,,,,True,30.2,34.2,42.4,47.4,41.2,0.0
2268,2378,Duco Ducomax Largo 25 ZR,,,,,True,29.6,31.3,38.3,44.5,39.9,0.0
2269,2379,"Innosource Innoventus G2, 100 F",,,,,True,40.5,43.7,53.2,51.0,60.0,65.3
2270,2380,"Innosource Innoventus F6, 100 F",,,,,True,40.0,43.7,54.4,51.8,61.1,66.6
2271,2381,"Innosource Innoventus G2, 120 F",,,,,True,38.3,39.5,48.6,49.2,57.0,64.3
2272,2382,"Innosource Innoventus F6, 120 F",,,,,True,37.4,40.0,50.7,51.0,58.4,67.0
2273,2383,"Innosource Innoventus G2, 125-100 M",,,,,True,40.1,43.5,54.0,55.4,64.7,69.5
2274,2384,"Innosource Sonair F+, G2 100 F",,,,,True,40.0,44.7,53.9,53.7,61.8,61.8
2275,2385,"Innosource Sonair F+, F6 100 F",,,,,True,40.1,45.7,56.3,53.8,55.4,60.9
2276,2386,"Innosource Sonair F+, G2 125-80 M",,,,,True,41.9,46.6,56.0,63.2,68.5,68.3
2277,2387,"Innosource Sonair A+, G2 100 F",,,,,True,40.4,44.1,51.0,50.0,54.6,57.0
2278,2388,"Innosource Sonair A+, F6 100 F",,,,,True,40.4,44.8,52.5,50.2,51.8,56.9
2279,2400,geen kier- en naaddichting (bestaande bouw),,,,,True,25.0,25.0,25.0,25.0,25.0,25.0
2280,2401,enkele kier- en naaddichting (bestaande bouw),,,,,True,30.0,30.0,30.0,30.0,30.0,30.0
2281,2402,dubbele kier- en naaddichting (bestaande bouw),,,,,True,35.0,35.0,35.0,35.0,35.0,35.0
2282,2403,speciale kier- en naaddichting (bestaande bouw),,,,,True,45.0,45.0,45.0,45.0,45.0,45.0
2283,2404,daken met kierend dakbeschot (bestaande bouw),,,,,True,30.0,30.0,30.0,30.0,30.0,30.0
2284,2405,daken met kierdicht dakbeschot (bestaande bouw),,,,,True,40.0,40.0,40.0,40.0,40.0,40.0
2285,2406,enkele kier- en naaddichting (nieuwbouw),,,,,True,35.0,35.0,35.0,35.0,35.0,35.0
2286,2407,dubbele kier- en naaddichting (nieuwbouw),,,,,True,40.0,40.0,40.0,40.0,40.0,40.0
2287,2408,speciale kier- en naaddichting (nieuwbouw),,,,,True,50.0,50.0,50.0,50.0,50.0,50.0
2288,2409,enkelschalig dakelementen (nieuwbouw),,,,,True,45.0,45.0,45.0,45.0,45.0,45.0
2289,2410,overige dakconstructies (nieuwbouw),,,,,True,55.0,55.0,55.0,55.0,55.0,55.0
2290,2411,speciale gevallen waarbij de kier- en naaddichting niet maatgevend is,,,,,True,60.0,60.0,60.0,60.0,60.0,60.0
2291,2412,kozijn-steen: tweezijdig gekit met afdeklat,,,,,True,55.0,55.0,55.0,55.0,55.0,55.0
2292,2413,kozijn-steen: schuimband met afdeklat,,,,,True,50.0,50.0,50.0,50.0,50.0,50.0
2293,2414,kozijn-steen: alleen afdeklat,,,,,True,45.0,45.0,45.0,45.0,45.0,45.0
2294,2415,dakraamkast-dakbeschot: geen extra afdichting,,,,,True,25.0,25.0,25.0,25.0,25.0,25.0
2295,2416,dakraamkast-dakbeschot: geen extra afdichting,,,,,True,30.0,30.0,30.0,30.0,30.0,30.0
2296,2417,dakraamkast-dakbeschot: dichting met band of kit,,,,,True,35.0,35.0,35.0,35.0,35.0,35.0
2297,2418,dakraamkast-dakbeschot: dichting met band of kit,,,,,True,40.0,40.0,40.0,40.0,40.0,40.0
2298,2419,suskast-kozijn/raam: gekit,,,,,True,50.0,50.0,50.0,50.0,50.0,50.0
2299,2420,suskast-kozijn/raam: alleen schuimband,,,,,True,40.0,40.0,40.0,40.0,40.0,40.0
2300,2421,suskast-kozijn/raam: alleen schuimband,,,,,True,45.0,45.0,45.0,45.0,45.0,45.0
2301,2422,suskast-kozijn/raam: alleen schuimband,,,,,True,50.0,50.0,50.0,50.0,50.0,50.0
2302,2423,ramen: niet te openen,,,,,True,40.0,40.0,40.0,40.0,40.0,40.0
2303,2424,ramen: dubbele dichting,,,,,True,40.0,40.0,40.0,40.0,40.0,40.0
2304,2425,ramen: dubbele dichting,,,,,True,45.0,45.0,45.0,45.0,45.0,45.0
2305,2426,ramen: dubbele dichting,,,,,True,50.0,50.0,50.0,50.0,50.0,50.0
2306,2427,ramen: enkele dichting door buisprofiel met hoogte > 5 mm,,,,,True,40.0,40.0,40.0,40.0,40.0,40.0
2307,2428,ramen: enkele dichting door buisprofiel met hoogte > 5 mm,,,,,True,45.0,45.0,45.0,45.0,45.0,45.0
2308,2429,ramen: enkele dichting door buisprofiel met hoogte < 5 mm,,,,,True,25.0,25.0,25.0,25.0,25.0,25.0
2309,2430,ramen: enkele dichting door lipprofiel met hoogte > 9 mm,,,,,True,40.0,40.0,40.0,40.0,40.0,40.0
2310,2431,ramen: enkele dichting door lipprofiel met hoogte > 9 mm,,,,,True,45.0,45.0,45.0,45.0,45.0,45.0
2311,2432,ramen: enkele dichting door lipprofiel met hoogte 7-9 mm,,,,,True,35.0,35.0,35.0,35.0,35.0,35.0
2312,2433,ramen: enkele dichting door lipprofiel met hoogte < 7 mm,,,,,True,25.0,25.0,25.0,25.0,25.0,25.0
2313,2434,"ramen: geen dichting, spleet 1-5 mm",,,,,True,20.0,20.0,20.0,20.0,20.0,20.0
2314,2435,"ramen: geen dichting, spleet 1-5 mm",,,,,True,25.0,25.0,25.0,25.0,25.0,25.0
2315,2436,deuren: tochtband en geen extra dichting bij dorpel,,,,,True,25.0,25.0,25.0,25.0,25.0,25.0
2316,2437,deuren: tochtband en geen extra dichting bij dorpel,,,,,True,30.0,30.0,30.0,30.0,30.0,30.0
2317,2438,"deuren: enkele aanslag rondom, diverse profielen",,,,,True,35.0,35.0,35.0,35.0,35.0,35.0
2318,2439,"deuren: enkele aanslag rondom, diverse profielen",,,,,True,40.0,40.0,40.0,40.0,40.0,40.0
2319,2440,deuren: dubbele aanslag rondom,,,,,True,40.0,40.0,40.0,40.0,40.0,40.0
2320,2441,"dakramen: raam-op-kast, enkel profiel",,,,,True,30.0,30.0,30.0,30.0,30.0,30.0
2321,2442,"dakramen: raam-op-kast, enkel profiel",,,,,True,35.0,35.0,35.0,35.0,35.0,35.0
2322,2443,"dakramen: raam-in-kast, enkel profiel",,,,,True,40.0,40.0,40.0,40.0,40.0,40.0
2323,2444,"dakramen: raam-in-kast, enkel profiel",,,,,True,45.0,45.0,45.0,45.0,45.0,45.0
2324,2445,dakramen: drievoudig profiel,,,,,True,50.0,50.0,50.0,50.0,50.0,50.0
2325,2446,dakramen: drievoudig profiel,,,,,True,55.0,55.0,55.0,55.0,55.0,55.0
2326,2447,"gesloten beglaasd, droog beglaasd, schuimband+lat, kunststofraam+lipprofiel",,,,,True,55.0,55.0,55.0,55.0,55.0,55.0
2327,2448,"droog beglaasd, band met/zonder topafdichting",,,,,True,50.0,50.0,50.0,50.0,50.0,50.0
2328,2449,"droog beglaasd, band met/zonder topafdichting (slechte uitvoering)",,,,,True,45.0,45.0,45.0,45.0,45.0,45.0
2329,2450,Geen dichting [3],,,,,True,19.0,23.0,24.0,19.0,17.0,0.0
2330,2451,"V-profiel, indrukking 2 mm [3]",,,,,True,24.0,28.0,29.0,24.0,22.0,0.0
2331,2452,"O-profiel, indrukking 3 mm [3]",,,,,True,35.0,36.0,34.0,28.0,28.0,0.0
2332,2453,"V-profiel, indrukking 8 mm [3]",,,,,True,39.0,41.0,40.0,33.0,33.0,0.0
2333,2454,"O-profiel, indrukking 3.5 mm [3]",,,,,True,41.0,44.0,44.0,38.0,39.0,0.0
2334,2455,"dubbele dichting, indrukking 3.5 mm [3]",,,,,True,41.0,45.0,46.0,44.0,48.0,0.0
2335,2456,alleen naad [3],,,,,True,35.0,40.0,45.0,50.0,60.0,0.0
2336,2457,band+lat [3],,,,,True,37.0,48.0,56.0,60.0,65.0,0.0
2337,2458,eenzijdig gekit [3],,,,,True,45.0,50.0,60.0,60.0,65.0,0.0
2338,2459,"lat, tweezijdig gekit [3]",,,,,True,50.0,55.0,65.0,65.0,70.0,0.0
2339,2460,kroonband: los [3],,,,,True,29.0,34.0,35.0,31.0,30.0,0.0
2340,2461,alleen lat [3],,,,,True,35.0,40.0,45.0,50.0,60.0,0.0
2341,2462,lipprofiel bij kunststof hoek slecht (A) [3],,,,,True,34.0,41.0,46.0,54.0,60.0,0.0
2342,2463,lipprofiel bij kunststof hoek slecht (B) [3],,,,,True,36.0,41.0,44.0,53.0,61.0,0.0
2343,2464,kroonband 0 N/m [3],,,,,True,32.0,50.0,57.0,60.0,65.0,0.0
2344,2465,lipprofiel in houten raam [3],,,,,True,38.0,45.0,59.0,51.0,55.0,0.0
2345,2466,kroonband+plakband top [3],,,,,True,36.0,50.0,59.0,60.0,60.0,0.0
2346,2467,kroonband 200 N/m [3],,,,,True,37.0,48.0,56.0,60.0,65.0,0.0
2347,2468,3 mm schuimband bij neusdorpel [3],,,,,True,45.0,44.0,52.0,50.0,53.0,0.0
2348,2469,kroonband 600 N/m [3],,,,,True,37.0,49.0,58.0,60.0,65.0,0.0
2349,2470,kroonband met neusdorpel [3],,,,,True,40.0,45.0,55.0,57.0,60.0,0.0
2350,2471,3 mm schuimband+topafdichting+neusdorpel [3],,,,,True,45.0,45.0,53.0,52.0,55.0,0.0
2351,2472,kroonband [3],,,,,True,40.0,47.0,54.0,56.0,62.0,0.0
2352,2473,lipprofiel in kunststofraam [3],,,,,True,43.0,50.0,52.0,60.0,65.0,0.0
2353,2474,5 mm schuimband+neusdorpel [3],,,,,True,41.0,50.0,60.0,60.0,64.0,0.0
2354,2475,schuimband met thiokoltop [3],,,,,True,45.0,50.0,57.0,60.0,65.0,0.0
2355,2476,5 mm schuimband+thiokoltop+neusdorpel [3],,,,,True,45.0,49.0,60.0,59.0,62.0,0.0
2356,2477,lippprofiel in kunststofraam [3],,,,,True,45.0,50.0,57.0,60.0,65.0,0.0
2357,2478,3 mm schuimband met stoeldorpel [3],,,,,True,45.0,53.0,57.0,60.0,65.0,0.0
2358,2479,vol en zat [3],,,,,True,50.0,58.0,62.0,65.0,70.0,0.0
2359,2480,kozijn steen: alleen afdeklat [3],,,,,True,36.0,41.0,46.0,51.0,58.0,0.0
2360,2481,kozijn-steen: schuimband+afdeklat [3],,,,,True,41.0,46.0,51.0,56.0,63.0,0.0
2361,2482,kozijn-steen: tweezijdig gekit + afdeklat [3],,,,,True,46.0,51.0,56.0,61.0,68.0,0.0
2362,2483,dakraam-beschot: geen extra dichting [3],,,,,True,19.0,22.0,25.0,26.0,27.0,0.0
2363,2484,dakraam-beschot: band- of kitdichting [3],,,,,True,29.0,32.0,35.0,36.0,37.0,0.0
2364,2485,suskast-kozijn/raam: kit (droge beglazing) [3],,,,,True,46.0,49.0,52.0,53.0,48.0,0.0
2365,2486,droge beglazing: band met/zonder topafdichting [3],,,,,True,38.0,45.0,52.0,58.0,60.0,0.0
2366,2487,gesloten beglazing of droog + schuimband: kunststof + lipprofiel [3],,,,,True,45.0,50.0,54.0,58.0,60.0,0.0
2367,2488,bij ramen geen dichting: spleetbreedte 1 mm - 5 mm [3],,,,,True,19.0,21.0,22.0,20.0,18.0,0.0
2368,2489,bij ramen 'normale' kierdichting: kozijndiepte 20 mm - 50 mm [3],,,,,True,24.0,27.0,30.0,31.0,32.0,0.0
2369,2490,bij ramen 'normale' kierdichting: kozijndiepte 60 mm - 120 mm [3],,,,,True,28.0,31.0,33.0,34.0,26.0,0.0
2370,2491,"lipprofiel, indrukking 2 mm - 6 mm [3]",,,,,True,24.0,28.0,30.0,25.0,22.0,0.0
2371,2492,"lipprofiel, indrukking > 8 mm [3]",,,,,True,39.0,41.0,40.0,33.0,33.0,0.0
2372,2493,"bij ramen buisprofiel, indrukking 2 mm - 3 mm [3]",,,,,True,35.0,36.0,34.0,28.0,28.0,0.0
2373,2494,"bij ramen buisprofiel, indrukking > 4 mm [3]",,,,,True,41.0,44.0,44.0,38.0,39.0,0.0
2374,2495,"bij ramen buis- of tussenprofiel, indrukking > 6 mm [3]",,,,,True,38.0,46.0,46.0,46.0,45.0,0.0
2375,2496,bij ramen matige dubbele dichting [3],,,,,True,36.0,39.0,42.0,43.0,38.0,0.0
2376,2497,bij ramen goede dubbele dichting [3],,,,,True,46.0,49.0,52.0,53.0,48.0,0.0
2377,2498,"bij ramen dubbel-profiel, indrukking > 3.5 mm [3]",,,,,True,41.0,45.0,46.0,44.0,48.0,0.0
2378,2499,bij deuren zonder extra dichting [3],,,,,True,19.0,21.0,22.0,20.0,18.0,0.0
2379,2500,"bij deuren met tochtband, geen dichting bij dorpel [3]",,,,,True,29.0,31.0,32.0,30.0,28.0,0.0
2380,2501,bij deuren met enkele aanslag rondom [3],,,,,True,31.0,34.0,37.0,38.0,33.0,0.0
2381,2502,bij deuren met dubbele aanslag rondom [3],,,,,True,36.0,39.0,42.0,43.0,38.0,0.0
2382,2503,bij dakraam-op-kast met enkel profiel [3],,,,,True,29.0,31.0,32.0,30.0,28.0,0.0
2383,2504,bij dakraam-in-kast met enkel profiel [3],,,,,True,36.0,39.0,42.0,43.0,38.0,0.0
2384,2505,bij dakraam met drievoudig profiel [3],,,,,True,46.0,49.0,52.0,53.0,48.0,0.0
2385,2506,Buva SusStream Luna 14-ZR [1],,,,,True,32.7,33.9,41.6,54.0,57.0,0.0
2386,2507,Buva SusStream Luna 24-ZR [1],,,,,True,31.4,32.4,38.9,42.9,38.4,0.0
2387,2508,Buva SusStream Luna 26-ZR [1],,,,,True,30.3,30.2,38.4,41.2,40.2,0.0
2388,2509,Buva SusStream Luna 27-ZR [1],,,,,True,29.1,28.1,34.0,39.6,37.6,0.0
2389,2510,Buva SusStream Marsa 14-ZR [1],,,,,True,32.6,35.3,44.3,51.0,56.6,0.0
2390,2511,Buva SusStream Marsa 22-ZR [1],,,,,True,31.3,30.9,40.8,49.7,53.3,0.0
2391,2512,Buva SusStream Marsa 27-ZR [1],,,,,True,32.4,32.3,39.8,45.5,48.6,0.0
2392,2513,Buva SusStream Marsa 28-ZR [1],,,,,True,29.1,26.3,35.1,43.2,44.1,0.0
2393,2514,Buva SusStream Terra 13-ZR [1],,,,,True,32.8,37.3,47.8,57.1,62.5,0.0
2394,2515,Buva SusStream Terra 21-ZR [1],,,,,True,31.9,35.5,46.1,55.2,62.1,0.0
2395,2516,Buva SusStream Terra 26-ZR [1],,,,,True,30.0,29.9,41.3,49.9,51.9,0.0
2396,2517,Buva SusStream Terra 27-ZR [1],,,,,True,29.2,27.6,37.8,47.4,50.4,0.0
2397,2518,Buva SusStream Suna 12-ZR [1],,,,,True,36.6,40.0,48.7,58.1,50.7,0.0
2398,2519,Buva SusStream Suna 18-ZR [1],,,,,True,36.5,36.3,48.7,49.4,51.6,0.0
2399,2520,Buva SusStream Suna 25-ZR [1],,,,,True,31.0,32.5,43.9,51.9,56.1,0.0
2400,2521,Buva SusStream Suna 27-ZR [1],,,,,True,29.9,30.2,43.2,49.3,53.8,0.0
2401,2522,AGC Thermobel Phonibel 1633,,,,,True,23.9,22.9,27.3,38.0,36.9,36.3
2402,2523,AGC Thermobel Phonibel 2233,,,,,True,23.1,21.8,28.7,39.8,36.9,36.1
2403,2524,AGC Thermobel Phonibel 2534,,,,,True,22.7,22.9,30.3,39.8,37.5,37.8
2404,2525,AGC Thermobel Phonibel 2835,,,,,True,22.1,24.8,33.1,42.1,35.5,39.7
2405,2526,AGC Thermobel Phonibel 3137,,,,,True,24.5,28.9,36.0,39.9,35.4,42.4
2406,2527,AGC Thermobel Phonibel S 3037,,,,,True,23.9,27.5,36.1,41.7,35.8,38.7
2407,2528,AGC Thermobel Phonibel S 3239,,,,,True,23.5,28.6,36.5,43.2,39.6,47.4
2408,2529,AGC Thermobel Phonibel S 3339,,,,,True,29.5,30.3,37.6,38.0,38.5,50.4
2409,2530,AGC Thermobel Phonibel S 4541,,,,,True,30.4,36.1,40.2,39.6,39.9,40.9
2410,2531,AGC Phonibel ST 2738,,,,,True,21.6,25.7,34.7,44.9,47.8,49.3
2411,2532,AGC Phonibel ST 2940,,,,,True,20.6,29.2,37.7,47.1,45.0,52.7
2412,2533,AGC Phonibel ST 3141,,,,,True,23.2,28.6,38.7,48.7,48.2,53.4
2413,2534,AGC Phonibel ST 3142,,,,,True,23.0,31.1,38.5,46.9,47.2,55.6
2414,2535,AGC Phonibel ST 3342,,,,,True,24.5,29.9,39.6,47.4,48.4,55.4
2415,2536,AGC Phonibel ST 3343,,,,,True,23.9,32.6,40.2,47.5,44.1,54.8
2416,2537,AGC Phonibel ST 3543,,,,,True,25.8,33.5,40.3,46.7,44.4,57.2
2417,2538,AGC Phonibel ST 3743,,,,,True,26.9,32.8,40.4,46.9,45.6,56.6
2418,2539,AGC Phonibel ST 3843,,,,,True,25.3,32.0,41.4,47.7,45.3,56.7
2419,2540,AGC Phonibel ST 3344,,,,,True,25.5,33.0,41.3,46.4,49.2,57.1
2420,2541,AGC Phonibel ST 3745,,,,,True,28.1,34.9,43.5,45.8,46.4,59.4
2421,2542,AGC Phonibel ST 3545,,,,,True,26.2,33.2,42.7,46.7,50.9,57.9
2422,2543,AGC Phonibel ST 3445,,,,,True,29.7,33.2,41.5,46.6,52.5,60.4
2423,2544,AGC Phonibel ST 3846,,,,,True,29.1,34.9,42.4,47.0,52.9,58.4
2424,2545,AGC Phonibel ST 3347,,,,,True,28.2,35.0,43.9,53.6,55.2,61.6
2425,2546,AGC Phonibel ST 3447,,,,,True,27.9,35.0,44.1,53.1,55.7,63.1
2426,2547,AGC Phonibel ST 3749,,,,,True,28.1,37.4,46.7,54.2,56.0,63.1
2427,2548,AGC Phonibel ST 3849,,,,,True,27.6,38.0,45.8,54.1,56.0,63.1
2428,2549,AGC Phonibel ST 3949,,,,,True,27.8,37.6,46.5,55.7,56.1,60.6
2429,2550,AGC Phonibel ST 4150/1,,,,,True,27.8,39.6,46.8,54.8,55.9,63.1
2430,2551,AGC Phonibel ST 4250,,,,,True,28.9,39.6,46.9,54.9,56.5,63.6
2431,2552,AGC Phonibel ST 4150/2,,,,,True,30.5,40.0,45.4,52.5,55.2,63.8
2432,2553,AGC Phonibel ST 4551,,,,,True,35.6,42.8,46.7,52.0,52.0,65.1
2433,2554,AGC Stratophone 33.1,,,,,True,22.3,25.9,31.4,35.5,39.0,38.8
2434,2555,AGC Stratophone 33.2,,,,,True,22.1,26.5,31.6,36.1,39.6,38.6
2435,2556,AGC Stratophone 44.1,,,,,True,27.5,29.6,34.2,38.2,39.0,43.2
2436,2557,AGC Stratophone 44.2,,,,,True,26.6,29.9,34.1,38.1,39.1,42.0
2437,2558,AGC Stratophone 44.4,,,,,True,24.1,28.7,34.3,38.5,40.0,41.2
2438,2559,AGC Stratophone 55.1,,,,,True,26.7,30.3,34.9,38.4,39.7,46.7
2439,2560,AGC Stratophone 55.2,,,,,True,26.7,31.1,35.5,38.8,39.2,45.0
2440,2561,AGC Stratophone 66.1,,,,,True,28.4,32.7,37.1,39.3,40.9,49.6
2441,2562,AGC Stratophone 66.2,,,,,True,29.1,32.7,37.7,40.3,40.2,47.9
2442,2563,AGC Stratophone 88.2,,,,,True,32.3,35.1,36.8,38.6,45.4,54.7
2443,2565,Duco MiniMax 10 ZR [1],,,,,True,25.0,23.8,31.9,36.0,37.6,40.2
2444,2566,Duco MiniMax 15 ZR [1],,,,,True,24.4,23.5,31.2,33.9,35.0,38.2
2445,2567,Duco MiniMax 20 ZR [1],,,,,True,23.8,22.9,29.8,34.9,35.7,37.0
2446,2569,Alusta BingoForte 100,,,,,True,35.1,33.0,29.1,30.8,37.6,0.0
2447,2570,Alusta BingoForte 150,,,,,True,33.8,31.8,28.5,29.3,33.8,0.0
2448,2571,Alusta BingoForte 200,,,,,True,33.1,30.7,27.7,27.0,30.7,0.0
2449,2572,SGG Climalit Silence 30/40 AST,,,,,True,23.1,27.4,36.2,45.7,44.6,0.0
2450,2573,SGG Climalit Silence 30/40 AST,,,,,True,23.1,27.0,36.6,46.7,45.8,0.0
2451,2574,SGG Climalit Silence 33/42 AST [1],,,,,True,24.4,29.5,39.4,47.5,47.3,0.0
2452,2575,SGG Climalit Silence 33/43 AST opbouw 44.2-15-44.2Si,,,,,True,25.5,31.3,40.0,50.7,53.5,0.0
2453,2576,SGG Climalit Silence 39/45 AST,,,,,True,28.8,35.8,42.1,47.2,48.7,0.0
2454,2577,Phonotech DK-45 constructie 4110 [1],,,,,True,20.0,37.6,53.6,58.8,56.7,0.0
2455,2578,Phonotech DK-45 constructie 4120 [1],,,,,True,25.5,37.6,50.1,55.8,56.7,0.0
2456,2579,Phonotech DK-45 constructie 4125 [1],,,,,True,29.0,40.6,52.6,57.8,41.7,0.0
2457,2580,Phonotech DK-65 constructie 4210 [1],,,,,True,21.2,41.5,54.7,58.3,56.6,0.0
2458,2581,Phonotech DK-65 constructie 4220 [2],,,,,True,26.7,41.5,51.2,55.3,56.6,0.0
2459,2582,Phonotech DK-65 constructie 4225 [1],,,,,True,30.2,44.5,53.7,57.3,58.6,0.0
2460,2583,Phonotech DK-85 constructie 4310 [1],,,,,True,23.8,41.5,54.7,58.3,56.6,0.0
2461,2584,Phonotech DK-85 constructie 4320 [1],,,,,True,29.3,41.5,51.2,55.3,56.6,0.0
2462,2585,Phonotech DK-85 constructie 4325 [1],,,,,True,32.8,44.5,53.7,57.3,58.6,0.0
2463,2586,Phonotech DK-45 constructie 4130 [1],,,,,True,25.0,39.1,52.6,59.3,56.5,0.0
2464,2587,Phonotech DK-45 constructie 4140 [1],,,,,True,30.5,42.1,51.6,58.3,58.5,0.0
2465,2588,Phonotech DK-45 constructie 4145 [1],,,,,True,34.0,45.1,54.1,60.3,60.5,0.0
2466,2589,Phonotech DK-65 constructie 4230 [1],,,,,True,26.2,39.3,52.2,59.0,54.6,0.0
2467,2590,Phonotech DK-65 constructie 4240 [1],,,,,True,31.7,42.3,51.2,58.0,56.6,0.0
2468,2591,Phonotech DK-65 constructie 4245 [1],,,,,True,35.2,45.3,53.7,60.0,58.6,0.0
2469,2592,Phonotech DK-85 constructie 4330 [1],,,,,True,28.8,43.0,53.7,58.8,56.4,0.0
2470,2593,Phonotech DK-85 constructie 4340 [1],,,,,True,34.3,46.0,52.7,57.8,58.4,0.0
2471,2594,Phonotech DK-85 constructie 4345 [1],,,,,True,37.8,49.0,55.2,59.8,60.4,0.0
2472,2595,Phonotech DK-45 constructie 4650 [1],,,,,True,44.7,51.0,64.7,78.8,80.9,0.0
2473,2596,Phonotech DK-65 constructie 4750 [1],,,,,True,47.7,54.5,71.7,83.0,79.4,0.0
2474,2597,Phonotech DK-85 constructie 4850 [1],,,,,True,49.7,57.0,69.7,82.0,82.9,0.0
2475,2598,Duco Ducomax Corto 10 ZR inbouw A,,,,,True,32.4,33.3,39.1,44.0,39.6,0.0
2476,2599,Duco Ducomax Corto 15 ZR inbouw A,,,,,True,31.2,31.6,35.4,41.3,40.9,0.0
2477,2600,Duco Ducomax Corto 20 ZR inbouw A,,,,,True,30.3,29.5,33.0,39.6,39.1,0.0
2478,2601,Duco Ducomax Corto 25 ZR inbouw A,,,,,True,29.7,29.1,31.2,37.9,40.6,0.0
2479,2602,Duco  Ducomax Medio 10 ZR inbouw A,,,,,True,34.1,34.1,41.5,48.3,42.1,0.0
2480,2603,Duco Ducomax Medio 15 ZR inbouw A,,,,,True,31.8,34.1,37.9,48.6,45.9,0.0
2481,2604,Duco Ducomax Medio 20 ZR inbouw A,,,,,True,31.0,31.2,37.2,44.0,39.7,0.0
2482,2605,Duco Ducomax Medio 25 ZR inbouw A,,,,,True,29.5,29.0,32.3,40.0,41.9,0.0
2483,2606,Duco Ducomax Alto 10 ZR inbouw A,,,,,True,33.8,36.9,43.5,50.5,48.1,0.0
2484,2607,Duco Ducomax Alto 15 ZR inbouw A,,,,,True,32.8,35.3,41.9,50.7,48.4,0.0
2485,2608,Duco Ducomax Alto 20 ZR inbouw A,,,,,True,30.2,32.0,38.7,49.2,43.6,0.0
2486,2609,Duco Ducomax Alto 25 ZR inbouw A,,,,,True,29.0,29.6,34.6,46.1,41.6,0.0
2487,2610,Duco Ducomax Largo 10 ZR inbouw A,,,,,True,34.4,39.5,49.0,56.4,51.6,0.0
2488,2611,Duco Ducomax Largo 15 ZR inbouw A,,,,,True,32.8,37.2,43.9,53.9,41.6,0.0
2489,2612,Duco Ducomax Largo 20 ZR inbouw A,,,,,True,31.1,35.1,43.3,48.3,42.1,0.0
2490,2613,Duco Ducomax Largo 25 ZR inbouw A,,,,,True,30.3,32.0,39.0,45.2,40.6,0.0
2491,2614,Duco Ducomax Corto 10 ZR inbouw B,,,,,True,32.3,33.2,39.0,43.9,39.5,0.0
2492,2615,Duco Ducomax Corto 15 ZR inbouw B,,,,,True,30.8,31.2,35.0,40.9,40.5,0.0
2493,2616,Duco Ducomax Corto 20 ZR inbouw B,,,,,True,28.1,27.3,30.8,37.4,36.9,0.0
2494,2617,Duco Ducomax Corto 25 AR inbouw B,,,,,True,30.4,29.8,31.9,38.6,41.3,0.0
2495,2618,Duco Ducomax Medio 10 ZR inbouw B,,,,,True,33.3,33.3,40.7,47.5,41.3,0.0
2496,2619,Duco Ducomax Medio 15 ZR inbouw B,,,,,True,31.8,34.1,37.9,48.6,45.9,0.0
2497,2620,Duco Ducomax Medio 25 ZR inbouw B,,,,,True,30.2,29.7,33.0,40.7,42.6,0.0
2498,2621,Duco Ducomax Alto 10 ZR inbouw B,,,,,True,32.8,35.9,42.5,49.5,47.1,0.0
2499,2622,Duco Ducomax Alto 15 ZR inbouw B,,,,,True,32.8,35.3,41.9,50.7,48.4,0.0
2500,2623,Duco Ducomax Alto 20 ZR inbouw B,,,,,True,28.5,30.3,37.0,47.5,41.9,0.0
2501,2624,Duco Ducomax Alto 25 ZR inbouw B,,,,,True,29.7,30.3,35.3,46.8,42.3,0.0
2502,2625,Duco Ducomax Largo 10 ZR inbouw B,,,,,True,33.4,38.5,48.0,55.4,50.6,0.0
2503,2626,Duco Ducomax Largo 15 ZR inbouw B,,,,,True,32.8,37.2,43.9,53.9,41.6,0.0
2504,2627,Duco Ducomax Largo 20 ZR inbouw B,,,,,True,28.9,32.9,41.1,46.1,39.9,0.0
2505,2628,Duco Ducomax Largo 25  ZR inbouw B,,,,,True,31.0,32.7,39.7,45.9,41.3,0.0
2506,2629,Duco Ducomax Corto 10 ZR inbouw C,,,,,True,32.6,33.5,39.3,44.2,39.8,0.0
2507,2630,Duco Ducomax Corto 15 ZR inbouw C,,,,,True,30.9,31.3,35.1,41.0,40.6,0.0
2508,2631,Duco Ducomax Corto 20 ZR inbouw C,,,,,True,29.7,28.9,32.4,39.0,38.5,0.0
2509,2632,Duco Ducomax Corto 25 ZR inbouw C,,,,,True,29.6,29.0,31.1,37.8,40.5,0.0
2510,2633,Duco Ducomax Medio 10 ZR  inbouw C,,,,,True,34.1,34.1,41.5,48.3,42.1,0.0
2511,2634,Duco Ducomax Medio 15 ZR inbouw C,,,,,True,31.7,34.0,37.8,48.5,45.8,0.0
2512,2635,Duco Ducomax Medio 20 ZR inbouw C,,,,,True,29.9,30.1,36.1,42.9,38.6,0.0
2513,2636,Duco Ducomax Medio 25 ZR inbouw C,,,,,True,29.4,28.9,32.2,39.9,41.8,0.0
2514,2637,Duco Ducomax Alto 10 ZR inbouw C,,,,,True,33.6,36.7,43.3,50.3,47.9,0.0
2515,2638,Duco Ducomax Alto 15 ZR inbouw C,,,,,True,32.7,35.2,41.8,50.6,48.3,0.0
2516,2639,Duco Ducomax Alto 20 ZR inbouw C,,,,,True,29.1,30.9,37.6,48.1,42.5,0.0
2517,2640,Duco Ducomax Alto 25 ZR inbouw C,,,,,True,28.9,29.5,34.5,46.0,41.5,0.0
2518,2641,Duco Ducomax Largo 10 ZR inbouw C,,,,,True,34.2,39.3,48.8,56.2,51.4,0.0
2519,2642,Duco Ducomax Largo 15 ZR inbouw C,,,,,True,32.7,37.1,43.8,53.8,41.5,0.0
2520,2643,Duco Ducomax Largo 20 ZR inbouw C,,,,,True,30.5,34.5,42.7,47.7,41.5,0.0
2521,2644,Duco Ducomax Largo 25 ZR inbouw C,,,,,True,30.2,31.9,38.9,45.1,40.5,0.0
2522,2645,Duco Ducomax Corto 10 ZR inbouw D,,,,,True,32.3,33.2,39.0,43.9,39.5,0.0
2523,2646,Duco Ducomax  Corto 15 ZR inbouw D,,,,,True,30.4,30.8,34.6,40.5,40.1,0.0
2524,2647,Duco Ducomax Corto 20 ZR inbouw D,,,,,True,29.6,28.8,32.3,38.9,38.4,0.0
2525,2648,Duco Ducomax Corto 25 ZR inbouw D,,,,,True,29.7,29.1,31.2,37.9,40.6,0.0
2526,2649,Duco Ducomax Medio 10 ZR inbouw D,,,,,True,33.6,33.6,41.0,47.8,41.6,0.0
2527,2650,Duco Ducomax Medio 15 ZR inbouw D,,,,,True,31.1,33.4,37.2,47.9,45.2,0.0
2528,2651,Duco Ducomax Medio 20 ZR inbouw D,,,,,True,30.6,30.8,36.8,43.6,39.3,0.0
2529,2652,Duco Ducomax Medio 25 ZR inbouw D,,,,,True,29.5,29.0,32.3,40.0,41.9,0.0
2530,2653,Duco Ducomax Alto 10 ZR inbouw D,,,,,True,33.4,36.5,43.1,50.1,47.7,0.0
2531,2654,Duco Ducomax Alto 15 ZR inbouw D,,,,,True,32.1,34.6,41.2,50.0,47.7,0.0
2532,2655,Duco Ducomax Alto 20 ZR inbouw D,,,,,True,29.8,31.6,38.3,48.8,43.2,0.0
2533,2656,Duco Ducomax Alto 25  ZR inbouw D,,,,,True,29.0,29.6,34.6,46.1,41.6,0.0
2534,2657,Duco Ducomax Largo 10 ZR inbouw D,,,,,True,34.0,39.1,48.6,56.0,51.2,0.0
2535,2658,Duco Ducomax Largo 15  ZR inbouw D,,,,,True,32.1,36.5,43.2,53.2,40.9,0.0
2536,2659,Duco Ducomax Largo 20 ZR inbouw D,,,,,True,30.5,34.5,42.7,47.7,41.5,0.0
2537,2660,Duco Ducomax Largo 25 ZR inbouw D,,,,,True,30.3,32.0,39.0,45.2,40.6,0.0
2538,2661,SGG voorzetraam 86.2(2)/24/66.2  115  66.2,,,,,True,38.7,43.8,55.6,58.1,58.5,0.0
2539,2662,SGG voorzetraam 86.2(2)/24/66.2  115  66.2 met randabsorptie,,,,,True,39.3,43.9,55.8,58.4,58.5,0.0
2540,2663,SGG voorzetraam 86.2(2)/24/66.2  115  66.2 geopend voorzetraam,,,,,True,34.6,40.0,46.7,50.3,50.6,0.0
2541,2664,SGG glazen wand met deur 1338,,,,,True,29.9,31.9,35.8,36.7,40.5,46.6
2542,2665,SGG glazen wand met deur 1739,,,,,True,29.9,32.9,36.3,37.4,41.7,47.0
2543,2666,Duco GlasMax 10,,,,,True,28.0,30.2,27.9,35.4,35.8,0.0
2544,2667,Duco GlasMax 15,,,,,True,27.7,29.4,27.3,32.8,33.2,0.0
2545,2668,Duco GlasMax 20,,,,,True,26.2,29.0,26.1,31.1,31.3,0.0
2546,2671,Buva AcouStream VD 14-ZR [1],,,,,True,37.6,36.2,28.3,33.0,44.0,45.0
2547,2672,Buva AcouStream VD 18-ZR [1],,,,,True,36.6,35.6,28.2,32.6,43.3,0.0
2548,2673,Buva AcouStream VD 23-ZR [1],,,,,True,37.1,35.7,27.5,32.1,43.2,0.0
2549,2674,Buva AcouStream GL 14-ZR [1],,,,,True,36.2,34.0,31.0,35.3,39.4,45.9
2550,2675,Buva AcouStream GL 18-ZR [1],,,,,True,35.0,33.6,30.4,34.3,37.6,44.2
2551,2676,Buva AcouStream GL 23-ZR [1],,,,,True,33.8,32.5,29.7,33.3,33.3,40.4
2552,2677,Climarad 5.6 dm3/s [1],,,,,True,37.5,40.1,45.0,51.8,58.2,58.2
2553,2678,Climarad 11.1 dm3/s [1],,,,,True,37.5,40.1,45.0,51.8,58.2,58.2
2554,2679,Climarad 16.7 dm3/s [1],,,,,True,37.5,40.1,45.0,51.8,58.2,58.2
2555,2680,Climarad 22.2 dm3/s [1],,,,,True,37.5,40.1,45.0,51.8,58.2,58.2
2556,2681,Climarad 27.8 dm3/s [1],,,,,True,37.5,40.1,45.0,51.8,58.2,58.2
2557,2682,Climarad 5.6 dm3/s met absorptiemateriaal [1],,,,,True,37.4,40.5,45.9,52.4,58.5,58.3
2558,2683,Climarad 11.1 dm3/s met absorptiemateriaal [1],,,,,True,37.4,40.5,45.9,52.4,58.5,58.3
2559,2684,Climarad 16.7 dm3/s met absorptiemateriaal [1],,,,,True,37.4,40.5,45.9,52.4,58.5,58.3
2560,2685,Climarad 22.2 dm3/s met absorptiemateriaal [1],,,,,True,37.4,40.5,45.9,52.4,58.5,58.3
2561,2686,Climarad 27.8 dm3/s met absorptiemateriaal [1],,,,,True,37.4,40.5,45.9,52.4,58.5,58.3
2562,2687,Solarlux vouwwand SL 60 Akustex 29/38 [1],,,,,True,27.6,26.8,35.5,38.9,42.8,0.0
2563,2688,Solarlux vouwwand SL 60 Akustex 35/47 [1],,,,,True,29.1,34.8,42.7,45.8,48.5,0.0
2564,2689,Gentlevent Flow Control-unit,,,,,True,41.6,29.7,26.4,29.7,36.6,40.9
2565,2690,Gentlevent Flow Control-unit met kap,,,,,True,41.2,28.4,24.3,29.5,38.1,42.6
2566,2691,Gentlevent Flow Control-unit met gel abs kanalen,,,,,True,39.9,31.6,36.7,44.7,55.0,58.1
2567,2692,Buva SusStream Pluta 27-ZR [1],,,,,True,30.5,25.3,28.8,39.1,38.8,0.0
2568,2693,Buva SusStream  Pluta 18-HD [1],,,,,True,30.5,25.3,28.8,39.1,38.8,0.0
2569,2694,Buva SusStream Luna HD-100 [1],,,,,True,32.7,33.9,41.6,54.0,57.0,0.0
2570,2695,Buva SusStream Luna HD-150 [1],,,,,True,31.4,32.4,38.9,42.9,38.4,0.0
2571,2696,Buva SusStream Luna HD-200 [1],,,,,True,30.3,30.2,38.4,41.2,40.2,0.0
2572,2697,Buva SusStream Luna HD-250 [1],,,,,True,29.1,28.1,34.0,39.6,37.6,0.0
2573,2698,Buva SusStream Marsa HD-100 [1],,,,,True,32.6,35.3,44.3,51.0,56.6,0.0
2574,2699,Buva SusStream Marsa HD-150 [1],,,,,True,31.3,30.9,40.8,49.7,53.3,0.0
2575,2700,Buva SusStream Marsa HD-200 [1],,,,,True,32.4,32.3,39.8,45.5,48.6,0.0
2576,2701,Buva SusStream Marsa HD-250 [1],,,,,True,29.1,26.3,35.1,43.2,44.1,0.0
2577,2702,Buva SusStream Terra HD-100 [1],,,,,True,32.8,37.3,47.8,57.1,62.5,0.0
2578,2703,Buva SusStream Terra HD-150 [1],,,,,True,31.9,35.5,46.1,55.2,62.1,0.0
2579,2704,Buva SusStream Terra HD-200 [1],,,,,True,30.0,29.9,41.3,49.9,51.9,0.0
2580,2705,Buva SusStream Terra HD-250 [1],,,,,True,29.2,27.6,37.8,47.4,50.4,0.0
2581,2706,Buva SusStream Suna HD-100 [1],,,,,True,36.6,40.0,48.7,58.1,50.7,0.0
2582,2707,Buva SusStream Suna HD-150 [1],,,,,True,36.5,36.3,48.7,49.4,51.6,0.0
2583,2708,Buva SusStream Suna HD-200 [1],,,,,True,31.0,32.5,43.9,51.9,56.1,0.0
2584,2709,Buva SusStream Suna HD-250 [1],,,,,True,29.9,30.2,43.2,49.3,53.8,0.0
2585,2710,Buva Topstream 14-ZR [1],,,,,True,29.5,28.1,23.6,27.2,29.9,0.0
2586,2711,Buva Topstream 21-ZR [1],,,,,True,29.3,27.6,23.5,25.8,28.4,0.0
2587,2712,Buva Fitstream 11-ZR [1],,,,,True,30.1,28.0,27.1,26.8,35.4,0.0
2588,2713,Buva Fitstream 14-ZR [1],,,,,True,29.9,28.2,26.9,26.6,35.1,0.0
2589,2714,Buva Fitstream 16-ZR [1],,,,,True,29.3,27.7,26.8,26.9,34.0,0.0
2590,2715,Buva Fitstream 21-ZR [1],,,,,True,29.3,27.6,26.6,26.2,33.1,0.0
2591,2716,Buva SunStream 140 [1],,,,,True,32.9,28.8,25.7,28.8,32.4,0.0
2592,2717,Buva SunStream 170 [1],,,,,True,32.5,28.4,26.7,28.4,32.5,0.0
2593,2718,Buva SunStream 200 [1],,,,,True,33.3,27.8,30.1,29.2,33.6,0.0
2594,2719,Alusta Bingo Cybele 20,,,,,True,30.1,30.2,26.7,26.4,27.7,0.0
2595,2720,Alusta Bingo Cybele 30,,,,,True,29.4,29.4,26.2,20.5,23.0,0.0
2596,2721,Alusta Compacto,,,,,True,30.1,29.5,26.0,22.2,24.6,0.0
2597,2722,Alusta Taurus Hercules 100,,,,,True,39.0,41.8,54.8,60.4,58.4,0.0
2598,2723,Alusta Taurus Hercules 150,,,,,True,35.3,37.6,53.3,58.1,53.5,0.0
2599,2724,Alusta Taurus Hercules 200,,,,,True,35.1,35.8,47.9,50.3,45.5,0.0
2600,2725,Alusta Taurus Hercules 250,,,,,True,33.4,34.4,46.0,47.3,42.8,0.0
2601,2726,Alusta Virgo Maxime 100,,,,,True,39.0,40.9,52.9,59.8,52.9,0.0
2602,2727,Alusta Virgo Maxime 150,,,,,True,37.4,36.6,46.6,56.0,51.7,0.0
2603,2728,Alusta Virgo Maxime 200,,,,,True,35.5,34.2,43.0,48.4,44.5,0.0
2604,2729,Alusta Virgo Maxime 250,,,,,True,35.3,32.4,38.8,43.3,41.9,0.0
2605,2730,Alusta Bingo ABC 16,,,,,True,35.4,32.6,28.5,29.9,31.3,0.0
2606,2731,Alusta Bingo ABC 26,,,,,True,32.4,30.4,24.5,25.4,23.4,0.0
2607,2732,Alusta Bingo Celare,,,,,True,34.3,32.4,25.7,22.9,23.5,0.0
2608,2733,Duco DucoTwin 120 Corto ZR,,,,,True,32.2,28.6,30.0,30.8,33.6,0.0
2609,2734,Duco DucoTwin 120 Basso ZR,,,,,True,32.4,28.6,31.0,34.2,36.9,0.0
2610,2735,Duco DucoTwin 120 Medio ZR,,,,,True,32.5,30.0,31.9,36.4,38.9,0.0
2611,2736,Duco DucoTwin 120 Alto  ZR,,,,,True,31.3,30.7,33.2,37.7,39.5,0.0
2612,2737,Duco DucoTwin 120 Largo ZR,,,,,True,31.9,30.8,35.1,41.4,40.4,0.0
2613,2738,Duco Ducoklep 15 ZR [1],,,,,True,24.2,25.6,24.9,23.3,25.7,0.0
2614,2739,Duco DucoLine 10 ZR,,,,,True,26.7,26.6,24.3,24.0,31.6,36.3
2615,2740,Duco DucoLine 17 ZR,,,,,True,25.8,25.8,23.6,23.5,30.1,33.8
2616,2741,Duco DucoLine 22 ZR,,,,,True,26.3,25.6,23.1,22.4,27.5,33.1
2617,2742,Duco DucoFit 50 ZR [1],,,,,True,26.8,29.1,23.6,26.0,29.9,0.0
2618,2743,Duco DucoSmart 60 [1],,,,,True,29.0,29.9,28.9,29.1,28.4,33.2
2619,2744,Duco DucoMax Medio 20 ZR inbouw B,,,,,True,29.1,29.3,35.3,42.1,37.8,0.0
2620,2745,Duco FireMax EW 30 / 15 'ZR' [1],,,,,True,32.9,31.0,27.9,36.2,40.5,47.6
2621,2746,Duco FireMax EW 90 / 15 ZR [1],,,,,True,32.9,31.0,27.9,36.2,40.5,47.6
2622,2747,Duco FireMax EW 90 / 20 ZR [1],,,,,True,33.2,31.1,27.9,24.8,38.6,47.7
2623,2748,SGG Climalit Silence 31/40 AST,,,,,True,25.9,27.7,38.3,45.6,42.5,50.9
2624,2749,SGG Climalit Acoustic 32/38 LST,,,,,True,24.1,26.6,35.1,42.4,42.0,42.2
2625,2750,SGG Climalit Acoustic 22/33(L),,,,,True,24.1,20.9,29.0,40.4,38.2,36.9
2626,2751,SGG Climaplus Acoustic 32/33(A),,,,,True,24.3,21.1,27.6,40.1,38.9,36.5
2627,2752,SGG Climalit Silence 39/44 AST,,,,,True,28.9,34.3,41.4,46.2,47.5,53.2
2628,2753,SGG Climalit Silence 31/40 AST opbouw 6-12-66.2Si,,,,,True,26.2,27.7,37.7,44.8,42.5,40.2
2629,2754,SGG Climalit Silence 35/42 AST,,,,,True,29.0,31.6,41.5,42.8,43.8,41.0
2630,2755,SGG Climatop Acoustic 38/35,,,,,True,20.3,23.3,30.8,40.6,40.9,37.1
2631,2756,SGG Climatop Acoustic 41/37 opbouw 8-12-4-12-5,,,,,True,22.0,27.4,33.5,40.9,38.3,40.9
2632,2757,SGG Climatop Acoustic 44/37 opbouw 10-12-4-12-6,,,,,True,24.5,29.6,34.4,39.5,37.0,44.4
2633,2758,SGG Climatop Acoustic 46/40 opbouw 33.2-12-4-12-55.2,,,,,True,25.3,30.8,35.2,42.3,42.9,48.4
2634,2759,SGG Climatop Silence 43/40 opbouw 6-12-4-12-44.2Si,,,,,True,23.1,29.0,34.9,43.8,45.6,47.8
2635,2760,SGG Climatop Silence 46/42 opbouw 44.2Si-12-4-12-44.2Si,,,,,True,26.0,31.4,35.6,44.3,48.0,49.6
2636,2761,SGG Climatop Silence 56/43 opbouw 86.2Si-12-4-12-66.2Si,,,,,True,32.6,33.1,36.4,44.3,47.6,50.6
2637,2762,HR++ glas (4-15-6),,,,,True,22.0,21.0,29.0,37.0,37.0,37.0
2638,2763,Alusta Thallo met akoestisch ronde kap,,,,,True,42.7,36.3,43.8,43.5,45.9,48.5
2639,2764,Alusta Thallo met standaard buitenkap,,,,,True,46.1,30.4,36.8,42.1,44.7,48.5
2640,2765,Alusta Thallo met geisoleerde pijp 16cm en akoestische ronde kap,,,,,True,38.6,41.2,52.2,55.4,68.4,70.9
2641,2766,Buvalux type HR 23-ZR Zelfregelend,,,,,True,27.6,28.0,23.3,25.5,29.4,0.0
2642,2767,Buvalux type HR 17-ZR Zelfregelend,,,,,True,28.2,27.7,24.7,23.5,32.9,0.0
2643,2768,Buvalux type HR 14-ZR Zelfregelend,,,,,True,28.1,27.8,26.2,24.9,28.6,0.0
2644,2769,Buvalux type HR 14,,,,,True,27.8,28.6,25.8,25.4,29.1,0.0
2645,2770,Alara-Lukagro AL-D 45 (draaideur),,,,,True,32.0,41.0,40.0,42.0,49.0,51.0
2646,2771,Alara-Lukagro AL-D 50 (draaideur),,,,,True,36.0,43.0,47.0,51.0,51.0,51.0
2647,2772,Alara-Lukagro AL-D 52 (draaideur),,,,,True,36.0,46.0,49.0,52.0,54.0,58.0
2648,2773,Alara-Lukagro AL-D 54 (draaideur),,,,,True,41.0,48.0,52.0,55.0,55.0,60.0
2649,2774,Alara-Lukagro AL-D 56 (draaideur),,,,,True,43.0,49.0,52.0,56.0,59.0,63.0
2650,2775,Alara-Lukagro AL-D/D47-B (brandwerende draaideur),,,,,True,22.0,38.0,48.0,51.0,48.0,53.0
2651,2776,Alara-Lukagro AL-D/D54-B (brandwerende draaideur) [1],,,,,True,35.0,44.0,51.0,56.0,58.0,61.0
2652,2777,Alara-Lukagro AL-D/S44 & H44 (hef- en schuifdeur) [1],,,,,True,36.0,43.0,41.0,41.0,48.0,51.0
2653,2778,Alara-Lukagro AL-D/S50 & H50 (hef- en schuifdeur) [1],,,,,True,37.0,41.0,45.0,51.0,55.0,58.0
2654,2779,Alara-Lukagro AL-D/S52 & H52 (hef- en schuifdeur) [1],,,,,True,34.0,43.0,49.0,52.0,61.0,61.0
2655,2780,"Acoustair AGV type 52 (vaste lengte 520 mm, vul 1m in i.v.m. capaciteit) [1]",,,,,True,33.2,32.4,40.4,40.8,43.4,0.0
2656,2781,"Acoustair AGV type 62 (vaste lengte 620 mm, vul 1m in i.v.m. capaciteit) [1]",,,,,True,32.4,31.6,39.6,40.0,42.6,0.0
2657,2782,"Acoustair AGV type 74 (vaste lengte 740 mm, vul 1m in i.v.m. capaciteit) [1]",,,,,True,31.6,30.8,38.8,39.2,41.8,0.0
2658,2783,"Acoustair AGV type 90 (vaste lengte 900 mm, vul 1m in i.v.m. capaciteit) [1]",,,,,True,30.8,30.0,38.0,38.4,41.0,0.0
2659,2784,"Acoustair AGV type 110 (vaste lengte 1100 mm, vul 1m in i.v.m. capaciteit) [1]",,,,,True,29.9,29.1,37.1,37.5,40.1,0.0
2660,2785,"Acoustair AGV type 130 (vaste lengte 1300 mm, vul 1m in i.v.m. capaciteit) [1]",,,,,True,29.2,28.4,36.4,36.8,39.4,0.0
2661,2786,"Acoustair AGV 2000 type 2053C (vaste lengte 530 mm, vul 1m in i.v.m. capaciteit)",,,,,True,33.2,32.4,40.4,40.8,43.4,0.0
2662,2787,"Acoustair AGV 2000 type 2064F (vaste lengte 640 mm, vul 1m in i.v.m. capaciteit)",,,,,True,32.4,31.6,39.6,40.0,42.6,0.0
2663,2788,"Acoustair AGV 2000 type 2076M (vaste lengte 760 mm, vul 1m in i.v.m. capaciteit)",,,,,True,31.6,30.8,38.8,39.2,41.8,0.0
2664,2789,"Acoustair AGV 2000 type 2092P (vaste lengte 920 mm, vul 1m in i.v.m. capaciteit)",,,,,True,30.8,30.0,38.0,38.4,41.0,0.0
2665,2790,"Acoustair AGV 2000 type 2112S (vaste lengte 1120 mm, vul 1m in i.v.m. capaciteit",,,,,True,29.9,29.1,37.1,37.5,40.1,0.0
2666,2791,"Acoustair AGV 2000 type 2132U (vaste lengte 1320 mm, vul 1m in i.v.m. capaciteit",,,,,True,29.2,28.4,36.4,36.8,39.4,0.0
2667,2792,Acoustair Aeropac SN,,,,,True,44.5,39.1,44.2,51.9,53.6,61.1
2668,2793,Duco FixTop 60 (ZR) Corto,,,,,True,28.0,29.2,24.2,22.2,28.1,27.7
2669,2794,Duco FixTop 60 (ZR) Basso,,,,,True,28.9,29.4,24.1,23.3,30.0,29.9
2670,2795,Duco FixTop 60 (ZR) Medio,,,,,True,29.1,29.9,23.1,24.5,27.4,30.2
2671,2796,Duco FixTop 60 (ZR) Alto,,,,,True,29.1,29.8,22.6,26.5,26.2,32.3
2672,2797,Duco FixTop 60 (ZR) Largo,,,,,True,29.7,30.0,22.6,28.3,26.6,31.7
2673,2798,Duco FixTop 60 (ZR) Grando,,,,,True,29.8,30.2,22.9,27.7,27.6,31.1
2674,2799,Duco FixTop 60 (ZR) Jumbo,,,,,True,30.0,30.0,23.0,28.1,27.4,30.4
2675,2800,Duco FixTop 60 (ZR) Corto AK,,,,,True,28.8,29.6,24.7,25.2,27.2,28.1
2676,2801,Duco FixTop 60 (ZR) Basso AK,,,,,True,29.8,29.9,24.9,27.5,29.4,29.6
2677,2802,Duco FixTop 60 (ZR) Medio AK,,,,,True,30.2,30.6,24.9,28.8,31.0,31.0
2678,2803,Duco FixTop 60 (ZR) Alto AK,,,,,True,30.5,30.7,24.8,30.5,32.6,32.7
2679,2804,Duco FixTop 60 (ZR) Largo AK,,,,,True,31.2,31.3,24.9,30.2,35.0,35.0
2680,2805,Duco FixTop 60 (ZR) Grando AK,,,,,True,31.7,31.3,26.3,31.7,38.1,37.1
2681,2806,Duco FixTop 60 (ZR) Jumbo AK,,,,,True,31.7,31.3,25.8,32.6,40.5,38.5
2682,2807,Duco FixTop 60 (ZR) Jumbo AK+,,,,,True,41.1,37.3,36.8,40.2,49.4,62.3
2683,2808,Velux CFP/CVP 0073G dakvenster,,,,,True,26.9,22.9,19.6,38.7,36.5,47.9
2684,2809,Velux CSP 0073Q [1],,,,,True,27.2,22.9,29.1,32.3,38.7,44.2
2685,2810,Renson Multicoust 14 ZR,,,,,True,35.5,28.9,29.5,37.2,41.4,45.9
2686,2811,Renson Multicoust 18 ZR,,,,,True,35.4,28.8,29.6,36.8,40.7,45.4
2687,2812,Renson Multicoust 22 ZR,,,,,True,35.0,28.6,29.3,35.3,37.5,43.0
2688,2813,Aralco VariaCoust 130-20,,,,,True,29.9,27.5,31.9,33.5,33.2,0.0
2689,2814,Aralco VariaCoust 170-10,,,,,True,32.6,34.9,40.6,44.9,42.5,0.0
2690,2815,Aralco VariaCoust 170-15,,,,,True,32.7,32.1,38.4,43.1,41.2,0.0
2691,2816,Aralco VariaCoust 170-20,,,,,True,29.5,28.9,34.4,42.9,41.0,0.0
2692,2817,Aralco VariaCoust 170-25,,,,,True,28.9,28.0,33.0,40.4,39.2,0.0
2693,2818,Aralco VariaCoust 210-10,,,,,True,33.3,36.6,46.5,49.0,47.1,0.0
2694,2819,Aralco VariaCoust 210-15,,,,,True,31.3,31.6,41.2,48.3,47.9,0.0
2695,2820,Aralco VariaCoust 210-20,,,,,True,30.4,31.4,38.0,43.4,43.7,0.0
2696,2821,Aralco VariaCoust 210-25,,,,,True,29.1,28.1,34.5,42.5,42.5,0.0
2697,2822,Aralco VariaCoust 250-10,,,,,True,36.8,38.3,45.2,46.1,47.3,0.0
2698,2823,Aralco VariaCoust 250-15,,,,,True,31.5,34.1,40.7,47.3,51.7,0.0
2699,2824,Aralco VariaCoust 250-20,,,,,True,30.8,31.3,38.9,41.5,43.0,0.0
2700,2825,Aralco VariaCoust 250-25,,,,,True,29.3,27.9,35.9,45.4,47.3,0.0
2701,2826,Aralco VariaCoust 290-10,,,,,True,36.2,38.9,48.8,49.4,48.5,0.0
2702,2827,Aralco VariaCoust 290-15,,,,,True,32.6,36.6,44.1,44.6,48.6,0.0
2703,2828,Aralco VariaCoust 290-20,,,,,True,30.4,34.1,38.8,39.8,43.5,0.0
2704,2829,Aralco VariaCoust 290-25,,,,,True,29.0,31.1,37.7,40.0,41.7,0.0
2705,2830,Aralco VariaCoust 330-10,,,,,True,36.4,41.3,51.3,49.6,48.8,0.0
2706,2831,Sch³co AWS 65 draaikiepraam 'flõchenb³ndig' met middenafdichting [1],,,,,True,24.6,24.0,33.9,35.9,39.2,39.3
2707,2832,Sch³co AWS 65 draaikiepraam midden en binnenafdichting [1],,,,,True,24.2,24.5,34.7,39.8,39.5,39.5
2708,2833,Sch³co AWS 65 draaikiepraam 'flõchenb³ndig' buiten en middenafdichting [1],,,,,True,24.3,23.6,34.2,39.5,39.7,39.1
2709,2834,Alcoa RT 100 enkel schuivend met SGG Climaplus Acoustic 25/34 - L64,,,,,True,24.9,23.3,33.3,38.5,40.1,41.1
2710,2835,Alcoa RT 100 enkel schuivend met SGG Climaplus Acoustic 30/36 LST,,,,,True,25.2,29.6,38.6,41.4,39.3,47.3
2711,2836,Alcoa RT 100 enkel schuivend met SGG Climaplus Silence 30/39 AST,,,,,True,24.7,30.1,39.3,42.1,43.6,48.1
2712,2837,Alcoa RT 100 enkel schuivend met SGG Climaplus Acoustic 33/36 LST,,,,,True,25.5,30.6,38.9,41.6,41.7,49.7
2713,2838,Alcoa RT 100 enkel schuivend met SGG Climaplus Acoustic 37/40 LST,,,,,True,27.7,33.8,40.0,40.3,42.7,49.6
2714,2839,Alcoa RT 100 enkel schuivend met SGG Climaplus Silence 35/44 AST,,,,,True,27.9,34.6,41.8,43.3,46.4,50.7
2715,2840,Alcoa RT 100 enkel schuivend met SGG Climaplus Silence 37/42 AST,,,,,True,28.2,34.2,41.0,42.8,44.5,49.4
2716,2841,Alcoa RT 100 enkel schuivend met SGG Climaplus Silence 36/43 AST,,,,,True,29.3,35.3,41.3,41.9,45.1,49.7
2717,2842,Meta-glas M-View balkonbeglazing 6 mm met middenprofiel [1],,,,,True,16.2,16.1,15.8,19.7,22.5,25.1
2718,2844,Alcoa RT 62 met beglazing WS-M 46/53 SI V,,,,,True,35.0,40.6,43.7,46.3,48.4,52.7
2719,2845,Meta-glas M-View balkonbeglazing 6 mm zonder middenprofiel [1],,,,,True,13.2,13.8,14.1,17.1,19.4,21.9
2720,2846,Meta-glas M-View balkonbeglazing 8 mm met middenprofiel [1],,,,,True,18.0,17.6,16.9,20.3,22.8,26.2
2721,2847,Meta-glas M-View balkonbeglazing 8 mm zonder middenprofiel [1],,,,,True,14.0,14.5,14.8,17.9,20.4,23.1
2722,2848,Meta-glas M-View balkonbeglazing 10 mm met middenprofiel [1],,,,,True,17.7,17.6,16.9,20.6,24.1,26.4
2723,2849,Meta-glas M-View balkonbeglazing 10 mm zonder middenprofiel [1],,,,,True,15.1,15.4,15.5,18.6,21.6,24.0
2724,2850,Meta-glas M-View balkonbeglazing 12 mm met middenprofiel [1],,,,,True,20.0,18.8,17.4,20.0,25.7,27.9
2725,2851,Meta-glas M-View balkonbeglazing 12 mm zonder middenprofiel [1],,,,,True,15.0,15.4,15.2,18.2,22.0,23.6
2726,2852,Meta-glas Total Glas 1A deurpaneel [1],,,,,True,24.7,34.1,34.7,34.5,32.3,30.9
2727,2853,Meta-glas volglazen binnenwanden glas 44-40-55 [1],,44.0,40.0,55.0,True,28.3,33.5,41.7,46.1,47.2,51.9
2728,2854,Meta-glas volglazen binnenwanden glas 55-40-55 [1],,55.0,40.0,55.0,True,29.7,34.2,41.6,46.1,48.0,51.9
2729,2855,Meta-glas volglazen binnenwanden glas 66-40-66 [1],,66.0,40.0,66.0,True,31.5,35.1,41.6,45.3,48.4,52.4
2730,2856,Duco Twin 50 Medio 'ZR' [1],,,,,True,29.0,29.9,28.8,30.2,29.1,29.8
2731,2857,Duco Twin 50 Largo 'ZR' [1],,,,,True,29.7,30.5,24.9,29.3,28.4,29.7
2732,2858,Duco Flat 12 'ZR' [1],,,,,True,27.2,27.3,24.3,25.6,27.3,34.3
2733,2859,Duco Silenzio 280,,,,,True,27.9,29.7,40.2,48.1,57.1,46.5
2734,2860,Duco Twin 120 Corto 'ZR'AK [1],,,,,True,30.2,28.8,30.4,34.4,37.5,47.9
2735,2861,Duco Twin 120 Basso 'ZR' AK [1],,,,,True,29.3,27.0,28.4,36.8,39.4,49.6
2736,2862,Duco Twin 120 Medio 'ZR' AK [1],,,,,True,30.9,28.5,31.8,41.1,46.1,57.1
2737,2863,Duco Twin 120 Alto 'ZR' AK [1],,,,,True,30.5,29.0,33.5,43.2,47.6,58.8
2738,2864,Duco Twin 120 Largo 'ZR' AK [1],,,,,True,31.5,31.1,36.0,46.5,52.8,61.7
2739,2865,Duco Twin 120 Corto 'ZR' [1],,,,,True,29.9,27.9,29.5,33.6,33.0,38.4
2740,2866,Duco Twin 120 Basso 'ZR' [1],,,,,True,29.2,25.7,27.7,36.2,33.4,36.9
2741,2867,Duco Twin 120 Medio 'ZR' [1],,,,,True,29.4,26.0,28.9,35.8,33.1,38.3
2742,2868,Duco Twin 120 Alto 'ZR' [1],,,,,True,29.6,26.2,30.1,38.8,37.7,43.0
2743,2869,Duco Twin 120 Largo 'ZR' [1],,,,,True,30.4,27.5,33.4,40.4,41.6,47.8
2744,2870,Solarlux balkonbeglazing SL 25 met kierdichting tussen de delen [1],,,,,True,17.4,21.6,23.0,24.2,23.5,0.0
2745,2871,Solarlux balkonbeglazing SL 25 zonder kierdichting tussen de delen [1],,,,,True,9.5,12.1,14.4,16.2,17.9,0.0
2746,2872,Solarlux balkonbeglazing SL 25R met kierdichting tussen de delen [1],,,,,True,17.7,21.7,23.5,25.7,25.6,0.0
2747,2873,Solarlux balkonbeglazing SL 25R zonder kierdichting tussen de delen [1],,,,,True,17.5,21.5,22.8,24.6,25.1,0.0
2748,2874,Solarlux vouwwand SL 45 met glas 66.2 [1],,,,,True,27.1,28.2,32.2,35.6,39.4,44.8
2749,2875,Solarlux vouwwand SL 65 met Akustex 27/38/1.2 [1],,,,,True,26.2,24.5,34.9,38.1,38.3,0.0
2750,2876,Solarlux vouwwand SL 66  met Akustex 29/38 [1],,,,,True,23.8,26.1,34.4,38.1,40.4,0.0
2751,2877,Solarlux vouwwand SL 66 met Akustex LL-35/47 [1],,,,,True,24.6,28.8,36.5,43.0,46.0,0.0
2752,2878,Solarlux vouwwand SL 70e met Akustex 31/45/7.5 [1],,,,,True,24.9,31.2,40.7,45.2,43.3,0.0
2753,2879,Solarlux vouwwand SL 70e met Isolar 2.9 [1],,,,,True,22.4,19.9,29.1,35.2,39.2,0.0
2754,2880,Solarlux vouwwand SL 70e met Akustex LL-35/47 [1],,,,,True,27.5,34.3,42.4,46.9,48.5,0.0
2755,2881,Solarlux vouwwand SL 80 met Akustex 29/38 [1],,,,,True,27.4,26.2,35.2,38.5,41.8,0.0
2756,2882,Solarlux vouwwand SL 80 met Akustex LL-35/47 [1],,,,,True,29.5,34.9,40.7,45.7,49.7,0.0
2757,2883,Solarlux voorzetgevel modular met SL 25R zonder kierdichting tussen de delen [1],,,,,True,22.1,24.2,25.2,25.0,26.8,0.0
2758,2884,Solarlux voorzetgevel modular met SL 25R met kierdichting tussen de delen [1],,,,,True,24.5,25.1,26.8,30.0,30.1,0.0
2759,2885,Solarlux voorzetgevel modular met SL 25 zonder kierdichting tussen de delen [1],,,,,True,16.4,16.9,18.6,20.3,22.4,0.0
2760,2886,Solarlux voorzetgevel modular met SL 25 met kierdichting tussen de delen [1],,,,,True,21.1,21.3,22.8,22.0,23.2,0.0
2761,2887,Acoustair Aeromat Intense 130/10,,,,,True,31.6,29.6,32.5,39.9,42.4,40.5
2762,2888,Acoustair Aeromat intense 130/20,,,,,True,29.6,28.9,28.8,34.9,37.3,37.5
2763,2889,Acoustair Aeromat intense 170/10,,,,,True,32.3,30.7,37.6,44.3,47.1,49.8
2764,2890,Acoustair Aeromat Intense  170/15,,,,,True,30.9,28.6,34.3,41.4,44.2,47.2
2765,2891,Acoustair Aeromat Intense 170/20,,,,,True,30.3,27.5,32.2,39.7,42.7,44.0
2766,2892,Acoustair Aeromat Intense 170/25,,,,,True,29.5,26.5,30.1,37.5,40.8,41.0
2767,2893,Acoustair Aeromat Intense  210/10,,,,,True,32.7,31.1,39.9,45.7,51.3,56.4
2768,2894,Acoustair Aeromat Intense 210/15,,,,,True,32.1,31.2,38.1,42.3,47.3,54.4
2769,2895,Acoustair Aeromat Intense 210/20,,,,,True,31.4,28.9,35.5,39.2,47.2,49.9
2770,2896,Acoustair Aeromat Intense 210/25,,,,,True,30.4,26.6,32.7,39.9,44.9,46.3
2771,2897,Acoustair Aeromat Intense 250/10,,,,,True,33.4,34.9,43.2,48.3,53.5,60.2
2772,2898,Acoustair Aeromat Intense 250/15,,,,,True,32.1,31.7,41.1,46.2,51.7,57.7
2773,2899,Acoustair Aeromat Intense 250/20,,,,,True,30.9,31.3,37.2,43.0,49.2,52.9
2774,2900,Acoustair Aeromat Intense 250/25,,,,,True,29.7,27.4,36.0,41.7,46.8,51.8
2775,2901,Acoustair Aeromat Intense  290/10,,,,,True,34.6,37.6,44.8,50.6,55.2,62.6
2776,2902,Acoustair Aeromat Intense 290/15,,,,,True,32.6,33.2,41.1,47.9,53.4,61.3
2777,2903,Acoustair Aeromat Intense 290/20,,,,,True,32.3,32.2,40.8,44.8,51.2,58.3
2778,2904,Acoustair Aeromat Intense 290/25,,,,,True,30.7,29.4,36.4,40.5,45.4,51.2
2779,2905,Duco Reno Top 60 ZR [1],,,,,True,27.1,28.8,26.7,29.0,31.1,0.0
2780,2906,Duco Reno Top 60 ZR AK [1],,,,,True,27.0,28.9,26.8,29.9,36.0,0.0
2781,2907,Duco SkyMax Corto 10 ZR,,,,,True,32.8,33.7,39.5,44.4,40.0,0.0
2782,2908,Duco SkyMax Corto 15 ZR,,,,,True,30.4,30.8,34.6,40.5,40.1,0.0
2783,2909,Duco SkyMax Corto 20 ZR,,,,,True,29.4,28.6,32.1,38.7,38.2,0.0
2784,2910,Duco SkyMax Corto 25 ZR,,,,,True,29.0,28.4,30.5,37.2,39.9,0.0
2785,2911,Duco SkyMax Medio 10 ZR,,,,,True,35.1,35.1,42.5,49.3,43.1,0.0
2786,2912,Duco SkyMax Medio 15 ZR,,,,,True,31.3,33.4,37.2,47.9,45.2,0.0
2787,2913,Duco SkyMax Medio 20 ZR,,,,,True,30.3,30.5,36.5,43.3,39.0,0.0
2788,2914,Duco SkyMax Medio 25 ZR,,,,,True,28.8,28.3,31.6,39.3,41.2,0.0
2789,2915,Duco SkyMax Alto 10 ZR,,,,,True,34.3,37.5,44.1,51.1,48.7,0.0
2790,2916,Duco SkyMax Alto 15 ZR,,,,,True,32.1,34.6,41.2,50.0,47.7,0.0
2791,2917,Duco SkyMax Alto 20 ZR,,,,,True,29.5,31.3,38.0,48.5,42.9,0.0
2792,2918,Duco SkyMax Alto 25 ZR,,,,,True,28.3,28.9,33.9,45.4,40.3,0.0
2793,2919,Duco SkyMax Largo 10 ZR,,,,,True,35.0,40.1,49.6,57.0,52.2,0.0
2794,2920,Duco SkyMax Largo 15 ZR,,,,,True,32.1,36.5,43.2,53.2,40.9,0.0
2795,2921,Duco SkyMax Largo 20 ZR,,,,,True,30.2,34.2,42.4,47.4,41.2,0.0
2796,2922,Duco SkyMax Largo 25 ZR,,,,,True,29.6,31.3,38.3,44.5,39.9,0.0
2797,2923,Duco GlasMax 10 ZR [1],,,,,True,33.7,31.1,28.6,39.2,46.4,54.3
2798,2924,Duco GlasMax 15 ZR [1],,,,,True,32.9,31.0,27.9,36.2,40.5,47.6
2799,2925,Duco GlasMax 20 ZR [1],,,,,True,33.2,31.1,27.9,34.8,38.6,47.7
2800,2926,Duco GlasMax 25 ZR [1],,,,,True,24.7,26.7,24.9,26.8,28.0,0.0
2801,2927,RoofMax ZR [1],,,,,True,35.1,29.3,29.6,35.7,47.7,0.0
2802,2928,Duco FixTop 60 ZR Corto AK+,,,,,True,28.2,27.9,25.8,24.8,31.1,0.0
2803,2929,Duco FixTop 60 ZR  Basso AK+,,,,,True,29.7,29.3,26.2,26.2,33.9,0.0
2804,2930,Duco FixTop 60 ZR Medio AK+,,,,,True,30.1,29.8,27.3,28.9,36.2,0.0
2805,2931,Duco FixTop 60 ZR Alto AK+,,,,,True,30.8,30.7,29.1,32.0,36.9,0.0
2806,2932,Duco FixTop 60 ZR Largo AK+,,,,,True,31.5,30.8,30.3,34.0,36.5,0.0
2807,2933,Duco FixTop 60 ZR Grando AK+,,,,,True,31.8,31.5,31.1,34.9,37.9,0.0
2808,2934,Renson VariaCoust 170-14 ZR [1],,,,,True,38.4,33.5,40.7,45.9,47.5,50.2
2809,2935,Renson VariaCoust 170-18 ZR [1],,,,,True,37.8,30.7,37.6,41.0,41.5,44.2
2810,2936,Renson VariaCoust 170-22 ZR [1],,,,,True,38.2,30.7,36.1,37.0,39.5,44.0
2811,2937,Renson VariaCoust 170-28 ZR [1],,,,,True,37.8,29.4,33.8,35.9,38.6,41.5
2812,2938,Renson VariaCoust 210-14 ZR [1],,,,,True,38.4,35.1,43.0,48.3,50.6,56.3
2813,2939,Renson VariaCoust 210-18 ZR [1],,,,,True,38.3,33.5,40.8,44.7,47.6,53.8
2814,2940,Renson VariaCoust 210-22 ZR [1],,,,,True,39.1,32.9,39.0,43.8,47.2,55.0
2815,2941,Renson VariaCoust 210-28 ZR [1],,,,,True,37.6,29.6,35.0,38.4,42.9,47.4
2816,2942,Renson VariaCoust 250-14 ZR [1],,,,,True,38.0,36.4,45.0,51.5,53.5,64.8
2817,2943,Renson VariaCoust 250-18 ZR [1],,,,,True,37.9,34.8,43.9,48.8,51.6,60.4
2818,2944,Renson VariaCoust 250-22 ZR [1],,,,,True,37.3,32.3,40.3,44.4,49.3,59.4
2819,2945,Renson VariaCoust 250-28 ZR [1],,,,,True,36.9,30.7,38.3,41.9,48.0,56.9
2820,2946,Renson VariaCoust 290-14 ZR [1],,,,,True,37.6,39.0,47.4,54.0,57.4,65.5
2821,2947,Renson VariaCoust 290-18 ZR [1],,,,,True,37.1,37.0,45.9,51.2,55.7,65.5
2822,2948,Renson VariaCoust 290-22 ZR [1],,,,,True,37.6,35.0,44.5,47.4,53.7,64.4
2823,2949,Renson VariaCoust 290-28 ZR [1],,,,,True,36.4,33.2,40.9,44.4,50.8,62.0
2824,2950,Renson VariaCoust 330-14 ZR [1],,,,,True,37.6,41.3,51.9,55.8,59.2,67.4
2825,2951,Duco DoorVent [1],,,,,True,36.6,35.6,30.7,28.5,35.7,47.5
2826,2952,Duco DucoLine 10 'ZR' [1],,,,,True,26.4,28.0,30.0,24.7,29.4,0.0
2827,2953,Duco DucoLine 17 'ZR' [1],,,,,True,24.7,27.4,28.5,24.7,28.3,0.0
2828,2954,Duco DucoLine 23 'ZR' [1],,,,,True,23.9,26.9,28.1,24.5,26.3,0.0
2829,2955,Duco Silenzio 'ZR' [1],,,,,True,27.8,27.5,31.9,46.2,56.8,58.9
2830,2956,Duco Silenzio 'ZR' AK [1],,,,,True,35.5,36.3,42.7,65.4,70.7,71.1
2831,2957,Duco DucoTop 60 'ZR' Corto,,,,,True,29.9,29.0,22.4,24.3,29.8,35.1
2832,2958,Duco DucoTop 60 'ZR' Basso,,,,,True,30.3,28.4,22.9,24.7,27.7,35.1
2833,2959,Duco DucoTop 60 'ZR' Medio,,,,,True,30.5,28.5,23.5,25.7,27.7,34.0
2834,2960,Duco DucoTop 60 'ZR' Alto,,,,,True,30.4,28.1,23.4,26.5,28.5,34.3
2835,2961,Duco DucoTop 60 'ZR' Largo,,,,,True,30.3,28.2,24.0,26.2,28.7,34.1
2836,2962,Duco DucoTop 60 'ZR' Grando,,,,,True,31.2,27.8,24.3,26.7,29.4,33.9
2837,2963,Duco DucoTop 60 'ZR' Corto AK,,,,,True,31.5,29.0,22.4,25.9,34.2,45.5
2838,2964,Duco DucoTop 60 'ZR' Basso AK,,,,,True,32.2,30.0,23.8,27.6,34.9,48.0
2839,2965,Duco DucoTop 60 'ZR' Medio AK,,,,,True,32.4,30.1,24.2,28.9,35.7,51.3
2840,2966,Duco DucoTop 60 'ZR' Alto AK,,,,,True,33.3,30.3,25.5,30.7,38.0,55.3
2841,2967,Duco DucoTop 60 'ZR' Largo AK,,,,,True,33.9,30.3,26.3,31.7,41.1,55.7
2842,2968,Duco DucoTop 60 'ZR' Grando AK,,,,,True,33.8,29.7,26.5,31.6,39.4,50.9
2843,2969,Duco DucoTop 60 'ZR' Corto AK+,,,,,True,33.2,30.8,24.7,27.6,36.3,47.1
2844,2970,Duco DucoTop 60 'ZR' Basso AK+,,,,,True,34.4,31.5,26.3,30.4,40.9,48.7
2845,2971,Duco DucoTop 60 'ZR' Medio AK+,,,,,True,34.7,32.1,28.1,32.8,43.0,51.7
2846,2972,Duco DucoTop 60 'ZR' Alto AK+,,,,,True,35.0,31.7,29.2,33.1,41.9,53.3
2847,2973,Duco DucoTop 60 'ZR' Largo AK+,,,,,True,35.9,32.5,31.1,36.5,47.9,53.8
2848,2974,Duco DucoTop 60 'ZR' Grando AK+,,,,,True,36.8,33.7,32.4,38.8,49.3,53.1
2849,2975,Duco RoofMax 'ZR' [1],,,,,True,35.1,29.0,30.0,35.7,47.7,0.0
2850,2976,Akoestiregel 1x12.5 gipskarton + MD40 + MS75 + 100mm PE + 2x12.5 gipskarton,,,,,True,29.3,44.2,56.1,63.9,61.7,56.5
2851,2977,Akoestiregel 2x12.5 gipskarton + MD40 + MS75 + 100mm PE + 2x12.5 gipskarton,,,,,True,34.9,48.5,59.4,64.9,65.3,58.8
2852,2978,Akoestiregel 3x12.5 gipskarton + MD40 + MS75 + 100mm PE + 2x12.5 gipskarton,,,,,True,38.1,50.5,60.4,65.9,66.5,60.4
2853,2979,Akoestiregel 1x12.5 gipskarton + MD60 + MS75 + 140mm PE + 2x12.5 gipskarton,,,,,True,33.6,46.5,58.4,66.6,64.8,61.6
2854,2980,Akoestiregel 2x12.5 gipskarton + MD60 + MS75 + 140mm PE + 2x12.5 gipskarton,,,,,True,39.6,51.1,61.5,67.1,68.9,64.8
2855,2981,Akoestiregel 3x12.5 gipskarton + MD60 + MS75 + 140mm PE + 2x12.5 gipskarton,,,,,True,43.0,53.0,62.0,68.3,69.5,65.4
2856,2982,Akoestiregel 1x12.5 gipskarton + MD120 + MS75 + 160mm PE + 2x12.5 gipskarton,,,,,True,36.9,48.9,59.4,67.3,67.4,62.9
2857,2983,Akoestiregel 2x12.5 gipskarton + MD120 + MS75 + 160mm PE + 2x12.5 gipskarton,,,,,True,42.5,52.7,62.3,67.7,70.9,65.9
2858,2984,Akoestiregel 3x12.5 gipskarton + MD120 + MS75 + 160mm PE + 2x12.5 gipskarton,,,,,True,45.4,54.1,62.7,68.5,71.0,66.2
2859,2985,Akoestiregel KZS 215 + MD40 + PE wol + 1x12.5 gipsvezelbeplating,,,,,True,39.0,53.4,71.4,78.1,74.1,69.7
2860,2986,Akoestiregel KZS 215 + MD40 + PE wol + 1x12.5 gipskartonplaat,,,,,True,37.9,50.3,69.7,82.3,88.9,88.7
2861,2987,Akoestiregel KZS 215 + MD40 + PE wol + 2x12.5 gipskartonplaat,,,,,True,44.3,56.7,73.9,82.6,90.6,90.0
2862,2988,Akoestiregel KZS 215 + MD40 + PE wol + 3x12.5 gipskartonplaat,,,,,True,48.4,60.0,74.3,82.0,89.4,88.2
2863,2989,Akoestiregel KZS 215 + MD60 + PE wol +1x12.5 gipskartonplaat,,,,,True,41.8,56.6,73.5,86.8,93.3,86.0
2864,2990,Akoestiregel KZS 215 + MD60 + PE wol + 2x12.5 gipskartonplaat,,,,,True,48.9,62.1,76.9,85.8,92.9,84.0
2865,2991,Akoestikon KZS + MD60 + PE wol + 3x12.5 gipskartonplaat,,,,,True,52.9,63.9,77.4,86.1,93.8,88.1
2866,2992,Akoestiregel KZS 215 + MD120 + PE wol + 1x12.5 gipskartonplaat,,,,,True,47.9,61.6,78.0,90.1,99.7,95.4
2867,2993,Akoestiregel KZS 215 + MD120 + PE wol + 2x12.5 gipskartonplaat,,,,,True,54.0,66.1,80.6,89.7,99.9,97.5
2868,2994,Akoestiregel KZS 215 + MD120 + PE wol + 3x12.5 gipskartonplaat,,,,,True,56.6,67.3,81.2,90.8,99.9,99.9
2869,2995,Akoestiregel KZS 215 + MXT120 + steenwol + 1x12.5 gipskartonplaat,,,,,True,50.1,62.4,80.4,90.8,99.9,97.7
2870,2996,Akoestiregel KZS 215 + MXT120 + steenwol + 2x12.5 gipskartonplaat,,,,,True,54.6,65.4,81.5,90.6,99.9,97.7
2871,2997,Akoestikon KZS + MXT120 + 3x12.5 gipskartonplaat,,,,,True,56.4,67.7,82.2,90.6,99.9,99.1
2872,2999,Akoestiregel KZS 215 + MXT120 + steenwol + 3x12.5 gipskartonplaat,,,,,True,56.4,67.7,82.2,90.6,99.9,99.1
2873,3000,Akoestiregel KZS 215 + MXT220 + steenwol + 1x12.5 gipskartonplaat,,,,,True,53.3,64.0,80.3,92.7,99.9,98.8
2874,3001,Akoestiregel KZS 215 + MXT220 + steenwol + 2x12.5 gipskartonplaat,,,,,True,55.7,67.1,80.8,92.4,99.9,99.8
2875,3002,Akoestiregel KZS 215 + MXT220 + steenwol + 3x12.5 gipskartonplaat,,,,,True,57.2,68.2,81.6,92.8,99.9,99.7
2876,3003,Akoestiregel KZS 100 + MD40 + PE wol + 1x12.5 gipskartonplaat,,,,,True,31.1,42.1,59.8,77.1,84.9,85.4
2877,3004,Akoestiregel KZS 100 + MD40 + PE wol + 2x12.5 gipskartonplaat,,,,,True,37.1,48.1,63.9,76.6,86.0,88.2
2878,3005,Akoestiregel KZS 100 + MD40 + PE wol + 3x12.5 gipskartonplaat,,,,,True,41.1,50.7,65.0,77.4,85.7,91.0
2879,3006,Akoestiregel KZS 100 + MD60 + PE wol + 1x12.5 gipskartonplaat,,,,,True,35.0,46.4,63.4,80.7,89.4,91.0
2880,3007,Akoestiregel KZS 100 + MD60 + PE wol + 2x12.5 gipskartonplaat,,,,,True,41.7,52.7,67.4,80.8,91.2,93.7
2881,3008,Akoestiregel KZS 100 + MD60 + PE wol + 3x12.5 gipskartonplaat,,,,,True,43.9,55.2,68.9,81.0,90.5,96.4
2882,3009,Akoestikon KZS 100 + MD 120 + PE wol + 1x12.5 gipskartonplaat,,,,,True,39.1,52.0,68.2,83.6,94.5,93.5
2883,3010,Akoestiregel KZS 100 + MD120 + PE wol + 1x12.5 gipskartonplaat,,,,,True,39.1,52.0,68.2,83.6,94.5,93.5
2884,3011,Akoestiregel KZS 100 + MD120 + PE wol + 2x12.5 gipskartonplaat,,,,,True,45.6,58.7,72.1,82.5,93.6,92.4
2885,3012,Akoestiregel KZS 100 + MD120 + PE wol + 3x12.5gipskartonplaat,,,,,True,48.5,61.5,73.5,84.1,97.0,96.0
2886,3013,Akoestiregel KZS 100 + MXT120 + steenwol + 1x12.5 gipskartonplaat,,,,,True,42.9,54.4,72.5,86.8,99.4,93.0
2887,3014,Akoestiregel KZS 100 + MXT120 + steenwol + 2x12.5 gipskartonplaat,,,,,True,48.3,58.3,74.3,86.0,99.9,97.2
2888,3015,Akoestiregel KZS 100 + MXT120 + steenwol + 3x12.5 gipskartonplaat,,,,,True,50.3,60.5,75.0,86.2,99.9,97.1
2889,3016,Akoestiregel KZS 100 + MXT220 + steenwol + 1x12.5 gipskartonplaat,,,,,True,45.9,54.8,71.4,84.8,99.9,95.7
2890,3017,Akoestiregel KZS 100 + MXT220 + steenwol + 2x12.5 gipskartonplaat,,,,,True,79.6,57.5,72.0,83.3,99.9,97.0
2891,3018,Akoestiregel KZS 100 + MXT220 + steenwol + 3x12.5 gipskartonplaat,,,,,True,51.9,59.7,72.6,83.0,97.2,95.7
2892,3019,Akoestiregel Cellenbeton 100 + MD40 + PE wol + 1x12.5 gipskartonplaat,,,,,True,29.3,36.9,48.0,64.8,74.2,77.7
2893,3020,Akoestiregel Cellenbeton 100 + MD40 + PE wol + 2x12.5 gipskartonplaat,,,,,True,34.4,43.1,53.0,65.5,75.6,82.3
2894,3021,Akoestiregel Cellenbeton 100 + MD40 + PE wol + 3x12.5 gipskartonplaat,,,,,True,37.9,45.6,55.0,66.7,76.7,84.4
2895,3022,Akoestiregel Cellenbeton 100 + MD60 + PE wol + 1x12.5 gipskartonplaat,,,,,True,31.8,42.8,53.3,70.0,80.4,86.3
2896,3023,Akoestiregel Cellenbeton 100 + MD60 + PE wol + 2x12.5 gipskartonplaat,,,,,True,38.5,48.4,57.6,70.1,82.9,90.8
2897,3024,Akoestiregel Cellenbeton 100 + MD60 + PE wol + 3x12.5 gipskartonplaat,,,,,True,41.9,50.6,59.1,70.9,83.6,92.2
2898,3025,Akoestiregel Cellenbeton 100 + MD60 + PE wol + 2x12.5 akoestipanel F12,,,,,True,42.6,52.2,62.0,74.4,85.9,93.5
2899,3026,Akoestiregel Cellenbeton 100 + MD120 + PE wol + 1x12.5 gipskartonplaat,,,,,True,37.8,48.6,58.0,74.4,86.9,89.9
2900,3027,Akoestiregel Cellenbeton 100 + MD120 + PE wol + 2x12.5 gipskartonplaat,,,,,True,45.1,54.7,62.1,74.8,88.8,92.5
2901,3028,Akoestiregel Cellenbeton 100 + MD120 + PE wol + 3x12.5 gipskartonplaat,,,,,True,47.1,56.8,63.5,75.1,90.7,95.5
2902,3029,Akoestiregel Cellenbeton 100 + MXT120 + steenwol + 1x12.5 gipskartonplaat,,,,,True,38.7,49.7,60.8,74.4,88.3,86.3
2903,3030,Akoestiregel Cellenbeton 100 + MXT120 + steenwol + 2x12.5 gipskartonplaat,,,,,True,42.3,52.9,62.7,74.0,92.3,91.8
2904,3031,Akoestiregel Cellenbeton 100 + MXT120 + steenwol + 3x12.5 gipskartonplaat,,,,,True,44.9,55.3,63.3,75.1,93.0,94.5
2905,3032,Akoestiregel Cellenbeton 100 + MXT220 + steenwol + 1x12.5 gipskartonplaat,,,,,True,41.2,50.7,64.2,78.0,97.2,92.7
2906,3033,Akoestiregel Cellenbeton 100 + MXT220 + steenwol + 2x12.5 gipskartonplaat,,,,,True,43.2,53.1,65.1,77.1,98.6,93.5
2907,3034,Akoestiregel Cellenbeton 100 + MXT220 + steenwol + 3x12.5 gipskartonplaat,,,,,True,45.9,55.5,66.0,78.1,99.1,96.8
2908,3035,Akoestiregel KZS 215 + MD60 + PE wol + 3x12.5 gipskartonplaat,,,,,True,52.9,63.9,77.4,86.1,93.8,88.1
2909,3036,Akoestikon Akoestiroof S+,,,,,True,30.4,41.9,50.6,59.1,65.2,69.6
2910,3037,Akoestikon Akoestiroof S+ met gipsplaat,,,,,True,34.8,46.1,54.0,60.5,67.2,63.8
2911,3038,Akoestikon Akoestiroof S+ met gipsplaat en OSB,,,,,True,38.6,45.6,52.4,60.7,67.9,72.6
2912,3039,Maars wand EA 82 scheidingswand,,,,,True,14.8,33.8,43.5,49.3,46.8,0.0
2913,3040,Maars wand EB 82 scheidingswand,,,,,True,18.9,27.4,32.7,36.9,29.5,0.0
2914,3041,Maars wand EA 107 scheidingswand,,,,,True,27.1,41.8,49.9,51.6,49.8,0.0
2915,3042,Alusta Gemini 5/85/3+abs schuifraam,,,,,True,23.8,32.6,41.2,53.9,55.5,55.0
2916,3043,Alusta Gemini 5/100/3 schuifraam,,,,,True,23.3,33.4,41.9,50.9,52.1,52.4
2917,3044,Alusta Gemini 5/100/3+abs schuifraam,,,,,True,24.9,34.8,43.1,53.0,53.9,53.7
2918,3045,Alusta OrionInverse 110,,,,,True,4.5,6.2,15.6,15.8,20.9,0.0
2919,3046,Alusta OrionInverse 150,,,,,True,4.6,5.3,14.7,15.7,19.2,0.0
2920,3047,Alusta OrionInverse 200,,,,,True,5.1,3.8,12.2,12.0,17.7,0.0
2921,3048,Alusta OrionInverse 250,,,,,True,5.1,4.9,11.5,10.4,14.7,0.0
2922,3049,Alusta Gemini 6-140-4 schuifraam,,,,,True,29.8,36.5,42.1,48.0,47.7,0.0
2923,3050,Alusta Gemini 6-160-4 schuifraam,,,,,True,31.2,36.8,42.2,48.3,47.5,0.0
2924,3051,Alusta Gemini 6-160-4RA schuifraam,,,,,True,31.4,37.5,43.8,48.4,48.4,0.0
2925,3052,Alusta Gemini 6-180-4 schuifraam,,,,,True,31.7,37.5,41.9,41.3,46.3,0.0
2926,3053,Alusta Gemini 6-180-4RA schuifraam,,,,,True,32.4,38.7,43.5,48.6,48.5,0.0
2927,3054,Alusta Gemini 6-200-4 schuifraam,,,,,True,34.0,38.0,42.7,48.1,47.4,0.0
2928,3055,Alusta Gemini 6-200-4RA schuifraam,,,,,True,34.4,39.0,44.0,48.8,48.8,0.0
2929,3056,Maars wand EA 82 scheidingswand,,,,,True,14.8,33.8,43.5,49.3,46.8,0.0
2930,3057,Maars wand EB 82 scheidingswand,,,,,True,18.9,27.4,32.7,36.9,29.5,0.0
2931,3058,Maars wand EA 107 scheidingswand,,,,,True,27.1,41.8,49.9,51.6,49.8,0.0
2932,3059,Alusta Gemini 5/85/3+abs schuifraam,,,,,True,23.8,32.6,41.2,53.9,55.5,55.0
2933,3060,Alusta Gemini 5/100/3 schuifraam,,,,,True,23.3,33.4,41.9,50.9,52.1,52.4
2934,3061,TNO-TPD: Enkelglas (2 mm),,,,,True,24.9,34.8,43.1,53.0,53.9,53.7
2935,3062,Alusta OrionInverse 110,,,,,True,4.5,6.2,15.6,15.8,20.9,0.0
2936,3063,Alusta OrionInverse 150,,,,,True,4.6,5.3,14.7,15.7,19.2,0.0
2937,3064,Alusta OrionInverse 200,,,,,True,5.1,3.8,12.2,12.0,17.7,0.0
2938,3065,Alusta OrionInverse 250,,,,,True,5.1,4.9,11.5,10.4,14.7,0.0
2939,3066,Alusta Gemini 6-140-4 schuifraam,,,,,True,29.8,36.5,42.1,48.0,47.7,0.0
2940,3067,Alusta Gemini 6-160-4 schuifraam,,,,,True,31.2,36.8,42.2,48.3,47.5,0.0
2941,3068,Alusta Gemini 6-160-4RA schuifraam,,,,,True,31.4,37.5,43.8,48.4,48.4,0.0
2942,3069,Alusta Gemini 6-180-4 schuifraam,,,,,True,31.7,37.5,41.9,47.3,46.3,0.0
2943,3070,Alusta Gemini 6-180-4RA schuifraam,,,,,True,32.4,38.7,43.5,48.6,48.5,0.0
2944,3071,Alusta Gemini 6-200-4 schuifraam,,,,,True,34.0,38.0,42.7,48.1,47.4,0.0
2945,3072,Alusta Gemini 6-200-4RA schuifraam,,,,,True,34.4,39.0,44.0,48.8,48.8,0.0
2946,3073,Interlux PLO-M10,,,,,True,23.8,39.2,50.7,51.8,45.5,56.2
2947,3074,Interlux PL-M10 G,,,,,True,28.2,43.3,53.0,53.5,56.2,59.5
2948,3075,Interlux PS-10,,,,,True,28.8,41.0,51.3,52.0,56.5,59.9
2949,3076,Interwand 10mm gehard glas [1],,,,,True,26.3,27.9,31.8,26.9,29.9,39.8
2950,3077,Interwand akoestisch gelaagd glas 5.5.A2 [1],,,,,True,26.5,28.2,31.8,32.9,34.4,46.1
2951,3078,Interwand 12mm gehard glas [1],,,,,True,28.1,29.9,33.2,26.3,34.2,41.8
2952,3079,Interwand akoestisch gelaagd glas 6.6.A2 [1],,,,,True,28.2,30.1,32.9,32.5,38.8,48.0
2953,3080,Interselect 100 [1],,,,,True,20.0,33.7,45.1,53.0,47.9,43.0
2954,3081,Interselect 100 G [1],,,,,True,28.4,40.1,48.6,57.8,54.9,50.1
2955,3082,Interline SO [1],,,,,True,32.3,43.2,50.1,49.4,47.3,55.5
2956,3083,Interline MO [1],,,,,True,25.4,37.8,46.3,49.1,41.3,50.6
2957,3084,Interline MO G [1],,,,,True,30.0,40.6,48.4,52.6,51.4,58.6
2958,3085,Intersmart steenwol los,,,,,True,17.7,32.0,43.7,50.5,52.3,56.0
2959,3086,Interwand Line; 6 mm Vetroflam + 6 mm 3.3.1. blank gelaagd glas [1],,,,,True,20.9,31.9,38.8,47.1,45.8,50.4
2960,3087,Interwand Line; 2 x 3.3.1. blank gelaagd glas [1],,,,,True,15.6,29.2,36.0,45.8,38.7,48.5
2961,3088,Interwand Line; 3.3.1. mm blank gelaagd glas + 6 mm 3.3.A.1. blank (akoestisch),,,,,True,28.4,35.5,39.8,50.3,55.9,56.9
2962,3089,Interglas Variant 6: AG-06 [1],,,,,True,25.5,32.2,38.5,47.2,48.3,46.4
2963,3090,Interglas Variant 1: AG-01 [1],,,,,True,16.6,23.4,29.3,36.6,41.3,29.8
2964,3091,Interglas Variant 2: AG-02 [1],,,,,True,21.0,26.4,30.9,39.0,38.2,36.2
2965,3092,Interglas Variant 5: AG-05 [1],,,,,True,22.0,32.3,37.3,41.5,33.9,42.0
2966,3093,Interwand glasdeur gelaagd glas 55.3 zonder valdorpel [1],,,,,True,15.7,18.0,19.6,21.7,22.7,22.4
2967,3094,Interwand schuifdeur met glas 44A1 [1],,,,,True,24.0,26.3,25.6,26.2,30.4,32.5
2968,3095,Interwand Reinaerdt deur VS 33dB [1],,,,,True,21.5,24.7,28.0,25.9,28.3,27.6
2969,3096,Interwand glasdeur 10mm met valdorpel [1],,,,,True,23.9,28.2,31.0,28.2,28.4,31.1
2970,3097,Interwand Reinaerdt deur 3FA [1],,,,,True,22.6,25.8,31.0,34.1,28.0,32.6
2971,3098,Interwand stalen deur [1],,,,,True,16.1,19.4,21.4,20.1,20.3,27.6
2972,3099,Interwand Reinaerdt deur 2R 42dB [1],,,,,True,16.2,23.7,26.7,28.8,28.5,24.5
2973,3100,Interwand glasdeur Variant 10,,,,,True,20.2,25.6,25.4,29.2,27.1,33.2
2974,3101,Interwand houten deur 55mm met valdorpel [1],,,,,True,24.0,27.2,26.7,27.4,30.5,32.8
2975,3102,Interwand stalen deur met valdorpel [1],,,,,True,20.0,24.3,27.6,29.3,29.7,31.8
2976,3103,Interwand glasdeur 3.3.1 met valdorpel [1],,,,,True,23.0,26.2,30.3,29.2,27.4,31.6
2977,3104,"Interwand glasdeur 3.3.A1, met valdorpel [1]",,,,,True,23.2,26.4,30.6,29.7,29.0,32.5
2978,3105,Interwand deur Variant 4 met 2x valdorpel,,,,,True,27.1,29.3,32.7,37.3,35.9,39.4
2979,3106,Interwand houten deur 55mm zonder valdorpel [1],,,,,True,20.8,23.5,24.4,24.9,26.5,24.0
2980,3107,"Interwand glasdeur 3.3.1, zonder valdorpel [1]",,,,,True,19.8,22.9,26.1,26.5,25.2,23.7
2981,3108,"Interwand Reinaerdt kanaalspaan, zonder valdorpel [1]",,,,,True,18.7,21.4,23.7,22.2,23.4,22.2
2982,3109,Interwand deur Variant 2 met 2x valdorpel,,,,,True,27.0,29.8,33.6,37.6,37.8,40.1
2983,3110,Interwand Reinaerdt kanaalspaan met valdorpel [1],,,,,True,22.3,25.2,27.7,23.9,25.0,28.5
2984,3111,Interwand schuifdeur met glas 33.A.1 [1],,,,,True,21.0,22.5,21.5,20.7,27.4,29.6
2985,3112,"Interwand houten deur, stalen kozijn, 3 dubbele kierdichting met valdorpel [1]",,,,,True,19.1,19.3,30.1,32.4,35.2,37.2
2986,3113,Interwand Reinaerdt 2R 42dB met valdorpel [1],,,,,True,17.6,26.7,35.2,36.2,35.1,38.5
2987,3114,Interwand Reinaerdt VS 33dB met valdorpel [1],,,,,True,23.3,27.5,30.9,27.5,30.3,34.7
2988,3115,Interwand glasdeur variant 2A gelaagd glas [1],,,,,True,24.5,27.6,30.3,35.7,34.3,34.8
2989,3116,Interwand Reinaerdt 3FA 38dB met valdorpel [1],,,,,True,23.1,26.3,33.0,35.8,34.6,35.8
2990,3117,Interwand DK 65mm glasdeur,,,,,True,18.9,24.8,25.9,29.1,27.6,34.0
2991,3118,"Interwand glasdeur 3.3.A1, zonder valdorpel [1]",,,,,True,20.7,23.4,27.0,27.4,26.9,25.1
2992,3119,"Interwand DK 65mm glasdeur 33.A2, kier van 5 mm onder deur",,,,,True,16.8,20.5,22.1,21.1,23.3,30.2
2993,3120,Interwand DK 65mm variant 9: Glas 33.A2 met valdorpel,,,,,True,21.0,25.4,25.3,29.1,27.2,33.4
2994,3121,Interwand DK 65mm variant 10: Glas 33.A2 met valdorpel,,,,,True,20.2,25.6,25.4,29.2,27.1,33.2
2995,3122,Unidek Kolibri zonder verlaagd plafond [1],,,,,True,14.4,17.2,23.2,22.3,38.9,0.0
2996,3123,Unidek Kolibri met verlaagd plafond [1],,,,,True,18.2,27.1,39.6,42.5,46.4,0.0
2997,3124,Unidek Kolibri R met verlaagd plafond [1],,,,,True,18.5,26.0,38.5,45.2,53.0,0.0
2998,3125,Unidek Condor 2.5,,,,,True,18.3,17.0,26.7,32.2,46.1,0.0
2999,3126,Unidek Condor 2.5L,,,,,True,11.1,16.7,26.2,29.9,44.0,0.0
3000,3127,Unidek Kolibrie DLG [1],,,,,True,17.7,23.3,32.5,31.6,39.9,0.0
3001,3128,Unidek Kolibrie DLGB,,,,,True,18.2,22.5,31.8,31.5,39.3,0.0
3002,3129,"Unidek Kolibrie LGR, riet op dakelement",,,,,True,21.0,23.0,25.0,31.0,37.0,0.0
3003,3130,"Unidek Kolibrie LGR, riet op rietlatten",,,,,True,15.0,20.0,28.0,31.0,37.0,0.0
3004,3131,Buva SusStream Kosma 11-ZR [1],,,,,True,39.2,42.9,55.6,65.6,63.1,0.0
3005,3132,Buva SusStream Kosma 15-ZR [1],,,,,True,38.0,38.3,49.8,63.7,58.0,0.0
3006,3133,Buva SusStream Kosma 21-ZR [1],,,,,True,37.2,35.3,43.1,57.6,53.9,0.0
3007,3134,Buva SusStream Kosma 26-ZR [1],,,,,True,36.4,32.0,38.1,54.8,50.6,0.0
3008,3135,"Innosource Innoventus G2, 100 F",,,,,True,40.5,43.7,53.2,51.0,60.0,65.3
3009,3136,"Innosource Innoventus F6, 100 F",,,,,True,40.0,43.7,54.4,51.8,61.1,66.6
3010,3137,"Innosource Innoventus G2, 120 F",,,,,True,38.3,39.5,48.6,49.2,57.0,64.3
3011,3138,"Innosource Innoventus F6, 120 F",,,,,True,37.4,40.0,50.7,51.0,58.4,67.0
3012,3139,"Innosource Innoventus G2, 125-100 M",,,,,True,40.1,43.5,54.0,55.4,64.7,69.5
3013,3140,"Innosource Sonair F+, F6 100 F",,,,,True,40.1,45.7,56.3,53.8,55.4,60.9
3014,3141,"Innosource Sonair A+, F6 100 F",,,,,True,40.4,44.8,52.5,50.2,51.8,56.9
3015,3142,Ventilatie RMG2012,,,,,True,0.0,0.0,0.0,0.0,0.0,0.0
3016,3144,Alusta Bingo Cybele ABC 16,,,,,True,31.6,30.7,29.2,34.7,29.2,0.0
3017,3145,Alusta Cadet Extra 250 HVH 25,,,,,True,33.6,32.4,35.9,36.9,43.3,44.1
3018,3146,Alusta Cadet Super 250 HVH 25,,,,,True,32.5,33.1,37.3,38.3,45.8,47.2
3019,3147,Alusta Virgo Alumien 100 ZR,,,,,True,35.3,38.8,42.1,37.5,39.4,0.0
3020,3148,Alusta Virgo Alumien 150 ZR,,,,,True,34.6,35.9,38.3,33.6,36.6,0.0
3021,3149,Alusta Virgo Alumien 200 ZR,,,,,True,31.8,33.3,36.1,32.1,33.6,0.0
3022,3150,Alusta Virgo Alumien 250 ZR,,,,,True,30.8,31.7,33.3,30.2,32.9,0.0
3023,3151,Alusta Virgo Belinda 100 ZR,,,,,True,35.6,36.9,44.1,49.2,45.6,0.0
3024,3152,Alusta Virgo Belinda 150 ZR,,,,,True,33.9,33.3,38.3,43.5,41.4,0.0
3025,3153,Alusta Virgo Belinda 200 ZR,,,,,True,33.3,32.2,35.3,40.6,39.1,0.0
3026,3154,Alusta Virgo Belinda 250 ZR,,,,,True,31.3,29.9,32.0,36.8,35.3,0.0
3027,3155,Alusta Virgo Claudia 100 ZR,,,,,True,34.7,35.9,41.3,44.5,44.2,0.0
3028,3156,Alusta Virgo Claudia 150 ZR,,,,,True,34.7,35.9,41.3,44.5,44.2,0.0
3029,3157,Alusta Virgo Claudia 200 ZR,,,,,True,32.3,31.3,36.9,43.3,42.3,0.0
3030,3158,Alusta Virgo Claudia 250 ZR,,,,,True,31.3,29.4,34.2,40.3,39.5,0.0
3031,3159,Alusta Virgo Desiree 100 ZR,,,,,True,37.3,40.9,49.7,48.4,47.3,0.0
3032,3160,Alusta Virgo Desiree 150 ZR,,,,,True,34.6,35.5,43.7,45.2,44.0,0.0
3033,3161,Alusta Virgo Desiree 200 ZR,,,,,True,33.6,34.5,40.2,41.9,41.1,0.0
3034,3162,Alusta Virgo Desiree 250 ZR,,,,,True,32.4,30.3,36.5,44.0,44.4,0.0
3035,3163,Alusta Virgo Maxime 100 ZR,,,,,True,39.0,40.9,52.9,59.8,52.9,0.0
3036,3164,Alusta Virgo Maxime 150 ZR,,,,,True,37.4,36.6,46.6,56.0,51.7,0.0
3037,3165,Alusta Virgo Maxime 200 ZR,,,,,True,35.5,34.2,43.0,48.4,44.5,0.0
3038,3166,Alusta Virgo Maxime 250 ZR,,,,,True,35.3,32.4,38.8,43.3,41.9,0.0
3039,3167,Alusta Thallo ASV 120,,,,,True,44.6,32.2,39.0,50.3,49.1,54.8
3040,3168,Alusta Thallo ASV 200,,,,,True,43.1,39.8,45.9,53.0,55.1,61.5
3041,3169,Alusta Thallo D100,,,,,True,47.4,33.4,37.8,44.7,47.9,51.5
3042,3170,Alusta Thallo D160,,,,,True,41.9,37.1,46.1,63.6,72.9,69.3
3043,3171,Alusta Vent-O-Sun Screen/Valarm,,,,,True,32.5,28.2,26.7,28.1,30.3,32.5
3044,3172,Alusta Vent-O-Sun Screen/Valarm Ak40,,,,,True,34.8,28.9,33.7,30.8,32.8,36.9
3045,3173,Alusta Vent-O-Sun Screen/Valarm Ak80,,,,,True,35.1,28.5,33.7,31.9,36.9,43.0
3046,3174,Alusta Vent-O-Sun Screen/Valarm Ak120,,,,,True,35.3,35.6,33.0,33.3,39.3,45.7
3047,3176,Velux GGL 0060 dakvenster,,,,,True,31.1,34.1,39.1,43.5,45.5,0.0
3048,3177,Velux GGL 0062 dakvenster [1],,,,,True,31.1,38.8,43.1,48.4,50.3,55.8
3049,3178,Velux GGL 0066 dakvenster [1],,,,,True,28.4,33.6,39.3,43.8,44.2,48.2
3050,3179,Velux GGL 0070 dakvenster [1],,,,,True,29.5,30.7,36.1,41.6,43.6,49.3
3051,3180,Duco DucoMax Corto 10 'ZR',,,,,True,31.5,31.6,40.6,45.9,40.4,41.5
3052,3181,Duco DucoMax Corto 15 'ZR',,,,,True,29.2,28.9,35.0,40.1,37.9,39.6
3053,3182,Duco DucoMax Corto 20 'ZR',,,,,True,28.6,27.9,32.7,38.5,36.8,37.4
3054,3183,Duco DucoMax Corto 25 'ZR',,,,,True,28.0,27.3,31.8,37.0,35.2,37.2
3055,3184,Duco DucoMax Medio 10 'ZR',,,,,True,32.5,31.2,42.8,48.5,45.9,50.8
3056,3185,Duco DucoMax Medio 15 'ZR',,,,,True,30.7,28.4,37.2,42.6,43.3,48.6
3057,3186,Duco DucoMax Medio 20 'ZR',,,,,True,29.1,26.8,35.6,40.8,41.6,44.9
3058,3187,Duco DucoMax Medio 25 'ZR',,,,,True,28.6,26.2,33.7,38.6,39.8,44.1
3059,3188,Duco DucoMax Alto 10 'ZR',,,,,True,32.4,30.7,44.8,52.3,50.2,61.6
3060,3189,Duco DucoMax Alto 15 'ZR',,,,,True,30.7,28.6,39.1,45.9,47.1,58.6
3061,3190,Duco DucoMax Alto 20 'ZR',,,,,True,30.2,27.2,36.7,43.5,44.5,54.4
3062,3191,Duco DucoMax Alto 25 'ZR',,,,,True,29.7,26.2,35.1,41.0,42.1,52.0
3063,3192,Duco DucoMax Largo 10 'ZR',,,,,True,34.8,36.2,45.5,54.4,56.1,70.6
3064,3193,Duco DucoMax Largo 15 'ZR',,,,,True,32.2,31.5,39.0,45.6,48.6,61.8
3065,3194,Duco DucoMax Largo 20 'ZR',,,,,True,30.9,28.6,36.3,44.0,45.0,55.6
3066,3195,Duco DucoMax Largo 25 'ZR',,,,,True,30.8,28.1,34.0,39.3,41.9,52.6
3067,3196,Duco DucoMax Corto 10 'ZR' HD,,,,,True,31.5,31.6,40.6,45.9,40.4,41.5
3068,3197,Duco DucoMax Corto 15 'ZR' HD,,,,,True,29.2,28.9,35.0,40.1,37.9,39.6
3069,3198,Duco DucoMax Corto 20 'ZR' HD,,,,,True,28.6,27.9,32.7,38.5,36.8,37.4
3070,3199,Duco DucoMax Corto 25 'ZR' HD,,,,,True,28.0,27.3,31.8,37.0,35.2,37.2
3071,3200,Duco DucoMax Medio 10 'ZR' HD,,,,,True,32.5,31.2,42.8,48.5,45.9,50.8
3072,3201,Duco DucoMax Medio 15 'ZR' HD,,,,,True,30.7,28.4,37.2,42.6,43.3,48.6
3073,3202,Duco DucoMax Medio 20 'ZR' HD,,,,,True,29.1,26.8,35.6,40.8,41.6,44.9
3074,3203,Duco DucoMax Medio 25 'ZR' HD,,,,,True,28.6,26.2,33.7,38.6,39.8,44.1
3075,3204,Duco DucoMax Alto 10 'ZR' HD,,,,,True,32.4,30.7,44.8,52.3,50.2,61.6
3076,3205,Duco DucoMax Alto 15 'ZR' HD,,,,,True,30.7,28.6,39.1,45.9,47.1,58.6
3077,3206,Duco DucoMax Alto 20 'ZR' HD,,,,,True,30.2,27.2,36.7,43.5,44.5,54.4
3078,3207,Duco DucoMax Alto 25 'ZR' HD,,,,,True,29.7,26.2,35.1,41.0,42.1,52.0
3079,3208,Duco DucoMax Largo 10 'ZR' HD,,,,,True,34.8,36.2,45.5,54.4,56.1,70.6
3080,3209,Duco DucoMax Largo 15 'ZR' HD,,,,,True,32.2,31.5,39.0,45.6,48.6,61.8
3081,3210,Duco DucoMax Largo 20 'ZR' HD,,,,,True,30.9,28.6,36.3,44.0,45.0,55.6
3082,3211,Duco DucoMax Largo 25 'ZR' HD,,,,,True,30.8,28.1,34.0,39.3,41.9,52.6
3083,3212,Duco SkyMax Corto 10 ZR,,,,,True,31.5,31.6,40.6,45.9,40.4,41.5
3084,3213,Duco SkyMax Corto 15 ZR,,,,,True,29.2,28.9,35.0,40.1,37.9,39.6
3085,3214,Duco SkyMax Corto 20 ZR,,,,,True,28.6,27.9,32.7,38.5,36.8,37.4
3086,3215,Duco SkyMax Corto 25 ZR,,,,,True,28.0,27.3,31.8,37.0,35.2,37.2
3087,3216,Duco SkyMax Medio 10 ZR,,,,,True,32.5,31.2,42.8,48.5,45.9,50.8
3088,3217,Duco SkyMax Medio 15 ZR,,,,,True,30.7,28.4,37.2,42.6,43.3,48.6
3089,3218,Duco SkyMax Medio 20 ZR,,,,,True,29.1,26.8,35.6,40.8,41.6,44.9
3090,3219,Duco SkyMax Medio 25 ZR,,,,,True,28.6,26.2,33.7,38.6,39.8,44.1
3091,3220,Duco SkyMax Alto 10 ZR,,,,,True,32.4,30.7,44.8,52.3,50.2,61.6
3092,3221,Duco SkyMax Alto 15 ZR,,,,,True,30.7,28.6,39.1,45.9,47.1,58.6
3093,3222,Duco SkyMax Alto 20 ZR,,,,,True,30.2,27.2,36.7,43.5,44.5,54.4
3094,3223,Duco SkyMax Alto 25 ZR,,,,,True,29.7,26.2,35.1,41.0,42.1,52.0
3095,3224,Duco SkyMax Largo 10 ZR,,,,,True,34.8,36.2,45.5,54.4,56.1,70.6
3096,3225,Duco SkyMax Largo 15 ZR,,,,,True,32.2,31.5,39.0,45.6,48.6,61.8
3097,3226,Duco SkyMax Largo 20 ZR,,,,,True,30.9,28.6,36.3,44.0,45.0,55.6
3098,3227,Duco SkyMax Largo 25 ZR,,,,,True,30.8,28.1,34.0,39.3,41.9,52.6
3099,3228,"Innoventus G2, 100F [1]",,,,,True,40.5,43.7,53.2,51.0,60.0,65.3
3100,3229,"Innoventus G2, 120F [1]",,,,,True,38.3,39.5,48.6,49.2,57.0,64.3
3101,3230,"Sonair F+, G2 [1]",,,,,True,40.0,44.7,53.9,53.7,61.8,61.8
3102,3231,"Sonair F+, F6 [1]",,,,,True,40.1,45.7,56.3,53.8,55.4,60.9
3103,3232,"Sonair A+, G2 [1]",,,,,True,40.4,44.1,51.0,50.0,54.6,57.0
3104,3233,"Sonair A+, F6 [1]",,,,,True,40.4,44.8,52.5,50.2,51.8,56.9
3105,3234,Merford deur MN 56 geluidisolerend,,,,,True,41.0,45.0,49.0,56.0,57.0,56.0
3106,3235,Merford houten deur MH37 [1],,,,,True,26.2,37.0,39.3,37.4,36.1,43.0
3107,3236,Merford houten deur MH 42,,,,,True,29.9,31.8,39.7,46.0,45.4,45.5
3108,3237,Merford houten deur MH45,,,,,True,25.7,38.6,42.6,46.4,45.5,47.3
3109,3238,Merford houten deur MH47,,,,,True,28.1,38.6,44.9,49.7,46.8,50.0
3110,3239,Renson Invisivent NL AK basic [1],,,,,True,36.5,34.8,31.5,32.5,36.8,47.3
3111,3240,Renson Invisivent NL AK High [1],,,,,True,39.8,36.9,34.9,37.1,43.6,65.0
3112,3241,Duco DucoMax Corto 'ZR' 5 Pa,,,,,True,28.0,27.3,31.8,37.0,35.2,37.2
3113,3242,Duco GlasMax 'ZR' 5 Pa [1],,,,,True,24.7,26.7,24.9,26.8,28.0,0.0
3114,3243,Duco MiniMax 'ZR' 5 Pa [1],,,,,True,23.8,22.9,29.8,34.9,35.7,37.0
3115,3244,Duco FireMax EW 30 / 20 'ZR' [1],,,,,True,33.2,31.1,27.9,34.8,38.6,47.7
3116,3245,Duco FireMax EW 30 / 25 'ZR' [1],,,,,True,24.7,26.7,24.9,26.8,28.0,0.0
3117,3246,Duco DucoMax Medio 'ZR' 5 Pa,,,,,True,28.6,26.2,33.7,38.6,39.8,44.1
3118,3247,Duco DucoMax Alto 'ZR' 5 Pa,,,,,True,29.7,26.2,35.1,41.0,42.1,52.0
3119,3248,Duco DucoMax Largo 'ZR' 5 Pa,,,,,True,30.8,28.1,34.0,39.3,41.9,52.6
3120,3249,Duco DucoTwin 120 Corto 'ZR' 5 Pa [1],,,,,True,29.9,27.9,29.5,33.6,33.0,38.4
3121,3250,Duco DucoTwin 120 Basso 'ZR' 5 Pa [1],,,,,True,29.2,25.7,27.7,36.2,33.4,36.9
3122,3251,Duco DucoTwin 120 Medio 'ZR' 5 Pa [1],,,,,True,29.4,26.0,28.9,35.8,33.1,38.3
3123,3252,Duco DucoTwin 120 Alto 'ZR' 5 Pa [1],,,,,True,29.6,26.2,30.1,38.8,37.7,43.0
3124,3253,Duco DucoTwin 120 Largo 'ZR' 5 Pa [1],,,,,True,30.4,27.5,33.4,40.4,41.6,47.8
3125,3254,Duco DucoTwin 120 Corto 'ZR' AK 5 Pa [1],,,,,True,30.2,28.8,30.4,34.4,37.5,47.9
3126,3255,Duco DucoTwin 120 Basso 'ZR' AK 5 Pa [1],,,,,True,29.3,27.0,28.4,36.8,39.4,49.6
3127,3256,Duco DucoTwin 120 Medio 'ZR' AK 5 Pa [1],,,,,True,30.9,28.5,31.8,41.1,46.1,57.1
3128,3257,Duco DucoTwin 120 Alto 'ZR' AK 5 Pa [1],,,,,True,30.5,29.0,33.5,43.2,47.6,58.8
3129,3258,Duco DucoTwin 120 Largo 'ZR' AK 5 Pa [1],,,,,True,31.5,31.1,36.0,46.5,52.8,61.7
3130,3259,Duco Silenzio Retro 'ZR',,,,,True,37.4,33.7,40.8,42.3,44.7,54.1
3131,3260,Renson type AR75 L,,,,,True,31.9,30.9,27.4,22.4,28.8,35.4
3132,3261,Renson type AR75 M,,,,,True,32.5,31.4,28.0,22.3,29.2,36.1
3133,3262,Renson type AR75 S,,,,,True,32.5,30.6,28.2,22.7,29.2,36.2
3134,3263,Renson type AR75 XL,,,,,True,32.7,32.0,28.3,22.5,29.4,35.9
3135,3264,Renson type AR90 [1],,,,,True,28.9,29.2,29.0,25.5,33.2,35.4
3136,3265,Renson type Invisivent EVO,,,,,True,30.8,28.6,27.8,24.8,27.2,32.2
3137,3266,Renson type Invisivent Evo AK Basic [1],,,,,True,36.5,34.8,31.5,32.5,36.8,47.3
3138,3267,Renson type Invisivent Evo AK Extreme,,,,,True,42.0,41.6,45.6,49.6,55.1,65.1
3139,3268,Renson type Invisivent Evo AK High [1],,,,,True,39.8,36.9,34.9,37.1,43.6,65.0
3140,3269,Renson type Invisivent Evo AK High HR,,,,,True,39.7,37.9,35.9,37.4,50.0,66.0
3141,3270,Renson type Invisivent Evo AK Ultra,,,,,True,49.3,41.9,36.3,43.7,55.8,61.9
3142,3271,Renson type Invisivent Evo AK Ultra HR,,,,,True,48.3,41.9,36.3,43.7,55.8,61.9
3143,3272,Renson type Invisivent Evo Highflow,,,,,True,31.4,31.0,28.3,24.2,31.7,33.5
3144,3273,Renson type Invisivent Evo AK Basic - Hoogbouw,,,,,True,36.1,35.0,31.7,32.6,39.0,47.9
3145,3274,Renson type Invisivent Evo Utility,,,,,True,39.7,37.9,35.9,37.4,49.6,65.9
3146,3275,Renson type Invisivent+ AK(R)33,,,,,True,34.0,32.3,27.5,34.2,38.3,43.5
3147,3276,Renson type Oxyvent exhaust [1],,,,,True,29.3,25.0,20.5,25.6,36.7,37.1
3148,3277,Renson type Sonoslot Max - with sound absorbing baffle [1],,,,,True,46.6,37.9,34.4,38.2,43.3,46.2
3149,3278,Renson type Sonoslot Type 1 275 mm [1],,,,,True,40.5,42.8,40.5,35.7,39.5,41.6
3150,3279,Renson type Sonoslot Type 1 375 mm [1],,,,,True,42.0,40.5,39.1,34.7,38.2,39.8
3151,3280,Renson type Sonoslot Type 1 475 mm [1],,,,,True,43.6,38.9,38.0,34.0,36.6,38.2
3152,3281,Renson type Sonoslot Type 1 700 mm [1],,,,,True,41.7,37.1,36.3,32.5,34.9,36.3
3153,3282,Renson type THM90 EVO [1],,,,,True,25.0,25.6,24.7,26.5,26.9,28.4
3154,3283,Acoustair AGV K ventilatiekap vast,,,,,True,39.6,35.0,42.8,44.3,46.6,53.4
3155,3284,Acoustair AGV K zelfregelende kap,,,,,True,37.5,32.8,42.0,40.9,47.3,55.8
3156,3287,Alcoa AA 4110 enkel schuivend met SGG Climaplus Acoustic 25/34 - L64,,,,,True,24.9,23.3,33.3,38.5,40.1,41.1
3157,3288,Alcoa AA 4110 enkel schuivend met SGG Climaplus Acoustic 30/36 LST,,,,,True,25.2,29.6,38.6,41.4,39.3,47.3
3158,3289,Alcoa AA 4110 enkel schuivend met SGG Climaplus Silence 30/39 AST,,,,,True,24.7,30.1,39.3,42.1,43.6,48.1
3159,3290,Alcoa AA 4110 enkel schuivend met SGG Climaplus Acoustic 33/36 LST,,,,,True,25.5,30.6,38.9,41.6,41.7,49.7
3160,3291,Alcoa AA 4110 enkel schuivend met SGG Climaplus Acoustic 37/40 LST,,,,,True,27.7,33.8,40.0,40.3,42.7,49.6
3161,3292,Alcoa AA 4110 enkel schuivend met SGG Climaplus Silence 35/44 AST,,,,,True,27.9,34.6,41.8,43.3,46.4,50.7
3162,3293,Alcoa AA 4110 enkel schuivend met SGG Climaplus Silence 37/42 AST,,,,,True,28.2,34.2,41.0,42.8,44.5,49.4
3163,3294,Alcoa AA 4110 enkel schuivend met SGG Climaplus Silence 36/43 AST,,,,,True,29.3,35.3,41.3,41.9,45.1,49.7
3164,3295,Unidek Aero,,,,,True,21.2,23.6,20.7,28.0,43.4,54.3
3165,3296,Unidek Aero met dakpannen,,,,,True,15.2,24.1,34.7,41.7,51.8,61.5
3166,3297,Unidek Aero Passief,,,,,True,22.9,22.3,20.4,33.9,36.9,55.3
3167,3298,Unidek Aero Passief met dakpannen,,,,,True,17.2,26.7,33.8,47.5,48.9,65.5
3168,3299,Unidek Aero PD / Unidek Aero Riet / Unidek Aero Plus,,,,,True,23.0,21.6,19.0,48.5,47.7,51.8
3169,3300,Unidek Aero PD / Unidek Aero Riet / Unidek Aero Plus met dakpannen,,,,,True,17.8,26.0,31.7,55.6,56.3,63.2
3170,3301,Unidek Aero PD / Unidek Aero Riet / Unidek Aero Plus met riet,,,,,True,19.2,22.6,26.5,53.6,59.8,65.1
3171,3302,Unidek RenoAero,,,,,True,16.5,16.9,16.5,14.7,35.4,48.5
3172,3303,Unidek RenoAero met dakpannen,,,,,True,14.8,18.3,27.1,30.6,47.0,58.1
3173,3304,Unidek RenoAero PD / Unidek RenoAero Riet / Unidek RenoAero Plus,,,,,True,19.1,21.3,19.8,25.9,44.0,50.5
3174,3305,Unidek RenoAero PD / Unidek RenoAero Riet / Unidek RenoAero Plus met dakpannen,,,,,True,15.5,22.0,31.2,37.8,52.2,61.6
3175,3306,Unidek RenoAero PD / Unidek RenoAero Riet / Unidek RenoAero Plus met riet,,,,,True,16.9,21.5,23.6,31.8,55.5,65.7
3176,3307,Unidek Kolibrie Rf 30,,,,,True,22.1,24.8,22.8,30.1,39.4,49.2
3177,3308,Unidek Kolibrie Rf 30 met dakpannen,,,,,True,17.6,26.4,37.4,43.4,48.9,58.8
3178,3309,Unidek Sips element,,,,,True,24.5,23.8,17.5,39.1,50.9,49.9
3179,3310,Unidek Sips element + 12.5 mm Fermacellplaat,,,,,True,29.3,26.6,25.0,46.9,60.3,56.3
3180,3311,"Unidek Sips element + 12,5 mm Fermacellplaat op 24 mm lege spouw",,,,,True,26.0,28.6,32.7,51.7,63.1,57.1
3181,3312,Unidek Sips element + 12.5 mm Fermacellplaat op 24 mm spouw gevuld steenwol,,,,,True,22.8,33.3,39.3,60.8,67.5,61.1
3182,3313,Renson VariaCoust 130-14 ZR [1],,,,,True,38.9,29.1,32.9,38.6,42.1,45.4
3183,3314,Renson VariaCoust 130-18 ZR [1],,,,,True,38.1,27.7,31.9,37.5,41.0,43.7
3184,3315,Renson VariaCoust 130-22 ZR [1],,,,,True,37.7,26.9,28.5,34.1,39.6,41.5
3185,3316,Renson VariaCoust 130-28 ZR [1],,,,,True,36.9,26.3,27.2,32.6,38.7,39.3
3186,3317,Thermobel TG Stratobel 4-12-4-12-33.2 [1],,,,,True,17.7,24.3,33.0,43.7,47.6,47.0
3187,3318,Thermobel TG 4-12-4-12-4 [1],,,,,True,18.7,19.0,28.4,41.6,46.7,39.8
3188,3319,Thermobel TG 6-12-6-12-6 [1],,,,,True,18.5,21.9,32.9,40.3,36.7,48.9
3189,3320,Thermobel TG 6-15-4-15-4 [1],,,,,True,15.0,25.2,33.0,43.5,42.2,44.7
3190,3321,Thermobel TG 8-12-4-12-4 [1],,,,,True,20.6,25.1,33.8,44.3,48.0,48.9
3191,3322,Thermobel TG 8-12-4-12-6 [1],,,,,True,22.2,28.8,36.7,44.0,40.1,52.5
3192,3323,Thermobel TG Stratobel 6-16-4-16-44.2 [1],,,,,True,18.9,28.8,38.2,45.1,41.6,54.2
3193,3324,Thermobel TG Stratobel 44.2-12-6-12-44.2 [1],,,,,True,19.6,31.3,39.0,44.9,43.6,56.8
3194,3325,Thermobel TG Stratobel 8-16-4-16-55.2 [1],,,,,True,27.7,31.8,41.2,39.7,39.7,58.2
3195,3326,Thermobel TG Stratobel 8-16-6-16-55.2 [1],,,,,True,23.9,31.1,41.0,49.1,50.5,60.9
3196,3327,Thermobel TG Stratobel 66.2-16-6-16-44.2 [1],,,,,True,27.8,34.3,43.0,42.6,45.7,61.4
3197,3328,Thermobel TG Stratobel 8-16-6-16-44.2 [1],,,,,True,24.9,28.3,37.8,42.3,42.1,56.6
3198,3329,Thermobel TG 10-12-4-12-6 [1],,,,,True,24.0,27.5,36.0,41.8,42.9,55.5
3199,3330,Thermobel TG Stratophone 4-12-4-12-44.2st [1],,,,,True,21.2,25.7,35.4,46.4,49.5,49.5
3200,3331,Thermobel TG Stratophone 6-12-4-12-44.2st [1],,,,,True,19.4,30.2,38.6,47.2,45.9,52.2
3201,3332,Thermobel TG Stratophone 8-12-4-12-44.2st [1],,,,,True,23.6,31.0,39.9,49.2,51.1,59.5
3202,3333,Thermobel TG Stratophone 44.2-12-4-12-44.2st [1],,,,,True,23.9,31.1,41.0,49.1,50.5,60.9
3203,3334,Thermobel TG Stratophone 10-12-4-12-44.2st [1],,,,,True,24.8,32.4,42.6,46.1,49.8,57.7
3204,3335,Thermobel TG Stratophone 8-16-6-16-55.5st [1],,,,,True,30.3,32.5,43.2,47.9,46.7,56.9
3205,3336,Thermobel TG Stratophone 44.2st-12-12-4-12-44.2st [1],,,,,True,26.9,33.5,43.2,54.8,59.5,62.1
3206,3337,Thermobel TG Stratophone 10-12-6-12-44.2st [1],,,,,True,30.0,32.7,41.5,48.4,52.1,62.1
3207,3338,Thermobel TG Stratophone 10-16-6-16-66.2st [1],,,,,True,36.1,36.2,44.4,46.8,48.7,57.8
3208,3339,Thermobel TG Stratophone 44.2st-10-4-10-66.2st [1],,,,,True,27.4,35.9,44.1,53.0,55.2,63.2
3209,3340,Thermobel TG Stratophone 44.2st-12-6-12-66.2st [1],,,,,True,27.9,36.9,47.0,53.9,54.6,63.1
3210,3341,Thermobel TG Stratophone 88.2st-12-6-12-66.2st [1],,,,,True,33.2,42.8,49.3,52.5,52.8,61.5
3211,3342,Planibel 6 mm [1],,,,,True,19.5,23.4,29.5,35.5,27.6,31.6
3212,3343,Planibel 8 mm [1],,,,,True,22.1,25.1,32.2,35.6,28.7,35.9
3213,3344,Stratobel 44.2 [1],,,,,True,25.8,26.4,32.6,36.8,33.8,38.2
3214,3345,Stratobel 66.2 [1],,,,,True,25.3,28.2,34.4,33.2,38.3,47.4
3215,3346,Stratophone 33.2st [1],,,,,True,25.5,28.4,32.0,37.1,39.2,41.1
3216,3347,Stratophone 44.2st [1],,,,,True,26.6,29.9,34.1,38.1,39.2,42.0
3217,3348,Stratophone 55.2st [1],,,,,True,29.3,31.5,35.0,39.6,40.3,47.4
3218,3349,Stratophone 66.2st [1],,,,,True,29.1,32.7,37.7,40.3,40.2,47.9
3219,3350,Stratophone 88.2st [1],,,,,True,33.2,35.3,37.4,39.1,44.5,53.8
3220,3351,Thermobel 4-16-4 [1],,,,,True,20.5,16.8,25.7,36.4,41.4,36.5
3221,3352,Thermobel 6-15-6 [1],,,,,True,21.5,21.4,31.0,38.7,30.8,39.2
3222,3353,Thermobel 6-15-4 [1],,,,,True,22.0,23.5,31.8,43.1,41.9,43.4
3223,3354,Thermobel 8-16-4 [1],,,,,True,23.2,24.6,31.9,41.1,43.6,44.1
3224,3355,Thermobel 10-15-6 [1],,,,,True,22.0,28.7,36.4,40.7,39.1,49.6
3225,3356,Thermobel Stratobel 4-16-44.2 [1],,,,,True,22.0,23.2,33.6,43.3,48.6,50.6
3226,3357,Thermobel Stratobel 44.2-16-33.2 [1],,,,,True,23.7,26.4,37.7,43.3,41.9,53.7
3227,3358,Thermobel Stratobel 6-15-55.2 [1],,,,,True,23.5,28.6,36.5,43.2,39.6,47.4
3228,3359,Thermobel Stratobel 44.2-15-44.6 [1],,,,,True,26.6,27.0,38.8,43.0,43.1,60.8
3229,3360,Thermobel Stratobel 8-15-55.2 [1],,,,,True,26.1,32.3,39.5,41.0,40.2,53.6
3230,3361,Thermobel Stratobel 66.2-15-44.2 [1],,,,,True,26.5,33.6,39.7,41.3,44.6,60.8
3231,3362,Thermobel Stratobel 88.2-16-55.2 [1],,,,,True,30.5,35.5,41.3,40.1,46.9,62.0
3232,3363,Thermobel Stratophone 4-15-44.2st [1],,,,,True,25.0,26.0,33.4,44.1,46.0,49.1
3233,3364,Thermobel Stratophone 6-16-44.2st [1],,,,,True,23.2,28.6,38.7,48.7,48.2,53.4
3234,3365,Thermobel Stratophone 8-16-44.2st [1],,,,,True,24.5,29.9,39.6,47.4,48.4,55.4
3235,3366,Thermobel Stratophone 6-15-66.2st [1],,,,,True,27.2,30.7,39.3,44.7,44.8,54.6
3236,3367,Thermobel Stratophone 8-15-66.2st [1],,,,,True,28.2,33.3,40.9,42.8,43.8,56.2
3237,3368,Thermobel Stratophone 44.2st-15-44.2st [1],,,,,True,27.3,31.5,42.2,53.0,56.3,59.7
3238,3369,Thermobel Stratophone 10-16-44.2st [1],,,,,True,27.3,31.5,42.2,53.0,56.3,59.7
3239,3370,Thermobel Stratophone 10-16-55.2st [1],,,,,True,28.8,34.1,45.8,46.2,49.3,61.1
3240,3371,Thermobel Stratophone 10-16-66.2st [1],,,,,True,31.0,33.7,46.2,45.7,48.6,62.2
3241,3372,Thermobel Stratophone 66.2st-16-44.2st [1],,,,,True,27.6,38.0,45.8,54.1,56.1,63.1
3242,3373,Thermobel Stratophone 88.2st-15-44.2st [1],,,,,True,30.5,40.0,45.4,52.5,55.2,63.8
3243,3374,Thermobel Stratophone 66.2-16-66.2st [1],,,,,True,30.4,39.3,46.7,53.9,54.0,65.1
3244,3375,Thermobel Stratophone 88.2-16-66.2st [1],,,,,True,35.9,43.6,47.8,52.6,55.1,68.5
3245,3376,Sch³co schuifdeursysteem ASS70BE,,,,,True,29.9,37.9,40.0,39.1,44.8,52.7
3246,3377,Sch³co schuifdeurstysteem ASS70BE VI,,,,,True,32.0,39.3,40.5,39.3,44.8,52.5
3247,3378,ClimaRad S-Fan qv=8.3,,,,,True,39.6,33.8,42.1,48.3,53.5,58.4
3248,3379,ClimaRad S-Fan qv=16.7,,,,,True,39.6,33.8,42.1,48.3,53.5,58.4
3249,3380,ClimaRad S-Fan qv=25.0,,,,,True,39.6,33.8,42.1,48.3,53.5,58.4
3250,3381,ClimaRad S-Fan qv=33.3,,,,,True,39.6,33.8,42.1,48.3,53.5,58.4
3251,3382,ClimaRad S-Fan qv=41.7,,,,,True,39.6,33.8,42.1,48.3,53.5,58.4
3252,3383,Alara Lukagro geluidisolerende deur AL-D 54,,,,,True,41.1,47.7,51.8,55.1,55.3,59.5
3253,3384,Alara Lukagro geluidisolerende deur AL-D 56 H,,,,,True,45.0,47.6,51.7,54.9,55.2,56.6
3254,3385,Alara Lukagro geluidisolerende deur AL-D 56,,,,,True,42.8,48.5,52.1,55.7,58.6,63.2
3255,3386,Alara Lukagro geluidisolerende deur AL-D 45,,,,,True,32.0,40.6,39.7,42.5,49.3,51.1
3256,3387,Alara Lukagro geluidisolerende deur AL-D 50,,,,,True,35.6,43.4,47.3,50.5,50.8,51.5
3257,3388,Alara Lukagro geluidisolerende deur AL-D 52,,,,,True,35.5,46.1,48.7,52.4,54.0,57.6
3258,3389,Alara Lukagro buitenluchtrooster AL-R 300,,,,,True,8.3,9.7,14.1,20.7,21.6,16.0
3259,3390,Alara Lukagro buitenluchtrooster AL-R 300V,,,,,True,7.4,9.4,15.4,22.1,24.2,22.7
3260,3391,Alara Lukagro buitenluchtrooster AL-R 600V,,,,,True,8.2,14.4,24.4,37.6,39.5,32.2
3261,3392,Alara Lukagro buitenluchtrooster AL-R 150,,,,,True,7.1,7.7,9.5,12.7,13.4,12.2
3262,3393,Alara Lukagro paneel AL-O 180A [1],,,,,True,36.4,45.9,56.8,68.1,79.4,82.4
3263,3394,Alara Lukagro paneel AL-O 80A [1],,,,,True,22.7,29.2,37.9,45.6,49.3,51.1
3264,3395,Alara Lukagro paneel AL-O 100D [1],,,,,True,25.6,32.2,38.1,48.7,52.5,52.8
3265,3396,Alara Lukagro paneel AL-O 100B [1],,,,,True,24.1,30.1,35.5,47.3,52.5,52.9
3266,3397,Phonotech  W-DK40,,,,,True,22.0,39.1,54.4,59.5,60.0,67.9
3267,3398,Phonotech  W-DK60 [1],,,,,True,23.0,39.0,55.0,51.0,60.0,70.0
3268,3399,Phonotech  W-DK80,,,,,True,24.7,41.5,54.8,60.6,63.7,70.5
3269,3400,Phonotech  W-DK100 [1],,,,,True,27.0,43.0,58.0,62.0,62.0,72.0
3270,3401,Phonotech  W-DK120 [2],,,,,True,29.0,45.0,57.0,63.0,62.0,72.0
3271,3402,Phonotech  W-DK140,,,,,True,31.2,47.2,58.2,62.0,65.5,71.8
3272,3403,Phonotech  W-DK160 [1],,,,,True,31.0,48.0,58.0,64.0,64.0,73.0
3273,3404,Phonotech  W-DK180 [1],,,,,True,32.0,48.0,58.0,64.0,64.0,73.0
3274,3405,Phonotech  W-DK200 [1],,,,,True,32.0,48.0,58.0,64.0,64.0,73.0
3275,3406,Phonotech  W-DK220,,,,,True,33.3,48.9,57.7,61.8,65.4,72.4
3276,3407,Phonotech  W-MP-CP-DK220DF,,,,,True,42.2,47.6,55.8,59.5,64.4,69.0
3277,3408,Phonotech  TP90-DK40,,,,,True,23.4,41.2,61.4,68.1,65.0,70.8
3278,3409,Phonotech  TP90-DK60 [1],,,,,True,24.0,44.0,62.0,67.0,66.0,77.0
3279,3410,Phonotech  TP90-DK80,,,,,True,26.9,43.6,64.0,68.6,67.2,72.0
3280,3411,Phonotech  TP90-DK100 [1],,,,,True,27.0,50.0,65.0,69.0,68.0,78.0
3281,3412,Phonotech  TP90-DK120,,,,,True,31.7,50.3,65.0,69.7,70.2,74.9
3282,3413,Phonotech  TP90-DK140,,,,,True,34.1,51.5,65.2,70.4,71.3,74.7
3283,3414,Phonotech  TP90-DK160 [1],,,,,True,31.0,55.0,66.0,71.0,71.0,80.0
3284,3415,Phonotech  TP90-DK180 [1],,,,,True,32.0,55.0,67.0,71.0,71.0,81.0
3285,3416,Phonotech  TP90-DK200 [1],,,,,True,32.0,56.0,67.0,71.0,71.0,81.0
3286,3417,Phonotech  TP90-DK220,,,,,True,35.8,54.8,66.6,70.5,73.1,76.4
3287,3418,Phonotech  TP90-DK140-PB,,,,,True,38.2,53.6,65.8,70.6,73.0,75.4
3288,3419,Phonotech  TP90-DK140K-UArena,,,,,True,59.2,72.3,83.4,93.4,95.6,94.8
3289,3420,Phonotech  TP90-DK140K-UArena Bis,,,,,True,53.3,71.9,82.1,87.7,94.6,95.3
3290,3421,Phonotech  TP90-DK80S [1],,,,,True,28.0,44.7,58.2,64.1,68.9,73.4
3291,3422,Phonotech  TP90-RW-DK80S,,,,,True,34.4,44.0,56.4,60.5,62.6,68.2
3292,3423,Phonotech  TP90-RW-DK80S,,,,,True,34.4,44.0,56.4,60.5,62.6,68.2
3293,3424,Phonotech  TP90-RW-DK80-PB,,,,,True,38.6,45.7,57.1,61.2,62.1,67.8
3294,3425,Phonotech  TP160-DK40,,,,,True,25.7,49.2,66.5,70.1,70.2,74.4
3295,3426,Phonotech  TP160-DK60 [1],,,,,True,28.0,49.0,64.0,71.0,69.0,78.0
3296,3427,Phonotech  TP160-DK80,,,,,True,30.2,51.1,66.9,70.7,73.2,76.6
3297,3428,Phonotech  TP160-DK100 [1],,,,,True,31.0,54.0,66.0,71.0,71.0,79.0
3298,3429,Phonotech  TP160-DK120 [1],,,,,True,33.0,56.0,66.0,72.0,71.0,80.0
3299,3430,Phonotech  TP160-DK140,,,,,True,35.5,56.5,66.4,70.3,72.9,77.7
3300,3431,Phonotech  TP160-DK160 [1],,,,,True,35.0,57.0,66.0,72.0,71.0,80.0
3301,3432,Phonotech  TP160-DK180 [1],,,,,True,36.0,57.0,66.0,72.0,71.0,88.0
3302,3433,Phonotech  TP160-DK200 [1],,,,,True,36.0,57.0,66.0,72.0,71.0,80.0
3303,3434,Phonotech  TP160-DK220,,,,,True,36.9,57.7,66.3,70.3,72.9,76.6
3304,3435,Phonotech  TP160-DK80DF,,,,,True,33.5,54.2,67.7,70.8,73.2,76.8
3305,3436,Phonotech  TP160-FC-DK80,,,,,True,31.1,53.0,66.7,70.2,70.6,75.1
3306,3437,Phonotech  SD106-DK40,,,,,True,24.2,41.8,56.8,62.0,60.5,66.8
3307,3438,Phonotech  SD106-DK60 [1],,,,,True,29.0,40.0,56.0,62.0,41.0,69.0
3308,3439,Phonotech  SD106-DK80,,,,,True,27.2,44.0,57.7,63.1,64.0,70.0
3309,3440,Phonotech  SD106-DK100 [1],,,,,True,33.0,44.0,59.0,64.0,63.0,71.0
3310,3441,Phonotech  SD106-DK120 [1],,,,,True,35.0,46.0,60.0,65.0,64.0,72.0
3311,3442,Phonotech  SD106-DK140,,,,,True,34.0,49.7,59.6,64.4,67.3,74.3
3312,3443,Phonotech  SD106-DK160 [1],,,,,True,36.0,48.0,61.0,66.0,65.0,73.0
3313,3444,Phonotech  SD106-DK180 [1],,,,,True,36.0,48.0,61.0,66.0,65.0,73.0
3314,3445,Phonotech  SD106-DK200 [1],,,,,True,36.0,48.0,61.0,66.0,65.0,73.0
3315,3446,Phonotech  SD106-DK220,,,,,True,35.1,50.5,60.2,63.9,67.1,74.8
3316,3447,Phonotech  SDP150-RW-PB-DK180-PB,,,,,True,40.7,47.5,58.3,61.6,64.7,70.5
3317,3448,Phonotech  WW-PH40-FG [1],,,,,True,22.6,39.9,50.8,55.2,55.6,0.0
3318,3449,Phonotech  WW-FG-PH40-FG [1],,,,,True,27.6,42.9,50.1,54.4,57.6,0.0
3319,3450,Phonotech  WW-CP-PH40-FG [1],,,,,True,28.1,42.9,49.8,54.2,57.6,0.0
3320,3451,Phonotech  WW-PH60-FG [1],,,,,True,23.8,40.1,50.4,54.9,57.7,0.0
3321,3452,Phonotech  WW-FG-PH60-FG [1],,,,,True,28.8,43.4,49.7,54.1,56.0,0.0
3322,3453,Phonotech  WW-CP-PH60-FG [1],,,,,True,29.3,43.4,49.4,53.9,55.7,0.0
3323,3454,Phonotech  WW-PH80-FG [1],,,,,True,26.4,43.8,51.9,54.7,55.5,0.0
3324,3455,Phonotech  WW-FG-PH80-FG [1],,,,,True,31.4,46.8,51.2,53.9,57.5,0.0
3325,3456,Phonotech  CC-PH40-FG [1],,,,,True,42.3,51.8,62.9,74.4,80.0,0.0
3326,3457,Phonotech  CC-PH60-FG [1],,,,,True,45.3,55.3,69.9,78.9,82.5,0.0
3327,3458,Phonotech  CC-PH80-FG [1],,,,,True,47.3,57.8,67.9,77.9,82.0,0.0
3328,3459,Phonotech  C-W-PH40-FG [1],,,,,True,22.6,39.9,50.8,55.2,55.6,0.0
3329,3460,Phonotech  C-W-FG-PH40-FG [1],,,,,True,27.6,42.9,50.1,54.4,57.6,0.0
3330,3461,Phonotech  C-W-CP-PH40-FG [1],,,,,True,28.1,42.9,49.8,54.2,57.6,0.0
3331,3462,Phonotech  C-W-PH60-FG [1],,,,,True,23.8,40.4,50.4,54.9,57.7,0.0
3332,3463,Phonotech  C-W-FG-PH60-FG [1],,,,,True,28.8,43.1,49.7,54.1,56.0,0.0
3333,3464,Phonotech  C-W-CP-PH60-FG [1],,,,,True,29.3,43.1,49.4,53.9,55.7,0.0
3334,3465,Phonotech  C-W-PH80-FG [1],,,,,True,26.4,43.8,51.9,54.7,55.5,0.0
3335,3466,Phonotech  C-W-FG-PH80-FG [1],,,,,True,31.4,46.8,51.2,53.9,57.5,0.0
3336,3467,Phonotech  C-W-CP-PH80-FG [1],,,,,True,31.9,46.8,50.9,53.7,57.5,0.0
3337,3468,Phonotech  C-W-PH40-FG-TI [1],,,,,True,17.6,35.4,49.3,52.7,53.8,0.0
3338,3469,Phonotech  C-W-G-PH40-FG-TI [1],,,,,True,20.1,38.4,50.3,52.7,55.8,0.0
3339,3470,Phonotech  C-W-FG-PH40-FG-TI [1],,,,,True,22.6,38.4,48.6,51.9,55.8,0.0
3340,3471,Phonotech  C-W-CP-PH40-FG-TI [1],,,,,True,23.1,38.4,48.3,51.7,55.8,0.0
3341,3472,Phonotech  C-W-PH60-FG-TI [1],,,,,True,18.8,35.6,48.9,52.4,55.9,0.0
3342,3473,Phonotech  C-W-G-PH60-FG-TI [1],,,,,True,21.3,38.6,49.9,52.4,55.9,0.0
3343,3474,Phonotech  C-W-FG-PH60-FG-TI [1],,,,,True,23.8,38.6,48.2,51.6,54.2,0.0
3344,3475,Phonotech  C-W-CP-PH60-FG-TI [1],,,,,True,24.3,38.6,47.9,51.4,53.9,0.0
3345,3476,Phonotech  C-W-PH80-FG-TI [1],,,,,True,21.4,39.3,50.4,52.2,53.7,0.0
3346,3477,Phonotech  C-W-G-PH80-FG-TI [1],,,,,True,23.9,42.3,51.4,52.2,55.7,0.0
3347,3478,Phonotech  C-W-FG-PH80-FG-TI [1],,,,,True,26.4,42.3,49.7,51.4,55.7,0.0
3348,3479,Phonotech  C-W-CP-PH80-FG-TI [1],,,,,True,26.9,42.3,49.4,51.2,55.7,0.0
3349,3480,Phonotech  WB100-PH40-FG [1],,,,,True,42.3,51.8,62.9,74.4,80.0,0.0
3350,3481,Phonotech  WW-CP-PH80-FG [1],,,,,True,31.9,46.8,50.9,53.7,57.5,0.0
3351,3482,Phonotech  WB100-PH60-FG [1],,,,,True,45.3,55.3,69.9,78.9,82.5,0.0
3352,3483,Phonotech  WB100-PH80-FG [1],,,,,True,47.3,57.8,67.9,77.9,82.0,0.0
3353,3484,Phonotech  WB200-PH40-FG [1],,,,,True,45.7,58.7,74.6,86.4,95.0,0.0
3354,3485,Phonotech  WB200-PH60-FG [1],,,,,True,48.7,62.2,81.6,90.9,97.5,0.0
3355,3486,Phonotech  WB200-PH80-FG [1],,,,,True,50.7,64.7,79.6,89.9,97.0,0.0
3356,3487,Phonotech  WB280-PH40-FG [1],,,,,True,46.7,60.7,77.6,91.4,99.9,0.0
3357,3488,Phonotech  WB280-PH60-FG [1],,,,,True,49.7,64.2,84.6,95.9,99.9,0.0
3358,3489,Phonotech  WB280-PH80-FG [1],,,,,True,51.7,66.7,82.6,94.9,99.9,0.0
3359,3490,Duco EasyFit 50 'ZR' [1],,,,,True,26.8,29.1,23.6,26.0,29.9,0.0
3360,3491,Duco RenoTop 60 'ZR',,,,,True,27.1,28.8,26.7,29.0,31.1,0.0
3361,3492,Duco RenoTop 60 'ZR' AK,,,,,True,27.0,28.9,26.8,29.9,36.0,0.0
3362,3493,Renson VariaCoust 330-18 ZR,,,,,True,0.0,0.0,0.0,0.0,0.0,0.0
3363,3494,Renson VariaCoust 330-22 ZR,,,,,True,0.0,0.0,0.0,0.0,0.0,0.0
3364,3495,Renson VariaCoust 330-28 ZR,,,,,True,0.0,0.0,0.0,0.0,0.0,0.0
3365,3496,Renson FireCatch 14 [1],,,,,True,40.1,29.3,25.0,25.5,33.5,34.3
3366,3497,Renson FireCatch 19,,,,,True,0.0,0.0,0.0,0.0,0.0,0.0
3367,3498,Renson Junior 150 ZR [1],,,,,True,29.0,28.6,25.3,22.5,28.2,0.0
3368,3499,Renson MultiTop EPC 21 [1],,,,,True,42.7,33.7,33.2,30.5,30.7,37.9
3369,3500,Renson MultiAir EPC Classic 14 [1],,,,,True,29.3,28.0,26.4,24.4,31.0,0.0
3370,3501,Renson MultiAir EPC Classic 18 [1],,,,,True,29.3,28.0,26.4,24.4,31.0,0.0
3371,3502,Renson MultiAir EPC Classic 21 [1],,,,,True,29.3,28.0,26.4,24.4,31.0,0.0
3372,3503,Renson MultiAir EPC Design 14 [1],,,,,True,29.3,28.0,26.4,24.4,31.0,0.0
3373,3504,Renson MultiAir EPC Design 18 [1],,,,,True,29.3,28.0,26.4,24.4,31.0,0.0
3374,3505,Renson MultiAir EPC Design 21 [1],,,,,True,29.3,28.0,26.4,24.4,31.0,0.0
3375,3506,Renson FlexAir EPC 14 [1],,,,,True,27.5,27.6,24.5,22.5,25.5,29.5
3376,3507,Renson FlexAir EPC 18 [1],,,,,True,27.5,27.6,24.5,22.5,25.5,29.5
3377,3508,Renson FlexAir EPC 23 [1],,,,,True,27.5,27.6,24.5,22.5,25.5,29.5
3378,3509,Renson TC 60 [1],,,,,True,26.2,25.4,27.9,27.9,27.9,31.1
3379,3510,Renson THK90 [1],,,,,True,26.1,25.5,25.5,31.1,28.9,31.0
3380,3511,Renson Invisivent NL [1],,,,,True,28.3,28.4,27.6,24.8,26.8,0.0
3381,3512,Renson Invisivent NL HF [1],,,,,True,29.9,31.0,26.9,23.8,30.5,0.0
3382,3513,Renson Invisivent NL AK Ultra [1],,,,,True,47.3,37.5,35.5,43.3,54.6,61.5
3383,3514,Renson Invisivent NL HR Basic [1],,,,,True,36.5,34.8,31.5,32.5,36.8,47.3
3384,3515,Renson Invisivent NL HR High [1],,,,,True,39.8,36.9,34.9,37.1,43.6,65.0
3385,3516,Renson Invisivent NL HR Ultra [1],,,,,True,47.3,37.5,35.5,41.3,54.6,61.5
3386,3517,Renson Invisivent AIR Light,,,,,True,33.5,31.6,28.3,27.6,33.7,39.0
3387,3518,Renson Invisivent AIR Basic,,,,,True,36.0,33.7,28.9,32.8,42.6,47.9
3388,3519,Renson Invisivent COMFORT Basic,,,,,True,36.5,33.6,28.8,33.5,43.4,48.4
3389,3520,Renson Invisivent COMFORT High,,,,,True,38.5,35.5,32.4,39.4,55.1,61.7
3390,3521,Renson Invisivent COMFORT Ultra,,,,,True,39.1,36.1,34.6,44.5,61.6,67.8
3391,3522,Renson Invisivent AIR HR Basic,,,,,True,36.0,33.7,28.9,32.8,42.6,47.9
3392,3523,Renson Invisivent COMFORT HR Basic,,,,,True,36.5,33.6,28.8,33.5,43.4,48.4
3393,3524,Renson Invisivent COMFORT HR High,,,,,True,38.5,35.5,32.4,39.4,55.1,61.7
3394,3525,Renson Invisivent COMFORT HR Ultra,,,,,True,39.1,36.1,34.6,44.5,61.6,67.8
3395,3526,Duco FireMax EW 90 / 25 ZR [1],,,,,True,24.7,26.7,24.9,26.8,28.0,0.0
3396,3527,Silenzio Retro met Duco Buitenrooster [1],,,,,True,37.4,33.7,40.8,42.3,44.7,0.0
3397,3528,Silenzio Retro zonder Duco buitenrooster [1],,,,,True,37.4,33.7,40.8,42.3,44.7,0.0
3398,3529,Ducotop 50 'ZR' met Ducofilter [1],,,,,True,29.7,27.9,23.1,25.3,29.3,35.5
3399,3530,Duco TronicTop 50 [1],,,,,True,29.7,27.9,23.1,25.3,29.3,35.5
3400,3531,DucoTon 10 'ZR' met Ducofilter [1],,,,,True,25.9,28.4,26.9,25.6,27.6,0.0
3401,3532,DucoKlep 15 'ZR' met Ducofilter [1],,,,,True,24.2,25.6,24.9,23.3,25.7,0.0
3402,3533,DucoLine 10 'ZR' met Ducofilter [1],,,,,True,26.4,28.0,30.0,24.7,29.4,0.0
3403,3534,DucoLine 17 'ZR' met Ducofilter [1],,,,,True,24.7,27.4,28.5,24.7,28.3,0.0
3404,3535,Ducoline 23 'ZR' met Ducofliter [1],,,,,True,23.9,26.9,28.1,24.5,26.3,0.0
3405,3537,Duco  TronicGlasmax 10 [1],,,,,True,33.7,31.1,28.6,39.2,46.4,54.3
3406,3538,Duco TronicGlasmax 15 [1],,,,,True,32.9,31.0,27.9,36.2,40.5,47.6
3407,3539,Duco TronicGlasmax 20 [1],,,,,True,33.2,31.1,27.9,24.8,28.6,47.7
3408,3540,Duco TronicGlasmax 25 [1],,,,,True,24.7,26.7,24.9,26.8,28.0,0.0
3409,3541,Duco TronicMinimax 15 [1],,,,,True,24.4,23.5,31.2,33.9,35.0,38.2
3410,3542,Duco TronicMinimax 10 [1],,,,,True,25.0,23.8,31.9,36.0,37.6,40.2
3411,3543,Duco TronicMinimax 20 [1],,,,,True,23.8,22.9,29.8,34.9,35.7,37.0
3412,3544,Duco DucoTop 60 'ZR' Flens Alto [1],,,,,True,30.5,28.5,23.5,25.7,27.7,0.0
3413,3545,Duco DucoTop 60 'ZR' Flens Alto AK [1],,,,,True,33.9,30.3,26.3,31.7,41.1,0.0
3414,3546,Duco DucoTop 60 'ZR' Flens Alto AK+ [1],,,,,True,36.8,33.7,32.4,38.8,49.3,0.0
3415,3547,Duco DucoTop 60 'ZR' Flens Basso [1],,,,,True,30.5,28.5,23.5,25.7,27.7,0.0
3416,3548,Duco DucoTop 60 'ZR' Flens Basso AK [1],,,,,True,33.9,30.3,26.3,31.7,41.1,0.0
3417,3549,Duco DucoTop 60 'ZR' Flens BASSO AK+ [1],,,,,True,36.8,33.7,32.4,38.8,49.3,0.0
3418,3550,Duco DucoTop 60 'ZR' Flens Corto [1],,,,,True,30.5,28.5,23.5,25.7,27.7,0.0
3419,3551,Duco DucoTop 60 'ZR' Flens Corto AK [1],,,,,True,33.9,30.3,26.3,31.7,41.1,0.0
3420,3552,Duco Ducotop 60 'ZR' Flens Corto AK+ [1],,,,,True,36.8,33.7,32.4,38.8,49.3,0.0
3421,3553,Duco DucoTop 60 'ZR'  Flens Grando [1],,,,,True,30.5,28.5,23.5,25.7,27.7,0.0
3422,3554,Duco DucoTop 60 'ZR' Flens Grando AK [1],,,,,True,33.9,30.3,26.3,31.7,41.1,0.0
3423,3555,Duco DucoTop 60 'ZR' Flens Grando AK+ [1],,,,,True,36.8,33.7,32.4,38.8,49.3,0.0
3424,3556,Duco DucoTop 60 'ZR' Flens Largo [1],,,,,True,30.5,28.5,23.5,25.7,27.7,0.0
3425,3557,Duco DucoTop 60 'ZR' Flens Largo AK [1],,,,,True,33.9,30.3,26.3,31.7,41.1,0.0
3426,3558,Duco DucoTop 60 'ZR' Flens Largo AK+ [1],,,,,True,36.8,33.7,32.4,38.8,49.3,0.0
3427,3559,Duco DucoTop 60 'ZR' Flens Medio [1],,,,,True,30.5,28.5,23.5,25.7,27.7,0.0
3428,3560,Duco DucoTop 60 'ZR' Flens Medio AK [1],,,,,True,33.9,30.3,26.3,31.7,41.1,0.0
3429,3561,Duco DucoTop 60 'ZR' Flens Medio AK+ [1],,,,,True,36.8,33.7,32.4,38.8,49.3,0.0
3430,3562,Duco TronicMax Corto 10,,,,,True,31.5,31.6,40.6,45.9,40.4,41.5
3431,3563,Duco TronicMax Corto 15,,,,,True,29.2,28.9,35.0,40.1,37.9,39.6
3432,3564,Duco TronicMax Corto 20,,,,,True,28.6,27.9,32.7,38.5,36.8,37.4
3433,3565,Duco TronicMax Corto 25,,,,,True,28.0,27.3,31.8,37.0,35.2,37.2
3434,3566,Duco TronicMax Medio 10,,,,,True,32.5,31.2,42.8,48.5,45.9,50.8
3435,3567,Duco TronicMax Medio 15,,,,,True,30.7,28.4,37.2,42.6,43.3,48.6
3436,3568,Duco TronicMax Medio 20,,,,,True,29.1,26.8,35.6,40.8,41.6,44.9
3437,3569,Duco TronicMax Medio 25,,,,,True,28.6,26.2,33.7,38.6,39.8,44.1
3438,3570,Duco TronicMax Alto 10,,,,,True,32.4,30.7,44.8,52.3,50.2,61.6
3439,3571,Duco TronicMax Alto 15,,,,,True,30.7,28.6,39.1,45.9,47.1,58.6
3440,3572,Duco TronicMax Alto 20,,,,,True,30.2,27.2,36.7,43.5,44.5,54.4
3441,3573,Duco TronicMax Alto 25,,,,,True,29.7,26.2,35.1,41.0,42.1,52.0
3442,3574,Duco TronicMax Largo 10,,,,,True,34.8,36.2,45.5,54.4,56.1,70.6
3443,3575,Duco TronicMax Largo 15,,,,,True,32.2,31.5,39.0,45.6,48.6,61.8
3444,3576,Duco TronicMax Largo 20,,,,,True,30.9,28.6,36.3,44.0,45.0,55.6
3445,3577,Duco TronicMax Largo 25,,,,,True,30.8,28.1,34.0,39.3,41.9,52.6
3446,3578,Duco TronicMax Corto 10 HD,,,,,True,31.5,31.6,40.6,45.9,40.4,41.5
3447,3579,Duco TronicMax Corto 15 HD,,,,,True,29.2,28.9,35.0,40.1,37.9,39.6
3448,3580,Duco TronicMax Corto 20 HD,,,,,True,28.6,27.9,32.7,38.5,36.8,37.4
3449,3581,Duco TronicMax Corto 25 HD,,,,,True,28.0,27.3,31.8,37.0,35.2,37.2
3450,3582,Duco TronicMax Medio 10 HD,,,,,True,32.5,31.2,42.8,48.5,45.9,50.8
3451,3583,Duco TronicMax Medio 15 HD,,,,,True,30.7,28.4,37.2,42.6,43.3,48.6
3452,3584,Duco TronicMax Medio 20 HD,,,,,True,29.1,26.8,35.6,40.8,41.6,44.9
3453,3585,Duco TronicMax Medio 25 HD,,,,,True,28.6,26.2,33.7,38.6,39.8,44.1
3454,3586,Duco TronicMax Alto 10 HD,,,,,True,32.4,30.7,44.8,52.3,50.2,61.6
3455,3587,Duco TronicMax Alto 15 HD,,,,,True,30.7,28.6,39.1,45.9,47.1,58.6
3456,3588,Duco TronicMax Alto 20 HD,,,,,True,30.2,27.0,36.7,43.5,44.5,54.4
3457,3589,Duco TronicMax Alto 25 HD,,,,,True,29.7,26.2,35.1,41.0,42.1,52.0
3458,3590,Duco TronicMax Largo 10 HD,,,,,True,34.8,36.2,45.5,54.4,56.1,70.6
3459,3591,Duco TronicMax Largo 15 HD,,,,,True,32.2,31.5,39.0,45.6,48.6,61.8
3460,3592,Duco TronicMax Largo 20 HD,,,,,True,30.9,28.6,36.3,44.0,45.0,55.6
3461,3593,Duco TronicMax Largo 25 HD,,,,,True,30.8,28.1,34.0,39.3,41.9,52.6
3462,3594,Duco DucoTop 60 'ZR' Corto met DucoFilter,,,,,True,29.9,29.0,22.4,24.3,29.8,35.1
3463,3595,Duco DucoTop 60 'ZR' Basso met DucoFilter,,,,,True,30.3,28.4,22.9,24.7,27.7,35.1
3464,3596,Duco DucoTop 60 'ZR' Medio met DucoFilter,,,,,True,30.5,28.5,23.5,25.7,27.7,35.1
3465,3597,Duco DucoTop 60 'ZR' Alto met DucoFilter,,,,,True,30.4,28.1,23.4,26.5,28.5,34.3
3466,3598,Duco DucoTop 60 'ZR' Largo met DucoFilter,,,,,True,30.3,28.2,24.0,26.2,28.7,34.1
3467,3599,Duco DucoTop 60 'ZR' Grando met DucoFilter,,,,,True,31.2,27.8,24.3,26.7,29.4,33.9
3468,3600,Duco DucoTop 60 'ZR' Corto AK met DucoFilter,,,,,True,31.5,29.0,22.4,25.9,34.2,45.5
3469,3601,Duco DucoTop 60 'ZR' Basso AK met DucoFilter,,,,,True,32.2,30.0,23.8,27.6,34.9,48.0
3470,3602,Duco DucoTop 60 'ZR' Medio AK met DucoFilter,,,,,True,32.4,30.1,24.2,28.9,35.7,51.3
3471,3603,Duco DucoTop 60 'ZR' Alto AK met DucoFilter,,,,,True,33.3,30.3,25.5,30.7,38.0,55.3
3472,3604,Duco DucoTop 60 'ZR' Largo AK met DucoFilter,,,,,True,33.9,30.3,26.3,31.7,41.1,55.7
3473,3605,Duco DucoTop 60 'ZR' Grando AK met DucoFilter,,,,,True,33.8,29.7,26.5,31.6,39.4,50.9
3474,3606,Duco DucoTop 60 'ZR' Corto AK+ met DucoFilter,,,,,True,33.2,30.8,24.7,27.6,36.3,47.1
3475,3607,Duco DucoTop 60 'ZR' Basso AK+ met DucoFilter,,,,,True,34.4,31.5,26.3,30.4,40.9,48.7
3476,3608,Duco DucoTop 60 'ZR' Medio AK+ met DucoFilter,,,,,True,34.7,32.1,28.1,32.8,43.0,51.7
3477,3609,Duco DucoTop 60 'ZR' Alto AK+ met DucoFilter,,,,,True,35.0,31.7,29.2,33.1,41.9,53.3
3478,3610,Duco DucoTop 60 'ZR' Largo AK+ met DucoFilter,,,,,True,35.9,32.5,31.1,36.5,47.9,53.8
3479,3611,Duco DucoTop 60 'ZR' Grando AK+ met DucoFilter,,,,,True,36.8,33.7,32.4,38.8,49.3,53.1
3480,3612,Duco Twin 120 'ZR' AK Corto [1],,,,,True,31.0,28.2,26.3,32.3,35.2,41.0
3481,3613,Duco Twin 120 'ZR' AK Basso [1],,,,,True,31.1,28.1,27.4,33.5,35.5,45.2
3482,3614,Duco Twin 120 'ZR' AK Medio [1],,,,,True,30.0,28.7,28.3,35.1,36.1,48.1
3483,3615,Duco Twin 120 'ZR' AK Alto [1],,,,,True,30.6,29.7,30.3,37.5,39.6,49.6
3484,3616,Duco Twin 120 'ZR' AL :argo [1],,,,,True,30.3,29.8,32.2,38.4,40.6,50.5
3485,3617,Duco Twin 120 'ZR' AK+ Medio [1],,,,,True,31.0,28.8,30.2,40.5,45.0,52.2
3486,3618,Duco Twin 120 'ZR AK+ Alto [1],,,,,True,30.4,29.7,31.1,37.3,42.7,53.7
3487,3619,Duco Twin 120 'ZR' AK+ Largo [1],,,,,True,30.3,29.8,32.1,41.3,47.7,56.3
3488,3620,Tronictwin 120 AK Corto [1],,,,,True,31.0,28.2,26.3,32.3,35.2,45.0
3489,3621,Tronictwin 120 AK Basso [1],,,,,True,31.1,28.1,27.4,33.5,35.5,45.2
3490,3622,Tronictwin 120 AK Medio [1],,,,,True,30.0,28.7,28.3,35.1,36.1,48.1
3491,3623,Tronictwin 120 AK Alto [1],,,,,True,30.6,29.7,30.3,37.5,39.6,49.6
3492,3624,Tronictwin 120 AK Largo [1],,,,,True,30.3,29.8,32.2,38.4,40.6,50.5
3493,3625,Tronictwin 120 AK+ Medio [1],,,,,True,31.0,28.8,30.2,40.5,45.0,52.2
3494,3626,Tronictwin 120 AK+ Alto [1],,,,,True,30.4,29.7,31.1,37.3,42.7,53.7
3495,3627,Tronictwin 120 AK+ Largo [1],,,,,True,30.3,29.8,32.1,41.3,47.7,56.3
3496,3628,Duco DucoMax 'ZR' 5 Pa Corto 10,,,,,True,31.5,31.6,40.6,45.9,40.4,41.5
3497,3629,Duco DucoMax 'ZR' 5 Pa Corto 15,,,,,True,29.2,28.9,35.0,40.1,37.9,39.6
3498,3630,Duco DucoMax 'ZR' 5 Pa Corto 20,,,,,True,28.6,27.9,32.7,38.5,36.8,37.4
3499,3631,Duco DucoMax 'ZR' 5 Pa Corto 25,,,,,True,28.0,27.3,31.8,37.0,35.2,37.2
3500,3632,Duco DucoMax 'ZR' 5 Pa Medio 10,,,,,True,32.5,31.2,42.8,48.5,45.9,50.8
3501,3633,Duco DucoMax 'ZR' 5 Pa Medio 15,,,,,True,30.7,28.4,37.2,42.6,43.3,48.6
3502,3634,Duco DucoMax 'ZR' 5 Pa Medio 20,,,,,True,29.1,26.8,35.6,40.8,41.6,44.6
3503,3635,Duco DucoMax 'ZR' 5 Pa Medio 25,,,,,True,28.6,26.2,33.7,38.6,39.8,44.1
3504,3636,Duco DucoMax 'ZR' 5 Pa Alto 10,,,,,True,32.4,30.7,44.8,52.3,50.2,61.6
3505,3637,Duco DucoMax 'ZR' 5 Pa Alto 15,,,,,True,30.7,28.6,39.1,45.9,47.1,58.6
3506,3638,Duco DucoMax 'ZR' 5 Pa Alto 20,,,,,True,30.2,27.2,36.7,43.5,44.5,54.4
3507,3639,Duco DucoMax 'ZR' 5 Pa Alto 25,,,,,True,29.7,26.2,35.1,41.0,42.1,52.0
3508,3640,Duco DucoMax 'ZR' 5 Pa Largo 10,,,,,True,34.8,36.2,45.5,54.4,56.1,70.6
3509,3641,Duco DucoMax 'ZR' 5 Pa Largo 15,,,,,True,32.2,31.5,39.0,45.6,48.6,61.8
3510,3642,Duco DucoMax 'ZR' 5 Pa Largo 20,,,,,True,30.9,28.6,36.3,44.0,45.0,55.6
3511,3643,Duco DucoMax 'ZR' 5 Pa Largo 25,,,,,True,30.8,28.1,34.0,39.3,41.9,52.6
3512,3644,Duco DucoTop 60 'ZR' Flens Alto met DucoFilter [1],,,,,True,30.5,28.5,23.5,25.7,27.7,0.0
3513,3645,Duco DucoTop 60 'ZR' Flens Alto AK met DucoFilter [1],,,,,True,33.9,30.3,26.3,31.7,41.1,0.0
3514,3646,Duco DucoTop 60 'ZR' Flens Alto AK+ met DucoFilter [1],,,,,True,36.8,33.7,32.4,38.8,49.3,0.0
3515,3647,Duco DucoTop 60 'ZR' Flens Basso met DucoFilter [1],,,,,True,30.5,28.5,23.5,25.7,27.7,0.0
3516,3648,Duco DucoTop 60 'ZR' Flens Basso AK met DucoFilter [1],,,,,True,33.9,30.3,26.3,31.7,41.1,0.0
3517,3649,Duco DucoTop 60 'ZR' Flens Basso AK+ met DucoFilter [1],,,,,True,36.8,33.7,32.4,38.8,49.3,0.0
3518,3650,Duco DucoTop 60 'ZR' Flens Corto met DucoFilter [1],,,,,True,30.5,28.5,23.5,25.7,27.7,0.0
3519,3651,Duco DucoTop 60 'ZR' Flens Corto AK met DucoFilter [1],,,,,True,33.9,30.3,26.3,31.7,41.1,0.0
3520,3652,Duco DucoTop 60 'ZR' Flens Corto AK+ met DucoFilter [1],,,,,True,36.8,33.7,32.4,38.8,49.3,0.0
3521,3653,Duco DucoTop 60 'ZR' Flens Grando met DucoFilter [1],,,,,True,30.5,28.5,23.5,25.7,27.7,0.0
3522,3654,Duco DucoTop 60 'ZR' Flens Grando AK met DucoFilter [1],,,,,True,33.9,30.3,26.3,31.7,41.1,0.0
3523,3655,Duco DucoTop 60 'ZR' Flens Grando AK+ met DucoFilter [1],,,,,True,36.8,33.7,32.4,38.8,49.3,0.0
3524,3656,Duco DucoTop 60 'ZR' Flens Largo met DucoFilter [1],,,,,True,30.5,28.5,23.5,25.7,27.7,0.0
3525,3657,Duco DucoTop 60 'ZR' Flens Largo AK met DucoFilter [1],,,,,True,33.9,30.3,26.3,31.7,41.1,0.0
3526,3658,Duco DucoTop 60 'ZR' Flens Largo AK+ met DucoFilter [1],,,,,True,36.8,33.7,32.4,38.8,49.3,0.0
3527,3659,Duco DucoTop 60 'ZR' Flens Medio met DucoFilter [1],,,,,True,30.5,28.5,23.5,25.7,27.7,0.0
3528,3660,Duco DucoTop 60 'ZR' Flens Medio AK met DucoFilter [1],,,,,True,33.9,30.3,26.3,31.7,41.1,0.0
3529,3661,Duco DucoTop 60 'ZR' Flens Medio AK+ met DucoFilter [1],,,,,True,36.8,33.7,32.4,38.8,49.3,0.0
3530,3662,Duco Twin 120 'ZR' AK Corto met DucoFilter [1],,,,,True,31.0,28.2,26.3,32.3,35.2,45.0
3531,3663,Duco Twin 120 'ZR' AK Basso met DucoFilter [1],,,,,True,31.1,28.1,27.4,33.5,35.5,45.2
3532,3664,Duco Twin 120 'ZR' AK Medio met DucoFilter [1],,,,,True,30.0,28.7,28.3,35.1,36.1,48.1
3533,3665,Duco Twin 120 'ZR' AK Alto met DucoFilter [1],,,,,True,30.6,29.7,30.3,37.5,39.6,49.6
3534,3666,Duco Twin 120 'ZR' AK Largo met DucoFilter [1],,,,,True,30.3,29.8,32.2,38.4,40.6,50.5
3535,3667,Duco Twin 120 'ZR' AK+ Medio met DucoFilter [1],,,,,True,31.0,28.8,30.2,40.5,45.0,52.2
3536,3668,Duco Twin 120 'ZR' AK+ Alto met DucoFilter [1],,,,,True,30.4,29.7,31.1,37.3,42.7,53.7
3537,3669,Duco Twin 120 'ZR' AK+ Largo met DucoFilter [1],,,,,True,30.3,29.8,32.1,41.3,47.7,56.3
3538,3670,TronicTwin 120 AK Corto met DucoFilter [1],,,,,True,31.0,28.2,26.3,32.3,35.2,45.0
3539,3671,TronicTwin 120 AK Basso met DucoFilter [1],,,,,True,31.1,28.2,26.3,32.3,35.2,45.0
3540,3672,TronicTwin 120 AK Medio met DucoFilter [1],,,,,True,30.0,28.7,28.3,35.1,36.1,48.1
3541,3673,TronicTwin 120 AK Alto met DucoFilter [1],,,,,True,30.6,29.7,30.3,37.5,39.6,49.6
3542,3674,TronicTwin 120 AK Largo met DucoFilter [1],,,,,True,30.3,29.8,32.2,38.4,40.6,50.5
3543,3675,TronicTwin 120 AK+ Medio met DucoFilter [1],,,,,True,31.0,28.8,30.2,40.5,45.0,52.2
3544,3676,TronicTwin 120 AK+ Alto met DucoFilter [1],,,,,True,30.4,29.7,31.1,37.3,42.7,53.7
3545,3677,TronicTwin 120 AK+ Largo met DucoFilter [1],,,,,True,30.3,29.8,32.1,41.3,47.7,56.3
3546,3678,Duco Twin 120 'ZR' AK Corto 5 Pa [1],,,,,True,29.9,27.9,29.5,33.6,33.0,38.4
3547,3679,Duco Twin 120 'ZR' AK Basso 5 Pa [1],,,,,True,29.2,25.7,27.7,36.2,33.4,36.9
3548,3680,Duco Twin 120 'ZR' AK Medio 5 Pa [1],,,,,True,29.4,26.0,28.9,35.8,33.1,38.3
3549,3681,Duco Twin 120 'ZR' AK Alto 5 Pa [1],,,,,True,29.6,26.2,30.1,38.8,37.7,43.0
3550,3682,Duco Twin 120 'ZR' AK Largo 5 Pa [1],,,,,True,30.4,27.5,33.4,40.4,41.6,47.8
3551,3683,Duco Twin 120 'ZR' AK+ Corto 5 Pa [1],,,,,True,30.2,28.8,30.4,34.4,37.5,47.9
3552,3684,Duco Twin 120 'ZR' AK+ Basso 5 Pa [1],,,,,True,29.3,27.0,28.4,36.8,39.4,49.6
3553,3685,Duco Twin 120 'ZR' AK+ Medio 5 Pa [1],,,,,True,30.9,28.5,31.8,41.1,46.1,57.1
3554,3686,Duco Twin 120 'ZR' AK+ Alto 5 Pa [1],,,,,True,30.5,29.0,33.5,43.2,47.6,58.8
3555,3687,Duco Twin 120 'ZR' AK+ Largo 5 Pa [1],,,,,True,31.5,31.1,36.0,46.5,52.8,61.7
3556,3688,TronicTwin 120 AK Corto 5 Pa [1],,,,,True,29.9,27.9,29.5,33.6,33.0,38.4
3557,3689,TronicTwin 120 AK Basso 5Pa [1],,,,,True,29.2,25.7,27.7,36.2,33.4,36.9
3558,3690,TronicTwin 120 AK Medio 5 Pa [1],,,,,True,29.4,26.0,28.9,35.8,33.1,38.3
3559,3691,TronicTwin 120 AK Alto 5 Pa [1],,,,,True,29.6,26.2,30.1,38.8,37.7,43.0
3560,3692,TronicTwin 120 AK Largo 5 Pa [1],,,,,True,30.4,27.5,33.4,40.4,41.6,47.8
3561,3693,TronicTwin 120 AK+ Corto 5 Pa [1],,,,,True,0.2,28.8,30.4,34.4,37.5,47.9
3562,3694,TronicTwin 120 AK+ Basso 5 Pa [1],,,,,True,29.3,27.0,28.4,36.8,39.4,49.6
3563,3695,TronicTwin 120 AK+ Medio 5 Pa [1],,,,,True,30.9,28.5,31.8,41.1,46.1,57.1
3564,3696,TronicTwin 120 AK+ Alto 5 Pa [1],,,,,True,30.5,29.0,33.5,43.2,47.6,58.8
3565,3697,TronicTwin 120 AK+ Largo 5 Pa [1],,,,,True,31.5,31.1,36.0,46.5,52.8,61.7
3566,3698,Velux CVP 73Q [1],,,,,True,21.5,25.6,30.4,37.4,44.1,52.9
3567,3699,Velux CFP 73U [1],,,,,True,24.2,27.5,29.0,39.1,43.8,52.1
3568,3700,Velux GGL 0050 dakvenster,,,,,True,27.5,25.2,33.5,42.2,44.1,42.5
3569,3701,Velux GGU 62 [1],,,,,True,25.5,31.3,36.2,44.5,45.3,50.3
3570,3702,Velux GGU 68/69 [1],,,,,True,24.2,27.3,32.5,38.7,41.2,44.5
3571,3703,Velux GGU 70 [1],,,,,True,24.7,24.6,31.5,36.3,36.8,41.6
3572,3704,Velux GGL 62 [1],,,,,True,25.5,31.3,36.2,44.5,45.3,50.3
3573,3705,Velux GGL 70 [1],,,,,True,24.7,24.6,31.5,36.3,36.8,41.6
3574,3706,Vacüm glas Fineo 8,,,,,True,18.2,26.8,32.0,37.4,38.2,32.2
3575,3707,Vacüm glas Fineo 10,,,,,True,25.3,26.7,34.1,38.6,33.5,37.3
3576,3708,Habito 12.5 gips,,,,,True,19.8,30.7,40.0,49.7,39.3,44.7
3577,3709,Habito 2x 12.5 gips,,,,,True,29.9,38.6,51.0,58.1,49.5,55.9
3578,3710,Habito 12.5 gips + 60mm glaswol,,,,,True,27.0,44.6,58.3,66.7,49.2,50.7
3579,3711,Habito 2x 12.5 gips + 60mm glaswol,,,,,True,41.0,54.5,65.4,68.4,57.6,59.5
3580,3712,Habito 2x 12.5 gips + 60mm glaswol met extra spouw,,,,,True,46.0,57.9,67.2,73.1,65.6,68.0
3581,3713,Habito 2x 12.5 gips + 2x 60mm glaswol,,,,,True,47.9,59.6,69.7,76.6,7.5,71.6
3582,3714,Habito 12.5 gips + Bouwplaat RB 12.5mm,,,,,True,28.5,36.7,48.4,56.0,56.4,58.2
3583,3715,Habito 12.5 gips + Bouwplaat RB 12.5mm + 60mm glaswol,,,,,True,37.9,52.6,62.7,67.4,64.7,61.3
3584,3716,Habito 12.5 gips + Glasroc H 12.5mm,,,,,True,30.5,37.7,50.5,58.5,56.7,57.4
3585,3717,Habito 12.5 gips + Glasroc H 12.5mm + 60mm glaswol,,,,,True,40.6,54.1,63.8,69.5,62.7,59.8
3586,3718,Gevelelement type 2-14 machiels building solutions,,,,,True,21.5,38.2,44.8,52.2,52.7,49.0
3587,3719,Gevelelement type 2-13 machiels building solutions,,,,,True,18.7,36.5,44.4,52.1,49.2,44.9
3588,3720,Trisolide Phon II 38/40,,,,,True,19.5,25.6,34.9,47.4,45.3,56.3
3589,3721,Trisolide Phon II 38/44,,,,,True,18.2,26.7,35.4,47.8,45.8,56.3
3590,3722,Trisolide Phon II 38/44-B,,,,,True,19.7,24.5,34.8,49.1,58.1,57.9
3591,3723,Trisolide Phon II 38/46,,,,,True,17.9,26.1,35.2,46.4,45.0,58.3
3592,3724,Trisolide Phon II 39/52,,,,,True,19.2,26.9,35.3,47.9,49.2,62.8
3593,3725,Trisolide Phon II 40/42,,,,,True,23.6,28.3,37.1,45.3,44.1,56.0
3594,3726,Trisolide Phon II 40/48,,,,,True,23.5,25.7,37.2,45.2,49.8,60.5
3595,3727,Trisolide Phon II 41/43,,,,,True,25.3,28.8,36.8,47.3,45.4,57.4
3596,3728,Trisolide Phon II 41/45,,,,,True,25.2,27.9,36.9,46.0,48.4,63.1
3597,3729,Trisolide Phon II 41/47,,,,,True,25.6,27.7,37.9,45.7,46.8,62.8
3598,3730,Trisolide Phon II 42/47,,,,,True,24.8,31.3,38.3,43.1,47.7,58.0
3599,3731,Trisolide Phon II 42/47-B,,,,,True,24.2,28.1,38.1,49.1,49.9,62.3
3600,3732,Trisolide Phon II 42/48-B,,,,,True,22.7,28.6,39.4,52.4,54.8,62.2
3601,3733,Trisolide Phon II 42/49,,,,,True,26.4,33.4,39.9,40.7,44.6,61.0
3602,3734,Trisolide Phon II 42/51,,,,,True,25.7,28.1,39.9,46.3,45.9,61.7
3603,3735,Trisolide Phon II 42/51-B,,,,,True,23.1,31.4,39.5,43.4,44.5,62.7
3604,3736,Trisolide Phon II 43/51,,,,,True,30.1,31.2,40.3,44.3,49.3,70.1
3605,3737,Trisolide Phon II 44/50,,,,,True,25.2,31.6,42.3,55.3,61.1,65.5
3606,3738,Trisolide Phon II 45/49,,,,,True,29.4,32.0,40.7,48.4,49.4,61.4
3607,3739,Trisolide Phon II 45/51,,,,,True,28.5,32.2,41.5,49.3,54.3,63.6
3608,3740,Trisolide Phon II 45/65,,,,,True,34.7,36.8,41.3,42.1,53.9,70.8
3609,3741,Trisolide Phon II 46/52,,,,,True,29.1,33.3,43.3,50.1,55.4,64.1
3610,3742,Trisolide Phon S 41/42,,,,,True,22.7,30.7,38.2,49.5,51.1,58.9
3611,3743,Trisolide Phon S 45/47,,,,,True,27.8,33.7,41.7,48.8,49.3,58.6
3612,3744,Trisolide Phon S 49/51,,,,,True,30.4,36.5,45.4,54.5,57.9,64.1
3613,3745,"HSB element, 2x12.5mm fermacell - 240mm glaswol - 4mm composiet gevelbeplating",,,,,True,35.1,41.3,48.2,54.9,59.9,64.7
3614,3746,"HSB element, 12.5mm fermacell - 240mm glaswol - 4mm composiet gevelbeplating",,,,,True,34.0,40.6,48.1,54.9,56.4,61.5
3615,3747,"HSB element, 12.5mm fermacell - 240mm glaswol",,,,,True,34.3,42.6,47.4,49.8,47.4,49.3
3616,3748,Duco Glasvent AK,,,,,True,29.6,29.8,27.0,33.8,36.8,38.1
3617,3749,Duco Glasvent AK+,,,,,True,30.1,30.3,27.6,33.4,37.7,41.1
